<?xml version="1.0" encoding="UTF-8"?>
<gpx xmlns="http://www.topografix.com/GPX/1/1" xmlns:gpxtpx="http://www.garmin.com/xmlschemas/TrackPointExtension/v1" xmlns:xsi="http://www.w3.org/2001/XMLSchema-instance" xsi:schemaLocation="http://www.topografix.com/GPX/1/1 http://www.topografix.com/GPX/1/1/gpx.xsd" version="1.1" creator="gpx.py -- https://github.com/tkrajina/gpxpy">
  <trk>
    <name>gpx from keep</name>
    <type>Run</type>
    <trkseg>
      <trkpt lat="39.890295859328845" lon="116.34077246425562">
        <ele>42.1</ele>
        <time>2026-09-16T22:13:50.973000Z</time>
        <extensions>
          <gpxtpx:TrackPointExtension>
            <gpxtpx:hr>84</gpxtpx:hr>
          </gpxtpx:TrackPointExtension>
        </extensions>
      </trkpt>
      <trkpt lat="39.89028893088351" lon="116.34073255084712">
        <ele>42.1</ele>
        <time>2026-09-16T22:13:51.973000Z</time>
        <extensions>
          <gpxtpx:TrackPointExtension>
            <gpxtpx:hr>84</gpxtpx:hr>
          </gpxtpx:TrackPointExtension>
        </extensions>
      </trkpt>
      <trkpt lat="39.89028302735866" lon="116.34067866735408">
        <ele>42.1</ele>
        <time>2026-09-16T22:13:53.973000Z</time>
        <extensions>
          <gpxtpx:TrackPointExtension>
            <gpxtpx:hr>99</gpxtpx:hr>
          </gpxtpx:TrackPointExtension>
        </extensions>
      </trkpt>
      <trkpt lat="39.89028013621503" lon="116.34061779854763">
        <ele>42.1</ele>
        <time>2026-09-16T22:13:55.973000Z</time>
        <extensions>
          <gpxtpx:TrackPointExtension>
            <gpxtpx:hr>99</gpxtpx:hr>
          </gpxtpx:TrackPointExtension>
        </extensions>
      </trkpt>
      <trkpt lat="39.890280244985796" lon="116.34055692942687">
        <ele>42.5</ele>
        <time>2026-09-16T22:13:59.973000Z</time>
        <extensions>
          <gpxtpx:TrackPointExtension>
            <gpxtpx:hr>109</gpxtpx:hr>
          </gpxtpx:TrackPointExtension>
        </extensions>
      </trkpt>
      <trkpt lat="39.89029533348296" lon="116.34050703485757">
        <ele>42.5</ele>
        <time>2026-09-16T22:14:01.973000Z</time>
        <extensions>
          <gpxtpx:TrackPointExtension>
            <gpxtpx:hr>109</gpxtpx:hr>
          </gpxtpx:TrackPointExtension>
        </extensions>
      </trkpt>
      <trkpt lat="39.89032837477138" lon="116.34048308221945">
        <ele>42.6</ele>
        <time>2026-09-16T22:14:03.973000Z</time>
        <extensions>
          <gpxtpx:TrackPointExtension>
            <gpxtpx:hr>114</gpxtpx:hr>
          </gpxtpx:TrackPointExtension>
        </extensions>
      </trkpt>
      <trkpt lat="39.89037436191901" lon="116.34048906352272">
        <ele>42.6</ele>
        <time>2026-09-16T22:14:05.973000Z</time>
        <extensions>
          <gpxtpx:TrackPointExtension>
            <gpxtpx:hr>114</gpxtpx:hr>
          </gpxtpx:TrackPointExtension>
        </extensions>
      </trkpt>
      <trkpt lat="39.89042332929947" lon="116.34050602082965">
        <ele>42.4</ele>
        <time>2026-09-16T22:14:07.973000Z</time>
        <extensions>
          <gpxtpx:TrackPointExtension>
            <gpxtpx:hr>120</gpxtpx:hr>
          </gpxtpx:TrackPointExtension>
        </extensions>
      </trkpt>
      <trkpt lat="39.89046830935989" lon="116.3405159936742">
        <ele>42.4</ele>
        <time>2026-09-16T22:14:09.973000Z</time>
        <extensions>
          <gpxtpx:TrackPointExtension>
            <gpxtpx:hr>120</gpxtpx:hr>
          </gpxtpx:TrackPointExtension>
        </extensions>
      </trkpt>
      <trkpt lat="39.890513294774344" lon="116.34052297296046">
        <ele>42.4</ele>
        <time>2026-09-16T22:14:11.973000Z</time>
        <extensions>
          <gpxtpx:TrackPointExtension>
            <gpxtpx:hr>120</gpxtpx:hr>
          </gpxtpx:TrackPointExtension>
        </extensions>
      </trkpt>
      <trkpt lat="39.89055527854574" lon="116.34053095048004">
        <ele>43.0</ele>
        <time>2026-09-16T22:14:13.973000Z</time>
        <extensions>
          <gpxtpx:TrackPointExtension>
            <gpxtpx:hr>122</gpxtpx:hr>
          </gpxtpx:TrackPointExtension>
        </extensions>
      </trkpt>
      <trkpt lat="39.89059726053464" lon="116.34053992585432">
        <ele>43.0</ele>
        <time>2026-09-16T22:14:15.973000Z</time>
        <extensions>
          <gpxtpx:TrackPointExtension>
            <gpxtpx:hr>122</gpxtpx:hr>
          </gpxtpx:TrackPointExtension>
        </extensions>
      </trkpt>
      <trkpt lat="39.89063723369997" lon="116.3405538907517">
        <ele>42.5</ele>
        <time>2026-09-16T22:14:17.973000Z</time>
        <extensions>
          <gpxtpx:TrackPointExtension>
            <gpxtpx:hr>123</gpxtpx:hr>
          </gpxtpx:TrackPointExtension>
        </extensions>
      </trkpt>
      <trkpt lat="39.890669184057806" lon="116.34058082876801">
        <ele>42.5</ele>
        <time>2026-09-16T22:14:19.973000Z</time>
        <extensions>
          <gpxtpx:TrackPointExtension>
            <gpxtpx:hr>123</gpxtpx:hr>
          </gpxtpx:TrackPointExtension>
        </extensions>
      </trkpt>
      <trkpt lat="39.89068510308273" lon="116.34062573020778">
        <ele>42.5</ele>
        <time>2026-09-16T22:14:21.973000Z</time>
        <extensions>
          <gpxtpx:TrackPointExtension>
            <gpxtpx:hr>123</gpxtpx:hr>
          </gpxtpx:TrackPointExtension>
        </extensions>
      </trkpt>
      <trkpt lat="39.8906860032354" lon="116.34068160999409">
        <ele>42.5</ele>
        <time>2026-09-16T22:14:23.973000Z</time>
        <extensions>
          <gpxtpx:TrackPointExtension>
            <gpxtpx:hr>125</gpxtpx:hr>
          </gpxtpx:TrackPointExtension>
        </extensions>
      </trkpt>
      <trkpt lat="39.890680901932406" lon="116.34073848845051">
        <ele>42.5</ele>
        <time>2026-09-16T22:14:25.973000Z</time>
        <extensions>
          <gpxtpx:TrackPointExtension>
            <gpxtpx:hr>125</gpxtpx:hr>
          </gpxtpx:TrackPointExtension>
        </extensions>
      </trkpt>
      <trkpt lat="39.89067680597088" lon="116.34079237326338">
        <ele>42.9</ele>
        <time>2026-09-16T22:14:27.973000Z</time>
        <extensions>
          <gpxtpx:TrackPointExtension>
            <gpxtpx:hr>126</gpxtpx:hr>
          </gpxtpx:TrackPointExtension>
        </extensions>
      </trkpt>
      <trkpt lat="39.89068070612128" lon="116.34084825283446">
        <ele>42.9</ele>
        <time>2026-09-16T22:14:29.973000Z</time>
        <extensions>
          <gpxtpx:TrackPointExtension>
            <gpxtpx:hr>126</gpxtpx:hr>
          </gpxtpx:TrackPointExtension>
        </extensions>
      </trkpt>
      <trkpt lat="39.8906886007965" lon="116.34090712553538">
        <ele>42.9</ele>
        <time>2026-09-16T22:14:31.973000Z</time>
        <extensions>
          <gpxtpx:TrackPointExtension>
            <gpxtpx:hr>126</gpxtpx:hr>
          </gpxtpx:TrackPointExtension>
        </extensions>
      </trkpt>
      <trkpt lat="39.89069749369924" lon="116.34096699603258">
        <ele>42.8</ele>
        <time>2026-09-16T22:14:33.973000Z</time>
        <extensions>
          <gpxtpx:TrackPointExtension>
            <gpxtpx:hr>127</gpxtpx:hr>
          </gpxtpx:TrackPointExtension>
        </extensions>
      </trkpt>
      <trkpt lat="39.890703392125126" lon="116.34102387338635">
        <ele>42.8</ele>
        <time>2026-09-16T22:14:35.973000Z</time>
        <extensions>
          <gpxtpx:TrackPointExtension>
            <gpxtpx:hr>127</gpxtpx:hr>
          </gpxtpx:TrackPointExtension>
        </extensions>
      </trkpt>
      <trkpt lat="39.890704294383866" lon="116.34107875570366">
        <ele>42.8</ele>
        <time>2026-09-16T22:14:37.973000Z</time>
        <extensions>
          <gpxtpx:TrackPointExtension>
            <gpxtpx:hr>127</gpxtpx:hr>
          </gpxtpx:TrackPointExtension>
        </extensions>
      </trkpt>
      <trkpt lat="39.89070520556319" lon="116.34112864875478">
        <ele>42.8</ele>
        <time>2026-09-16T22:14:39.973000Z</time>
        <extensions>
          <gpxtpx:TrackPointExtension>
            <gpxtpx:hr>127</gpxtpx:hr>
          </gpxtpx:TrackPointExtension>
        </extensions>
      </trkpt>
      <trkpt lat="39.89070712028218" lon="116.34117654599454">
        <ele>42.8</ele>
        <time>2026-09-16T22:14:41.973000Z</time>
        <extensions>
          <gpxtpx:TrackPointExtension>
            <gpxtpx:hr>127</gpxtpx:hr>
          </gpxtpx:TrackPointExtension>
        </extensions>
      </trkpt>
      <trkpt lat="39.89070803330867" lon="116.3412254412678">
        <ele>42.8</ele>
        <time>2026-09-16T22:14:43.973000Z</time>
        <extensions>
          <gpxtpx:TrackPointExtension>
            <gpxtpx:hr>128</gpxtpx:hr>
          </gpxtpx:TrackPointExtension>
        </extensions>
      </trkpt>
      <trkpt lat="39.89070994455189" lon="116.34127533432452">
        <ele>42.8</ele>
        <time>2026-09-16T22:14:45.973000Z</time>
        <extensions>
          <gpxtpx:TrackPointExtension>
            <gpxtpx:hr>128</gpxtpx:hr>
          </gpxtpx:TrackPointExtension>
        </extensions>
      </trkpt>
      <trkpt lat="39.890707850702675" lon="116.34132822153468">
        <ele>43.0</ele>
        <time>2026-09-16T22:14:47.973000Z</time>
        <extensions>
          <gpxtpx:TrackPointExtension>
            <gpxtpx:hr>129</gpxtpx:hr>
          </gpxtpx:TrackPointExtension>
        </extensions>
      </trkpt>
      <trkpt lat="39.890706760392064" lon="116.34137911293223">
        <ele>43.0</ele>
        <time>2026-09-16T22:14:49.973000Z</time>
        <extensions>
          <gpxtpx:TrackPointExtension>
            <gpxtpx:hr>129</gpxtpx:hr>
          </gpxtpx:TrackPointExtension>
        </extensions>
      </trkpt>
      <trkpt lat="39.89070466662641" lon="116.34143200024235">
        <ele>43.0</ele>
        <time>2026-09-16T22:14:51.973000Z</time>
        <extensions>
          <gpxtpx:TrackPointExtension>
            <gpxtpx:hr>129</gpxtpx:hr>
          </gpxtpx:TrackPointExtension>
        </extensions>
      </trkpt>
      <trkpt lat="39.89070356931758" lon="116.3414868832182">
        <ele>43.1</ele>
        <time>2026-09-16T22:14:53.973000Z</time>
        <extensions>
          <gpxtpx:TrackPointExtension>
            <gpxtpx:hr>129</gpxtpx:hr>
          </gpxtpx:TrackPointExtension>
        </extensions>
      </trkpt>
      <trkpt lat="39.890704470192986" lon="116.34154276386798">
        <ele>43.1</ele>
        <time>2026-09-16T22:14:55.973000Z</time>
        <extensions>
          <gpxtpx:TrackPointExtension>
            <gpxtpx:hr>129</gpxtpx:hr>
          </gpxtpx:TrackPointExtension>
        </extensions>
      </trkpt>
      <trkpt lat="39.89070637106984" lon="116.34159864444882">
        <ele>43.1</ele>
        <time>2026-09-16T22:14:57.973000Z</time>
        <extensions>
          <gpxtpx:TrackPointExtension>
            <gpxtpx:hr>129</gpxtpx:hr>
          </gpxtpx:TrackPointExtension>
        </extensions>
      </trkpt>
      <trkpt lat="39.890709271948275" lon="116.34165452496087">
        <ele>43.1</ele>
        <time>2026-09-16T22:14:59.973000Z</time>
        <extensions>
          <gpxtpx:TrackPointExtension>
            <gpxtpx:hr>129</gpxtpx:hr>
          </gpxtpx:TrackPointExtension>
        </extensions>
      </trkpt>
      <trkpt lat="39.890710167669404" lon="116.34171339940744">
        <ele>43.1</ele>
        <time>2026-09-16T22:15:01.973000Z</time>
        <extensions>
          <gpxtpx:TrackPointExtension>
            <gpxtpx:hr>129</gpxtpx:hr>
          </gpxtpx:TrackPointExtension>
        </extensions>
      </trkpt>
      <trkpt lat="39.890709063537344" lon="116.34177227417116">
        <ele>43.1</ele>
        <time>2026-09-16T22:15:03.973000Z</time>
        <extensions>
          <gpxtpx:TrackPointExtension>
            <gpxtpx:hr>128</gpxtpx:hr>
          </gpxtpx:TrackPointExtension>
        </extensions>
      </trkpt>
      <trkpt lat="39.89070395788099" lon="116.34183214738195">
        <ele>43.1</ele>
        <time>2026-09-16T22:15:05.973000Z</time>
        <extensions>
          <gpxtpx:TrackPointExtension>
            <gpxtpx:hr>128</gpxtpx:hr>
          </gpxtpx:TrackPointExtension>
        </extensions>
      </trkpt>
      <trkpt lat="39.89069985576084" lon="116.34189002477738">
        <ele>43.1</ele>
        <time>2026-09-16T22:15:07.973000Z</time>
        <extensions>
          <gpxtpx:TrackPointExtension>
            <gpxtpx:hr>128</gpxtpx:hr>
          </gpxtpx:TrackPointExtension>
        </extensions>
      </trkpt>
      <trkpt lat="39.890696755409074" lon="116.34194690423017">
        <ele>43.3</ele>
        <time>2026-09-16T22:15:09.973000Z</time>
        <extensions>
          <gpxtpx:TrackPointExtension>
            <gpxtpx:hr>128</gpxtpx:hr>
          </gpxtpx:TrackPointExtension>
        </extensions>
      </trkpt>
      <trkpt lat="39.89069466210829" lon="116.34199979209718">
        <ele>43.3</ele>
        <time>2026-09-16T22:15:11.973000Z</time>
        <extensions>
          <gpxtpx:TrackPointExtension>
            <gpxtpx:hr>128</gpxtpx:hr>
          </gpxtpx:TrackPointExtension>
        </extensions>
      </trkpt>
      <trkpt lat="39.89068555861218" lon="116.34205866818822">
        <ele>44.2</ele>
        <time>2026-09-16T22:15:13.973000Z</time>
        <extensions>
          <gpxtpx:TrackPointExtension>
            <gpxtpx:hr>128</gpxtpx:hr>
          </gpxtpx:TrackPointExtension>
        </extensions>
      </trkpt>
      <trkpt lat="39.89066347865572" lon="116.34210457352086">
        <ele>44.2</ele>
        <time>2026-09-16T22:15:17.973000Z</time>
      </trkpt>
      <trkpt lat="39.89062943624148" lon="116.34212952487472">
        <ele>43.5</ele>
        <time>2026-09-16T22:15:19.973000Z</time>
      </trkpt>
      <trkpt lat="39.89066747183461" lon="116.34324815815653">
        <ele>43.3</ele>
        <time>2026-09-16T22:17:49.973000Z</time>
        <extensions>
          <gpxtpx:TrackPointExtension>
            <gpxtpx:hr>111</gpxtpx:hr>
          </gpxtpx:TrackPointExtension>
        </extensions>
      </trkpt>
      <trkpt lat="39.89061346215835" lon="116.34325515031543">
        <ele>43.3</ele>
        <time>2026-09-16T22:17:51.973000Z</time>
        <extensions>
          <gpxtpx:TrackPointExtension>
            <gpxtpx:hr>111</gpxtpx:hr>
          </gpxtpx:TrackPointExtension>
        </extensions>
      </trkpt>
      <trkpt lat="39.890553461469906" lon="116.34325715371159">
        <ele>38.4</ele>
        <time>2026-09-16T22:17:53.973000Z</time>
        <extensions>
          <gpxtpx:TrackPointExtension>
            <gpxtpx:hr>120</gpxtpx:hr>
          </gpxtpx:TrackPointExtension>
        </extensions>
      </trkpt>
      <trkpt lat="39.89049346948947" lon="116.3432541675857">
        <ele>38.1</ele>
        <time>2026-09-16T22:17:57.973000Z</time>
        <extensions>
          <gpxtpx:TrackPointExtension>
            <gpxtpx:hr>120</gpxtpx:hr>
          </gpxtpx:TrackPointExtension>
        </extensions>
      </trkpt>
      <trkpt lat="39.89043848772635" lon="116.34324519340208">
        <ele>38.1</ele>
        <time>2026-09-16T22:17:59.973000Z</time>
        <extensions>
          <gpxtpx:TrackPointExtension>
            <gpxtpx:hr>124</gpxtpx:hr>
          </gpxtpx:TrackPointExtension>
        </extensions>
      </trkpt>
      <trkpt lat="39.890386498858454" lon="116.34324021045694">
        <ele>38.1</ele>
        <time>2026-09-16T22:18:01.973000Z</time>
        <extensions>
          <gpxtpx:TrackPointExtension>
            <gpxtpx:hr>124</gpxtpx:hr>
          </gpxtpx:TrackPointExtension>
        </extensions>
      </trkpt>
      <trkpt lat="39.890330508436335" lon="116.34323622592211">
        <ele>38.6</ele>
        <time>2026-09-16T22:18:03.973000Z</time>
        <extensions>
          <gpxtpx:TrackPointExtension>
            <gpxtpx:hr>126</gpxtpx:hr>
          </gpxtpx:TrackPointExtension>
        </extensions>
      </trkpt>
      <trkpt lat="39.89027751961709" lon="116.34323124310426">
        <ele>38.6</ele>
        <time>2026-09-16T22:18:05.973000Z</time>
        <extensions>
          <gpxtpx:TrackPointExtension>
            <gpxtpx:hr>126</gpxtpx:hr>
          </gpxtpx:TrackPointExtension>
        </extensions>
      </trkpt>
      <trkpt lat="39.89023053574484" lon="116.34322326581675">
        <ele>38.8</ele>
        <time>2026-09-16T22:18:07.973000Z</time>
        <extensions>
          <gpxtpx:TrackPointExtension>
            <gpxtpx:hr>126</gpxtpx:hr>
          </gpxtpx:TrackPointExtension>
        </extensions>
      </trkpt>
      <trkpt lat="39.89018954462584" lon="116.34321927938639">
        <ele>38.8</ele>
        <time>2026-09-16T22:18:09.973000Z</time>
        <extensions>
          <gpxtpx:TrackPointExtension>
            <gpxtpx:hr>125</gpxtpx:hr>
          </gpxtpx:TrackPointExtension>
        </extensions>
      </trkpt>
      <trkpt lat="39.89015055167204" lon="116.34321629060705">
        <ele>38.8</ele>
        <time>2026-09-16T22:18:11.973000Z</time>
        <extensions>
          <gpxtpx:TrackPointExtension>
            <gpxtpx:hr>125</gpxtpx:hr>
          </gpxtpx:TrackPointExtension>
        </extensions>
      </trkpt>
      <trkpt lat="39.890105557256675" lon="116.34321430049016">
        <ele>38.8</ele>
        <time>2026-09-16T22:18:13.973000Z</time>
        <extensions>
          <gpxtpx:TrackPointExtension>
            <gpxtpx:hr>129</gpxtpx:hr>
          </gpxtpx:TrackPointExtension>
        </extensions>
      </trkpt>
      <trkpt lat="39.89005356839524" lon="116.3432093175479">
        <ele>38.8</ele>
        <time>2026-09-16T22:18:15.973000Z</time>
        <extensions>
          <gpxtpx:TrackPointExtension>
            <gpxtpx:hr>129</gpxtpx:hr>
          </gpxtpx:TrackPointExtension>
        </extensions>
      </trkpt>
      <trkpt lat="39.8899945763772" lon="116.34320633129812">
        <ele>38.7</ele>
        <time>2026-09-16T22:18:17.973000Z</time>
        <extensions>
          <gpxtpx:TrackPointExtension>
            <gpxtpx:hr>129</gpxtpx:hr>
          </gpxtpx:TrackPointExtension>
        </extensions>
      </trkpt>
      <trkpt lat="39.889937586008976" lon="116.34320234689221">
        <ele>38.7</ele>
        <time>2026-09-16T22:18:19.973000Z</time>
        <extensions>
          <gpxtpx:TrackPointExtension>
            <gpxtpx:hr>130</gpxtpx:hr>
          </gpxtpx:TrackPointExtension>
        </extensions>
      </trkpt>
      <trkpt lat="39.88988259032117" lon="116.34320135594362">
        <ele>38.7</ele>
        <time>2026-09-16T22:18:21.973000Z</time>
        <extensions>
          <gpxtpx:TrackPointExtension>
            <gpxtpx:hr>130</gpxtpx:hr>
          </gpxtpx:TrackPointExtension>
        </extensions>
      </trkpt>
      <trkpt lat="39.88982859284497" lon="116.34320136277191">
        <ele>38.6</ele>
        <time>2026-09-16T22:18:23.973000Z</time>
        <extensions>
          <gpxtpx:TrackPointExtension>
            <gpxtpx:hr>123</gpxtpx:hr>
          </gpxtpx:TrackPointExtension>
        </extensions>
      </trkpt>
      <trkpt lat="39.88977359193153" lon="116.34320336553338">
        <ele>38.6</ele>
        <time>2026-09-16T22:18:25.973000Z</time>
        <extensions>
          <gpxtpx:TrackPointExtension>
            <gpxtpx:hr>123</gpxtpx:hr>
          </gpxtpx:TrackPointExtension>
        </extensions>
      </trkpt>
      <trkpt lat="39.88971859276113" lon="116.34320437039149">
        <ele>38.7</ele>
        <time>2026-09-16T22:18:27.973000Z</time>
        <extensions>
          <gpxtpx:TrackPointExtension>
            <gpxtpx:hr>123</gpxtpx:hr>
          </gpxtpx:TrackPointExtension>
        </extensions>
      </trkpt>
      <trkpt lat="39.889665595240146" lon="116.34320437709329">
        <ele>38.7</ele>
        <time>2026-09-16T22:18:29.973000Z</time>
        <extensions>
          <gpxtpx:TrackPointExtension>
            <gpxtpx:hr>129</gpxtpx:hr>
          </gpxtpx:TrackPointExtension>
        </extensions>
      </trkpt>
      <trkpt lat="39.88961359593072" lon="116.34320538157205">
        <ele>38.7</ele>
        <time>2026-09-16T22:18:31.973000Z</time>
        <extensions>
          <gpxtpx:TrackPointExtension>
            <gpxtpx:hr>129</gpxtpx:hr>
          </gpxtpx:TrackPointExtension>
        </extensions>
      </trkpt>
      <trkpt lat="39.88956459996607" lon="116.34320438986461">
        <ele>38.7</ele>
        <time>2026-09-16T22:18:33.973000Z</time>
        <extensions>
          <gpxtpx:TrackPointExtension>
            <gpxtpx:hr>131</gpxtpx:hr>
          </gpxtpx:TrackPointExtension>
        </extensions>
      </trkpt>
      <trkpt lat="39.88951460927581" lon="116.34320040457352">
        <ele>38.7</ele>
        <time>2026-09-16T22:18:35.973000Z</time>
        <extensions>
          <gpxtpx:TrackPointExtension>
            <gpxtpx:hr>131</gpxtpx:hr>
          </gpxtpx:TrackPointExtension>
        </extensions>
      </trkpt>
      <trkpt lat="39.88946762367326" lon="116.34319342519372">
        <ele>38.8</ele>
        <time>2026-09-16T22:18:37.973000Z</time>
        <extensions>
          <gpxtpx:TrackPointExtension>
            <gpxtpx:hr>131</gpxtpx:hr>
          </gpxtpx:TrackPointExtension>
        </extensions>
      </trkpt>
      <trkpt lat="39.88942363444636" lon="116.34318844124168">
        <ele>38.8</ele>
        <time>2026-09-16T22:18:39.973000Z</time>
        <extensions>
          <gpxtpx:TrackPointExtension>
            <gpxtpx:hr>132</gpxtpx:hr>
          </gpxtpx:TrackPointExtension>
        </extensions>
      </trkpt>
      <trkpt lat="39.88938063994562" lon="116.34318645087275">
        <ele>38.8</ele>
        <time>2026-09-16T22:18:41.973000Z</time>
        <extensions>
          <gpxtpx:TrackPointExtension>
            <gpxtpx:hr>132</gpxtpx:hr>
          </gpxtpx:TrackPointExtension>
        </extensions>
      </trkpt>
      <trkpt lat="39.88933564553907" lon="116.34318446075676">
        <ele>38.7</ele>
        <time>2026-09-16T22:18:43.973000Z</time>
        <extensions>
          <gpxtpx:TrackPointExtension>
            <gpxtpx:hr>133</gpxtpx:hr>
          </gpxtpx:TrackPointExtension>
        </extensions>
      </trkpt>
      <trkpt lat="39.889286653063174" lon="116.34318147324366">
        <ele>38.7</ele>
        <time>2026-09-16T22:18:45.973000Z</time>
        <extensions>
          <gpxtpx:TrackPointExtension>
            <gpxtpx:hr>133</gpxtpx:hr>
          </gpxtpx:TrackPointExtension>
        </extensions>
      </trkpt>
      <trkpt lat="39.889234662471345" lon="116.34317748820715">
        <ele>38.9</ele>
        <time>2026-09-16T22:18:47.973000Z</time>
        <extensions>
          <gpxtpx:TrackPointExtension>
            <gpxtpx:hr>133</gpxtpx:hr>
          </gpxtpx:TrackPointExtension>
        </extensions>
      </trkpt>
      <trkpt lat="39.889183668347926" lon="116.34317549885016">
        <ele>38.9</ele>
        <time>2026-09-16T22:18:49.973000Z</time>
        <extensions>
          <gpxtpx:TrackPointExtension>
            <gpxtpx:hr>136</gpxtpx:hr>
          </gpxtpx:TrackPointExtension>
        </extensions>
      </trkpt>
      <trkpt lat="39.88913367592107" lon="116.34317251146396">
        <ele>38.9</ele>
        <time>2026-09-16T22:18:51.973000Z</time>
        <extensions>
          <gpxtpx:TrackPointExtension>
            <gpxtpx:hr>136</gpxtpx:hr>
          </gpxtpx:TrackPointExtension>
        </extensions>
      </trkpt>
      <trkpt lat="39.889085679915404" lon="116.34317151963053">
        <ele>39.0</ele>
        <time>2026-09-16T22:18:53.973000Z</time>
        <extensions>
          <gpxtpx:TrackPointExtension>
            <gpxtpx:hr>136</gpxtpx:hr>
          </gpxtpx:TrackPointExtension>
        </extensions>
      </trkpt>
      <trkpt lat="39.889038689092" lon="116.3431675339625">
        <ele>39.0</ele>
        <time>2026-09-16T22:18:55.973000Z</time>
        <extensions>
          <gpxtpx:TrackPointExtension>
            <gpxtpx:hr>136</gpxtpx:hr>
          </gpxtpx:TrackPointExtension>
        </extensions>
      </trkpt>
      <trkpt lat="39.88899169478344" lon="116.34316554410003">
        <ele>38.8</ele>
        <time>2026-09-16T22:18:57.973000Z</time>
        <extensions>
          <gpxtpx:TrackPointExtension>
            <gpxtpx:hr>136</gpxtpx:hr>
          </gpxtpx:TrackPointExtension>
        </extensions>
      </trkpt>
      <trkpt lat="39.88894370400839" lon="116.34316155855888">
        <ele>38.8</ele>
        <time>2026-09-16T22:18:59.973000Z</time>
        <extensions>
          <gpxtpx:TrackPointExtension>
            <gpxtpx:hr>136</gpxtpx:hr>
          </gpxtpx:TrackPointExtension>
        </extensions>
      </trkpt>
      <trkpt lat="39.88889571323413" lon="116.34315757301803">
        <ele>38.8</ele>
        <time>2026-09-16T22:19:01.973000Z</time>
        <extensions>
          <gpxtpx:TrackPointExtension>
            <gpxtpx:hr>136</gpxtpx:hr>
          </gpxtpx:TrackPointExtension>
        </extensions>
      </trkpt>
      <trkpt lat="39.888846717278284" lon="116.34315658131125">
        <ele>38.7</ele>
        <time>2026-09-16T22:19:03.973000Z</time>
        <extensions>
          <gpxtpx:TrackPointExtension>
            <gpxtpx:hr>138</gpxtpx:hr>
          </gpxtpx:TrackPointExtension>
        </extensions>
      </trkpt>
      <trkpt lat="39.88879871604678" lon="116.3431585831855">
        <ele>38.7</ele>
        <time>2026-09-16T22:19:05.973000Z</time>
        <extensions>
          <gpxtpx:TrackPointExtension>
            <gpxtpx:hr>138</gpxtpx:hr>
          </gpxtpx:TrackPointExtension>
        </extensions>
      </trkpt>
      <trkpt lat="39.8887537129319" lon="116.34316158258306">
        <ele>38.7</ele>
        <time>2026-09-16T22:19:07.973000Z</time>
        <extensions>
          <gpxtpx:TrackPointExtension>
            <gpxtpx:hr>138</gpxtpx:hr>
          </gpxtpx:TrackPointExtension>
        </extensions>
      </trkpt>
      <trkpt lat="39.888709713256574" lon="116.34316258604912">
        <ele>38.7</ele>
        <time>2026-09-16T22:19:09.973000Z</time>
        <extensions>
          <gpxtpx:TrackPointExtension>
            <gpxtpx:hr>141</gpxtpx:hr>
          </gpxtpx:TrackPointExtension>
        </extensions>
      </trkpt>
      <trkpt lat="39.888666713534704" lon="116.34316358938875">
        <ele>38.7</ele>
        <time>2026-09-16T22:19:11.973000Z</time>
        <extensions>
          <gpxtpx:TrackPointExtension>
            <gpxtpx:hr>141</gpxtpx:hr>
          </gpxtpx:TrackPointExtension>
        </extensions>
      </trkpt>
      <trkpt lat="39.88861971574431" lon="116.34316359533153">
        <ele>38.9</ele>
        <time>2026-09-16T22:19:13.973000Z</time>
        <extensions>
          <gpxtpx:TrackPointExtension>
            <gpxtpx:hr>141</gpxtpx:hr>
          </gpxtpx:TrackPointExtension>
        </extensions>
      </trkpt>
      <trkpt lat="39.88857071630552" lon="116.3431645994298">
        <ele>38.9</ele>
        <time>2026-09-16T22:19:15.973000Z</time>
        <extensions>
          <gpxtpx:TrackPointExtension>
            <gpxtpx:hr>141</gpxtpx:hr>
          </gpxtpx:TrackPointExtension>
        </extensions>
      </trkpt>
      <trkpt lat="39.888523716773214" lon="116.34316560327521">
        <ele>38.9</ele>
        <time>2026-09-16T22:19:17.973000Z</time>
        <extensions>
          <gpxtpx:TrackPointExtension>
            <gpxtpx:hr>141</gpxtpx:hr>
          </gpxtpx:TrackPointExtension>
        </extensions>
      </trkpt>
      <trkpt lat="39.88847671724144" lon="116.34316660712062">
        <ele>38.9</ele>
        <time>2026-09-16T22:19:19.973000Z</time>
        <extensions>
          <gpxtpx:TrackPointExtension>
            <gpxtpx:hr>138</gpxtpx:hr>
          </gpxtpx:TrackPointExtension>
        </extensions>
      </trkpt>
      <trkpt lat="39.88843272105485" lon="116.34316561478136">
        <ele>38.9</ele>
        <time>2026-09-16T22:19:21.973000Z</time>
        <extensions>
          <gpxtpx:TrackPointExtension>
            <gpxtpx:hr>138</gpxtpx:hr>
          </gpxtpx:TrackPointExtension>
        </extensions>
      </trkpt>
      <trkpt lat="39.88838972656461" lon="116.34316362441301">
        <ele>38.8</ele>
        <time>2026-09-16T22:19:23.973000Z</time>
        <extensions>
          <gpxtpx:TrackPointExtension>
            <gpxtpx:hr>140</gpxtpx:hr>
          </gpxtpx:TrackPointExtension>
        </extensions>
      </trkpt>
      <trkpt lat="39.88835073014354" lon="116.34316263144154">
        <ele>38.8</ele>
        <time>2026-09-16T22:19:25.973000Z</time>
        <extensions>
          <gpxtpx:TrackPointExtension>
            <gpxtpx:hr>140</gpxtpx:hr>
          </gpxtpx:TrackPointExtension>
        </extensions>
      </trkpt>
      <trkpt lat="39.888312733675754" lon="116.34316163834367">
        <ele>38.8</ele>
        <time>2026-09-16T22:19:27.973000Z</time>
        <extensions>
          <gpxtpx:TrackPointExtension>
            <gpxtpx:hr>140</gpxtpx:hr>
          </gpxtpx:TrackPointExtension>
        </extensions>
      </trkpt>
      <trkpt lat="39.88827573367521" lon="116.34316264092456">
        <ele>38.7</ele>
        <time>2026-09-16T22:19:29.973000Z</time>
        <extensions>
          <gpxtpx:TrackPointExtension>
            <gpxtpx:hr>139</gpxtpx:hr>
          </gpxtpx:TrackPointExtension>
        </extensions>
      </trkpt>
      <trkpt lat="39.88823473386342" lon="116.34316364401123">
        <ele>38.7</ele>
        <time>2026-09-16T22:19:31.973000Z</time>
        <extensions>
          <gpxtpx:TrackPointExtension>
            <gpxtpx:hr>139</gpxtpx:hr>
          </gpxtpx:TrackPointExtension>
        </extensions>
      </trkpt>
      <trkpt lat="39.888192728870365" lon="116.34316764093239">
        <ele>38.5</ele>
        <time>2026-09-16T22:19:33.973000Z</time>
        <extensions>
          <gpxtpx:TrackPointExtension>
            <gpxtpx:hr>139</gpxtpx:hr>
          </gpxtpx:TrackPointExtension>
        </extensions>
      </trkpt>
      <trkpt lat="39.888146720580835" lon="116.34317363416527">
        <ele>38.5</ele>
        <time>2026-09-16T22:19:35.973000Z</time>
        <extensions>
          <gpxtpx:TrackPointExtension>
            <gpxtpx:hr>138</gpxtpx:hr>
          </gpxtpx:TrackPointExtension>
        </extensions>
      </trkpt>
      <trkpt lat="39.88809870890128" lon="116.34318162345772">
        <ele>38.5</ele>
        <time>2026-09-16T22:19:37.973000Z</time>
        <extensions>
          <gpxtpx:TrackPointExtension>
            <gpxtpx:hr>138</gpxtpx:hr>
          </gpxtpx:TrackPointExtension>
        </extensions>
      </trkpt>
      <trkpt lat="39.88800271865574" lon="116.34317864188698">
        <ele>38.4</ele>
        <time>2026-09-16T22:19:39.973000Z</time>
        <extensions>
          <gpxtpx:TrackPointExtension>
            <gpxtpx:hr>140</gpxtpx:hr>
          </gpxtpx:TrackPointExtension>
        </extensions>
      </trkpt>
      <trkpt lat="39.88790873877506" lon="116.34316967264651">
        <ele>38.4</ele>
        <time>2026-09-16T22:19:41.973000Z</time>
        <extensions>
          <gpxtpx:TrackPointExtension>
            <gpxtpx:hr>140</gpxtpx:hr>
          </gpxtpx:TrackPointExtension>
        </extensions>
      </trkpt>
      <trkpt lat="39.88781876393809" lon="116.34315770919412">
        <ele>38.4</ele>
        <time>2026-09-16T22:19:45.973000Z</time>
        <extensions>
          <gpxtpx:TrackPointExtension>
            <gpxtpx:hr>139</gpxtpx:hr>
          </gpxtpx:TrackPointExtension>
        </extensions>
      </trkpt>
      <trkpt lat="39.88777377477805" lon="116.34315272537138">
        <ele>38.4</ele>
        <time>2026-09-16T22:19:47.973000Z</time>
        <extensions>
          <gpxtpx:TrackPointExtension>
            <gpxtpx:hr>139</gpxtpx:hr>
          </gpxtpx:TrackPointExtension>
        </extensions>
      </trkpt>
      <trkpt lat="39.88772777869328" lon="116.34315173328504">
        <ele>38.7</ele>
        <time>2026-09-16T22:19:49.973000Z</time>
        <extensions>
          <gpxtpx:TrackPointExtension>
            <gpxtpx:hr>141</gpxtpx:hr>
          </gpxtpx:TrackPointExtension>
        </extensions>
      </trkpt>
      <trkpt lat="39.88767978270351" lon="116.34315074145157">
        <ele>38.7</ele>
        <time>2026-09-16T22:19:51.973000Z</time>
        <extensions>
          <gpxtpx:TrackPointExtension>
            <gpxtpx:hr>141</gpxtpx:hr>
          </gpxtpx:TrackPointExtension>
        </extensions>
      </trkpt>
      <trkpt lat="39.88763078501834" lon="116.34315074764694">
        <ele>38.6</ele>
        <time>2026-09-16T22:19:53.973000Z</time>
        <extensions>
          <gpxtpx:TrackPointExtension>
            <gpxtpx:hr>141</gpxtpx:hr>
          </gpxtpx:TrackPointExtension>
        </extensions>
      </trkpt>
      <trkpt lat="39.88758078738099" lon="116.34315075396873">
        <ele>38.6</ele>
        <time>2026-09-16T22:19:55.973000Z</time>
        <extensions>
          <gpxtpx:TrackPointExtension>
            <gpxtpx:hr>142</gpxtpx:hr>
          </gpxtpx:TrackPointExtension>
        </extensions>
      </trkpt>
      <trkpt lat="39.88752879332517" lon="116.34314876473861">
        <ele>38.6</ele>
        <time>2026-09-16T22:19:57.973000Z</time>
        <extensions>
          <gpxtpx:TrackPointExtension>
            <gpxtpx:hr>142</gpxtpx:hr>
          </gpxtpx:TrackPointExtension>
        </extensions>
      </trkpt>
      <trkpt lat="39.8874787922026" lon="116.34315076686514">
        <ele>38.6</ele>
        <time>2026-09-16T22:19:59.973000Z</time>
        <extensions>
          <gpxtpx:TrackPointExtension>
            <gpxtpx:hr>143</gpxtpx:hr>
          </gpxtpx:TrackPointExtension>
        </extensions>
      </trkpt>
      <trkpt lat="39.88743179442513" lon="116.34315077280758">
        <ele>38.6</ele>
        <time>2026-09-16T22:20:01.973000Z</time>
        <extensions>
          <gpxtpx:TrackPointExtension>
            <gpxtpx:hr>143</gpxtpx:hr>
          </gpxtpx:TrackPointExtension>
        </extensions>
      </trkpt>
      <trkpt lat="39.8873857913714" lon="116.34315377233088">
        <ele>38.9</ele>
        <time>2026-09-16T22:20:03.973000Z</time>
        <extensions>
          <gpxtpx:TrackPointExtension>
            <gpxtpx:hr>144</gpxtpx:hr>
          </gpxtpx:TrackPointExtension>
        </extensions>
      </trkpt>
      <trkpt lat="39.887339793547646" lon="116.34315377814687">
        <ele>38.9</ele>
        <time>2026-09-16T22:20:05.973000Z</time>
        <extensions>
          <gpxtpx:TrackPointExtension>
            <gpxtpx:hr>144</gpxtpx:hr>
          </gpxtpx:TrackPointExtension>
        </extensions>
      </trkpt>
      <trkpt lat="39.8872917905897" lon="116.3431567779232">
        <ele>38.9</ele>
        <time>2026-09-16T22:20:07.973000Z</time>
        <extensions>
          <gpxtpx:TrackPointExtension>
            <gpxtpx:hr>144</gpxtpx:hr>
          </gpxtpx:TrackPointExtension>
        </extensions>
      </trkpt>
      <trkpt lat="39.887241791213235" lon="116.34315778214746">
        <ele>38.7</ele>
        <time>2026-09-16T22:20:09.973000Z</time>
        <extensions>
          <gpxtpx:TrackPointExtension>
            <gpxtpx:hr>144</gpxtpx:hr>
          </gpxtpx:TrackPointExtension>
        </extensions>
      </trkpt>
      <trkpt lat="39.887189791932066" lon="116.34315878662457">
        <ele>38.7</ele>
        <time>2026-09-16T22:20:11.973000Z</time>
        <extensions>
          <gpxtpx:TrackPointExtension>
            <gpxtpx:hr>144</gpxtpx:hr>
          </gpxtpx:TrackPointExtension>
        </extensions>
      </trkpt>
      <trkpt lat="39.88713779265155" lon="116.3431597911017">
        <ele>38.6</ele>
        <time>2026-09-16T22:20:13.973000Z</time>
        <extensions>
          <gpxtpx:TrackPointExtension>
            <gpxtpx:hr>144</gpxtpx:hr>
          </gpxtpx:TrackPointExtension>
        </extensions>
      </trkpt>
      <trkpt lat="39.88708879671563" lon="116.34315879939435">
        <ele>38.6</ele>
        <time>2026-09-16T22:20:15.973000Z</time>
        <extensions>
          <gpxtpx:TrackPointExtension>
            <gpxtpx:hr>144</gpxtpx:hr>
          </gpxtpx:TrackPointExtension>
        </extensions>
      </trkpt>
      <trkpt lat="39.88703980426648" lon="116.34315581188193">
        <ele>38.6</ele>
        <time>2026-09-16T22:20:17.973000Z</time>
        <extensions>
          <gpxtpx:TrackPointExtension>
            <gpxtpx:hr>144</gpxtpx:hr>
          </gpxtpx:TrackPointExtension>
        </extensions>
      </trkpt>
      <trkpt lat="39.88698981535177" lon="116.34315082869122">
        <ele>38.7</ele>
        <time>2026-09-16T22:20:19.973000Z</time>
        <extensions>
          <gpxtpx:TrackPointExtension>
            <gpxtpx:hr>145</gpxtpx:hr>
          </gpxtpx:TrackPointExtension>
        </extensions>
      </trkpt>
      <trkpt lat="39.88693882474221" lon="116.34314684352977">
        <ele>38.7</ele>
        <time>2026-09-16T22:20:21.973000Z</time>
        <extensions>
          <gpxtpx:TrackPointExtension>
            <gpxtpx:hr>145</gpxtpx:hr>
          </gpxtpx:TrackPointExtension>
        </extensions>
      </trkpt>
      <trkpt lat="39.88689183220053" lon="116.34314385576512">
        <ele>38.5</ele>
        <time>2026-09-16T22:20:23.973000Z</time>
        <extensions>
          <gpxtpx:TrackPointExtension>
            <gpxtpx:hr>145</gpxtpx:hr>
          </gpxtpx:TrackPointExtension>
        </extensions>
      </trkpt>
      <trkpt lat="39.88684883423982" lon="116.34314386120167">
        <ele>38.5</ele>
        <time>2026-09-16T22:20:25.973000Z</time>
        <extensions>
          <gpxtpx:TrackPointExtension>
            <gpxtpx:hr>144</gpxtpx:hr>
          </gpxtpx:TrackPointExtension>
        </extensions>
      </trkpt>
      <trkpt lat="39.88680583627955" lon="116.34314386663821">
        <ele>38.5</ele>
        <time>2026-09-16T22:20:27.973000Z</time>
        <extensions>
          <gpxtpx:TrackPointExtension>
            <gpxtpx:hr>144</gpxtpx:hr>
          </gpxtpx:TrackPointExtension>
        </extensions>
      </trkpt>
      <trkpt lat="39.886760831441535" lon="116.3431478639369">
        <ele>38.7</ele>
        <time>2026-09-16T22:20:29.973000Z</time>
        <extensions>
          <gpxtpx:TrackPointExtension>
            <gpxtpx:hr>144</gpxtpx:hr>
          </gpxtpx:TrackPointExtension>
        </extensions>
      </trkpt>
      <trkpt lat="39.88671283371946" lon="116.3431478700056">
        <ele>38.7</ele>
        <time>2026-09-16T22:20:31.973000Z</time>
        <extensions>
          <gpxtpx:TrackPointExtension>
            <gpxtpx:hr>144</gpxtpx:hr>
          </gpxtpx:TrackPointExtension>
        </extensions>
      </trkpt>
      <trkpt lat="39.88666283783612" lon="116.34314687842476">
        <ele>38.6</ele>
        <time>2026-09-16T22:20:33.973000Z</time>
        <extensions>
          <gpxtpx:TrackPointExtension>
            <gpxtpx:hr>143</gpxtpx:hr>
          </gpxtpx:TrackPointExtension>
        </extensions>
      </trkpt>
      <trkpt lat="39.886612845439956" lon="116.34314389103932">
        <ele>38.6</ele>
        <time>2026-09-16T22:20:35.973000Z</time>
        <extensions>
          <gpxtpx:TrackPointExtension>
            <gpxtpx:hr>143</gpxtpx:hr>
          </gpxtpx:TrackPointExtension>
        </extensions>
      </trkpt>
      <trkpt lat="39.88656184611877" lon="116.34314489538954">
        <ele>38.6</ele>
        <time>2026-09-16T22:20:37.973000Z</time>
        <extensions>
          <gpxtpx:TrackPointExtension>
            <gpxtpx:hr>143</gpxtpx:hr>
          </gpxtpx:TrackPointExtension>
        </extensions>
      </trkpt>
      <trkpt lat="39.886512841473454" lon="116.34314889319401">
        <ele>38.5</ele>
        <time>2026-09-16T22:20:39.973000Z</time>
        <extensions>
          <gpxtpx:TrackPointExtension>
            <gpxtpx:hr>143</gpxtpx:hr>
          </gpxtpx:TrackPointExtension>
        </extensions>
      </trkpt>
      <trkpt lat="39.88646682971392" lon="116.34315688222955">
        <ele>38.5</ele>
        <time>2026-09-16T22:20:41.973000Z</time>
        <extensions>
          <gpxtpx:TrackPointExtension>
            <gpxtpx:hr>143</gpxtpx:hr>
          </gpxtpx:TrackPointExtension>
        </extensions>
      </trkpt>
      <trkpt lat="39.88642282134684" lon="116.34316287520814">
        <ele>38.6</ele>
        <time>2026-09-16T22:20:43.973000Z</time>
        <extensions>
          <gpxtpx:TrackPointExtension>
            <gpxtpx:hr>144</gpxtpx:hr>
          </gpxtpx:TrackPointExtension>
        </extensions>
      </trkpt>
      <trkpt lat="39.88637981641907" lon="116.34316687225547">
        <ele>38.6</ele>
        <time>2026-09-16T22:20:45.973000Z</time>
        <extensions>
          <gpxtpx:TrackPointExtension>
            <gpxtpx:hr>144</gpxtpx:hr>
          </gpxtpx:TrackPointExtension>
        </extensions>
      </trkpt>
      <trkpt lat="39.88633781841601" lon="116.3431668775655">
        <ele>38.6</ele>
        <time>2026-09-16T22:20:47.973000Z</time>
        <extensions>
          <gpxtpx:TrackPointExtension>
            <gpxtpx:hr>144</gpxtpx:hr>
          </gpxtpx:TrackPointExtension>
        </extensions>
      </trkpt>
      <trkpt lat="39.88629582389925" lon="116.34316488707005">
        <ele>38.4</ele>
        <time>2026-09-16T22:20:49.973000Z</time>
        <extensions>
          <gpxtpx:TrackPointExtension>
            <gpxtpx:hr>145</gpxtpx:hr>
          </gpxtpx:TrackPointExtension>
        </extensions>
      </trkpt>
      <trkpt lat="39.886256830983264" lon="116.34316189829269">
        <ele>38.4</ele>
        <time>2026-09-16T22:20:51.973000Z</time>
        <extensions>
          <gpxtpx:TrackPointExtension>
            <gpxtpx:hr>145</gpxtpx:hr>
          </gpxtpx:TrackPointExtension>
        </extensions>
      </trkpt>
      <trkpt lat="39.88621683811536" lon="116.34315890964196">
        <ele>38.6</ele>
        <time>2026-09-16T22:20:53.973000Z</time>
        <extensions>
          <gpxtpx:TrackPointExtension>
            <gpxtpx:hr>145</gpxtpx:hr>
          </gpxtpx:TrackPointExtension>
        </extensions>
      </trkpt>
      <trkpt lat="39.88617684350489" lon="116.34315691889391">
        <ele>38.6</ele>
        <time>2026-09-16T22:20:55.973000Z</time>
        <extensions>
          <gpxtpx:TrackPointExtension>
            <gpxtpx:hr>145</gpxtpx:hr>
          </gpxtpx:TrackPointExtension>
        </extensions>
      </trkpt>
      <trkpt lat="39.88612984225572" lon="116.3431589206412">
        <ele>38.6</ele>
        <time>2026-09-16T22:20:57.973000Z</time>
        <extensions>
          <gpxtpx:TrackPointExtension>
            <gpxtpx:hr>145</gpxtpx:hr>
          </gpxtpx:TrackPointExtension>
        </extensions>
      </trkpt>
      <trkpt lat="39.88607583959742" lon="116.34316192117619">
        <ele>38.5</ele>
        <time>2026-09-16T22:20:59.973000Z</time>
        <extensions>
          <gpxtpx:TrackPointExtension>
            <gpxtpx:hr>144</gpxtpx:hr>
          </gpxtpx:TrackPointExtension>
        </extensions>
      </trkpt>
      <trkpt lat="39.88601384080692" lon="116.34316292691736">
        <ele>38.5</ele>
        <time>2026-09-16T22:21:01.973000Z</time>
        <extensions>
          <gpxtpx:TrackPointExtension>
            <gpxtpx:hr>144</gpxtpx:hr>
          </gpxtpx:TrackPointExtension>
        </extensions>
      </trkpt>
      <trkpt lat="39.885953847151065" lon="116.34316093869766">
        <ele>38.5</ele>
        <time>2026-09-16T22:21:03.973000Z</time>
        <extensions>
          <gpxtpx:TrackPointExtension>
            <gpxtpx:hr>144</gpxtpx:hr>
          </gpxtpx:TrackPointExtension>
        </extensions>
      </trkpt>
      <trkpt lat="39.8858978533055" lon="116.3431589499723">
        <ele>38.5</ele>
        <time>2026-09-16T22:21:05.973000Z</time>
        <extensions>
          <gpxtpx:TrackPointExtension>
            <gpxtpx:hr>144</gpxtpx:hr>
          </gpxtpx:TrackPointExtension>
        </extensions>
      </trkpt>
      <trkpt lat="39.885845854040895" lon="116.34315995444909">
        <ele>38.5</ele>
        <time>2026-09-16T22:21:07.973000Z</time>
        <extensions>
          <gpxtpx:TrackPointExtension>
            <gpxtpx:hr>144</gpxtpx:hr>
          </gpxtpx:TrackPointExtension>
        </extensions>
      </trkpt>
      <trkpt lat="39.88579385477694" lon="116.34316095892589">
        <ele>38.4</ele>
        <time>2026-09-16T22:21:09.973000Z</time>
        <extensions>
          <gpxtpx:TrackPointExtension>
            <gpxtpx:hr>144</gpxtpx:hr>
          </gpxtpx:TrackPointExtension>
        </extensions>
      </trkpt>
      <trkpt lat="39.8857448571136" lon="116.34316096512076">
        <ele>38.4</ele>
        <time>2026-09-16T22:21:11.973000Z</time>
        <extensions>
          <gpxtpx:TrackPointExtension>
            <gpxtpx:hr>144</gpxtpx:hr>
          </gpxtpx:TrackPointExtension>
        </extensions>
      </trkpt>
      <trkpt lat="39.88569685766011" lon="116.34316196909185">
        <ele>38.3</ele>
        <time>2026-09-16T22:21:13.973000Z</time>
        <extensions>
          <gpxtpx:TrackPointExtension>
            <gpxtpx:hr>144</gpxtpx:hr>
          </gpxtpx:TrackPointExtension>
        </extensions>
      </trkpt>
      <trkpt lat="39.885649859902465" lon="116.34316197503385">
        <ele>38.3</ele>
        <time>2026-09-16T22:21:15.973000Z</time>
        <extensions>
          <gpxtpx:TrackPointExtension>
            <gpxtpx:hr>145</gpxtpx:hr>
          </gpxtpx:TrackPointExtension>
        </extensions>
      </trkpt>
      <trkpt lat="39.885601863936095" lon="116.3431609831996">
        <ele>38.3</ele>
        <time>2026-09-16T22:21:17.973000Z</time>
        <extensions>
          <gpxtpx:TrackPointExtension>
            <gpxtpx:hr>145</gpxtpx:hr>
          </gpxtpx:TrackPointExtension>
        </extensions>
      </trkpt>
      <trkpt lat="39.88555286976107" lon="116.34315899358913">
        <ele>38.1</ele>
        <time>2026-09-16T22:21:19.973000Z</time>
        <extensions>
          <gpxtpx:TrackPointExtension>
            <gpxtpx:hr>145</gpxtpx:hr>
          </gpxtpx:TrackPointExtension>
        </extensions>
      </trkpt>
      <trkpt lat="39.8855048720528" lon="116.3431589996575">
        <ele>38.1</ele>
        <time>2026-09-16T22:21:21.973000Z</time>
        <extensions>
          <gpxtpx:TrackPointExtension>
            <gpxtpx:hr>145</gpxtpx:hr>
          </gpxtpx:TrackPointExtension>
        </extensions>
      </trkpt>
      <trkpt lat="39.88545887250652" lon="116.34316000337564">
        <ele>38.3</ele>
        <time>2026-09-16T22:21:23.973000Z</time>
        <extensions>
          <gpxtpx:TrackPointExtension>
            <gpxtpx:hr>146</gpxtpx:hr>
          </gpxtpx:TrackPointExtension>
        </extensions>
      </trkpt>
      <trkpt lat="39.88541487286522" lon="116.34316100684096">
        <ele>38.3</ele>
        <time>2026-09-16T22:21:25.973000Z</time>
        <extensions>
          <gpxtpx:TrackPointExtension>
            <gpxtpx:hr>146</gpxtpx:hr>
          </gpxtpx:TrackPointExtension>
        </extensions>
      </trkpt>
      <trkpt lat="39.8853708732244" lon="116.34316201030629">
        <ele>38.3</ele>
        <time>2026-09-16T22:21:27.973000Z</time>
        <extensions>
          <gpxtpx:TrackPointExtension>
            <gpxtpx:hr>146</gpxtpx:hr>
          </gpxtpx:TrackPointExtension>
        </extensions>
      </trkpt>
      <trkpt lat="39.885325877117864" lon="116.34316101809266">
        <ele>38.3</ele>
        <time>2026-09-16T22:21:29.973000Z</time>
        <extensions>
          <gpxtpx:TrackPointExtension>
            <gpxtpx:hr>145</gpxtpx:hr>
          </gpxtpx:TrackPointExtension>
        </extensions>
      </trkpt>
      <trkpt lat="39.885278884593546" lon="116.34315803032665">
        <ele>38.3</ele>
        <time>2026-09-16T22:21:31.973000Z</time>
        <extensions>
          <gpxtpx:TrackPointExtension>
            <gpxtpx:hr>145</gpxtpx:hr>
          </gpxtpx:TrackPointExtension>
        </extensions>
      </trkpt>
      <trkpt lat="39.885230888631526" lon="116.34315703849234">
        <ele>38.3</ele>
        <time>2026-09-16T22:21:33.973000Z</time>
        <extensions>
          <gpxtpx:TrackPointExtension>
            <gpxtpx:hr>145</gpxtpx:hr>
          </gpxtpx:TrackPointExtension>
        </extensions>
      </trkpt>
      <trkpt lat="39.885182889183895" lon="116.34315804246323">
        <ele>38.1</ele>
        <time>2026-09-16T22:21:35.973000Z</time>
        <extensions>
          <gpxtpx:TrackPointExtension>
            <gpxtpx:hr>145</gpxtpx:hr>
          </gpxtpx:TrackPointExtension>
        </extensions>
      </trkpt>
      <trkpt lat="39.885135891432064" lon="116.34315804840509">
        <ele>38.1</ele>
        <time>2026-09-16T22:21:37.973000Z</time>
        <extensions>
          <gpxtpx:TrackPointExtension>
            <gpxtpx:hr>145</gpxtpx:hr>
          </gpxtpx:TrackPointExtension>
        </extensions>
      </trkpt>
      <trkpt lat="39.885087891985556" lon="116.34315905237597">
        <ele>38.1</ele>
        <time>2026-09-16T22:21:39.973000Z</time>
        <extensions>
          <gpxtpx:TrackPointExtension>
            <gpxtpx:hr>145</gpxtpx:hr>
          </gpxtpx:TrackPointExtension>
        </extensions>
      </trkpt>
      <trkpt lat="39.88503989079659" lon="116.34316105424953">
        <ele>38.1</ele>
        <time>2026-09-16T22:21:41.973000Z</time>
        <extensions>
          <gpxtpx:TrackPointExtension>
            <gpxtpx:hr>145</gpxtpx:hr>
          </gpxtpx:TrackPointExtension>
        </extensions>
      </trkpt>
      <trkpt lat="39.88499189135125" lon="116.34316205822046">
        <ele>38.1</ele>
        <time>2026-09-16T22:21:43.973000Z</time>
        <extensions>
          <gpxtpx:TrackPointExtension>
            <gpxtpx:hr>145</gpxtpx:hr>
          </gpxtpx:TrackPointExtension>
        </extensions>
      </trkpt>
      <trkpt lat="39.88494489185859" lon="116.34316306206497">
        <ele>38.3</ele>
        <time>2026-09-16T22:21:45.973000Z</time>
        <extensions>
          <gpxtpx:TrackPointExtension>
            <gpxtpx:hr>145</gpxtpx:hr>
          </gpxtpx:TrackPointExtension>
        </extensions>
      </trkpt>
      <trkpt lat="39.884895890719314" lon="116.34316506406512">
        <ele>38.3</ele>
        <time>2026-09-16T22:21:47.973000Z</time>
        <extensions>
          <gpxtpx:TrackPointExtension>
            <gpxtpx:hr>145</gpxtpx:hr>
          </gpxtpx:TrackPointExtension>
        </extensions>
      </trkpt>
      <trkpt lat="39.884845891371526" lon="116.34316606828894">
        <ele>38.1</ele>
        <time>2026-09-16T22:21:49.973000Z</time>
        <extensions>
          <gpxtpx:TrackPointExtension>
            <gpxtpx:hr>144</gpxtpx:hr>
          </gpxtpx:TrackPointExtension>
        </extensions>
      </trkpt>
      <trkpt lat="39.88479489381521" lon="116.34316607473639">
        <ele>38.1</ele>
        <time>2026-09-16T22:21:51.973000Z</time>
        <extensions>
          <gpxtpx:TrackPointExtension>
            <gpxtpx:hr>144</gpxtpx:hr>
          </gpxtpx:TrackPointExtension>
        </extensions>
      </trkpt>
      <trkpt lat="39.884743898002476" lon="116.34316508328106">
        <ele>38.1</ele>
        <time>2026-09-16T22:21:53.973000Z</time>
        <extensions>
          <gpxtpx:TrackPointExtension>
            <gpxtpx:hr>144</gpxtpx:hr>
          </gpxtpx:TrackPointExtension>
        </extensions>
      </trkpt>
      <trkpt lat="39.88469489686566" lon="116.34316708528122">
        <ele>38.2</ele>
        <time>2026-09-16T22:21:55.973000Z</time>
        <extensions>
          <gpxtpx:TrackPointExtension>
            <gpxtpx:hr>146</gpxtpx:hr>
          </gpxtpx:TrackPointExtension>
        </extensions>
      </trkpt>
      <trkpt lat="39.88464889558561" lon="116.34316908690221">
        <ele>38.2</ele>
        <time>2026-09-16T22:21:57.973000Z</time>
        <extensions>
          <gpxtpx:TrackPointExtension>
            <gpxtpx:hr>146</gpxtpx:hr>
          </gpxtpx:TrackPointExtension>
        </extensions>
      </trkpt>
      <trkpt lat="39.88460489595308" lon="116.34317009036754">
        <ele>38.2</ele>
        <time>2026-09-16T22:21:59.973000Z</time>
        <extensions>
          <gpxtpx:TrackPointExtension>
            <gpxtpx:hr>146</gpxtpx:hr>
          </gpxtpx:TrackPointExtension>
        </extensions>
      </trkpt>
      <trkpt lat="39.884561896273055" lon="116.34317109370646">
        <ele>38.2</ele>
        <time>2026-09-16T22:22:01.973000Z</time>
        <extensions>
          <gpxtpx:TrackPointExtension>
            <gpxtpx:hr>146</gpxtpx:hr>
          </gpxtpx:TrackPointExtension>
        </extensions>
      </trkpt>
      <trkpt lat="39.884518898336346" lon="116.3431710991425">
        <ele>38.2</ele>
        <time>2026-09-16T22:22:03.973000Z</time>
        <extensions>
          <gpxtpx:TrackPointExtension>
            <gpxtpx:hr>146</gpxtpx:hr>
          </gpxtpx:TrackPointExtension>
        </extensions>
      </trkpt>
      <trkpt lat="39.88447290577272" lon="116.34316811124917">
        <ele>38.3</ele>
        <time>2026-09-16T22:22:05.973000Z</time>
        <extensions>
          <gpxtpx:TrackPointExtension>
            <gpxtpx:hr>146</gpxtpx:hr>
          </gpxtpx:TrackPointExtension>
        </extensions>
      </trkpt>
      <trkpt lat="39.884423915096754" lon="116.34316412583252">
        <ele>38.3</ele>
        <time>2026-09-16T22:22:07.973000Z</time>
        <extensions>
          <gpxtpx:TrackPointExtension>
            <gpxtpx:hr>146</gpxtpx:hr>
          </gpxtpx:TrackPointExtension>
        </extensions>
      </trkpt>
      <trkpt lat="39.88437292800379" lon="116.34315814486365">
        <ele>38.2</ele>
        <time>2026-09-16T22:22:09.973000Z</time>
        <extensions>
          <gpxtpx:TrackPointExtension>
            <gpxtpx:hr>144</gpxtpx:hr>
          </gpxtpx:TrackPointExtension>
        </extensions>
      </trkpt>
      <trkpt lat="39.88432293563459" lon="116.34315515747672">
        <ele>38.2</ele>
        <time>2026-09-16T22:22:11.973000Z</time>
        <extensions>
          <gpxtpx:TrackPointExtension>
            <gpxtpx:hr>144</gpxtpx:hr>
          </gpxtpx:TrackPointExtension>
        </extensions>
      </trkpt>
      <trkpt lat="39.88427493271134" lon="116.34315815725259">
        <ele>38.2</ele>
        <time>2026-09-16T22:22:13.973000Z</time>
        <extensions>
          <gpxtpx:TrackPointExtension>
            <gpxtpx:hr>143</gpxtpx:hr>
          </gpxtpx:TrackPointExtension>
        </extensions>
      </trkpt>
      <trkpt lat="39.884227927997735" lon="116.34316215480493">
        <ele>38.3</ele>
        <time>2026-09-16T22:22:15.973000Z</time>
        <extensions>
          <gpxtpx:TrackPointExtension>
            <gpxtpx:hr>143</gpxtpx:hr>
          </gpxtpx:TrackPointExtension>
        </extensions>
      </trkpt>
      <trkpt lat="39.88417992681891" lon="116.34316415667845">
        <ele>38.3</ele>
        <time>2026-09-16T22:22:17.973000Z</time>
        <extensions>
          <gpxtpx:TrackPointExtension>
            <gpxtpx:hr>143</gpxtpx:hr>
          </gpxtpx:TrackPointExtension>
        </extensions>
      </trkpt>
      <trkpt lat="39.884132932564505" lon="116.34316216681455">
        <ele>38.2</ele>
        <time>2026-09-16T22:22:19.973000Z</time>
        <extensions>
          <gpxtpx:TrackPointExtension>
            <gpxtpx:hr>142</gpxtpx:hr>
          </gpxtpx:TrackPointExtension>
        </extensions>
      </trkpt>
      <trkpt lat="39.8840839384069" lon="116.34316017720356">
        <ele>38.2</ele>
        <time>2026-09-16T22:22:21.973000Z</time>
        <extensions>
          <gpxtpx:TrackPointExtension>
            <gpxtpx:hr>142</gpxtpx:hr>
          </gpxtpx:TrackPointExtension>
        </extensions>
      </trkpt>
      <trkpt lat="39.884034942506894" lon="116.34315918549528">
        <ele>38.2</ele>
        <time>2026-09-16T22:22:23.973000Z</time>
        <extensions>
          <gpxtpx:TrackPointExtension>
            <gpxtpx:hr>142</gpxtpx:hr>
          </gpxtpx:TrackPointExtension>
        </extensions>
      </trkpt>
      <trkpt lat="39.88398594312139" lon="116.34316018959235">
        <ele>38.3</ele>
        <time>2026-09-16T22:22:25.973000Z</time>
        <extensions>
          <gpxtpx:TrackPointExtension>
            <gpxtpx:hr>144</gpxtpx:hr>
          </gpxtpx:TrackPointExtension>
        </extensions>
      </trkpt>
      <trkpt lat="39.883937947174424" lon="116.34315919775763">
        <ele>38.3</ele>
        <time>2026-09-16T22:22:27.973000Z</time>
        <extensions>
          <gpxtpx:TrackPointExtension>
            <gpxtpx:hr>144</gpxtpx:hr>
          </gpxtpx:TrackPointExtension>
        </extensions>
      </trkpt>
      <trkpt lat="39.88388895301926" lon="116.34315720814666">
        <ele>38.1</ele>
        <time>2026-09-16T22:22:29.973000Z</time>
        <extensions>
          <gpxtpx:TrackPointExtension>
            <gpxtpx:hr>145</gpxtpx:hr>
          </gpxtpx:TrackPointExtension>
        </extensions>
      </trkpt>
      <trkpt lat="39.88383796244733" lon="116.34315322298347">
        <ele>38.1</ele>
        <time>2026-09-16T22:22:31.973000Z</time>
        <extensions>
          <gpxtpx:TrackPointExtension>
            <gpxtpx:hr>145</gpxtpx:hr>
          </gpxtpx:TrackPointExtension>
        </extensions>
      </trkpt>
      <trkpt lat="39.88378696490357" lon="116.34315322943063">
        <ele>38.1</ele>
        <time>2026-09-16T22:22:33.973000Z</time>
        <extensions>
          <gpxtpx:TrackPointExtension>
            <gpxtpx:hr>144</gpxtpx:hr>
          </gpxtpx:TrackPointExtension>
        </extensions>
      </trkpt>
      <trkpt lat="39.88374096711956" lon="116.34315323524568">
        <ele>38.1</ele>
        <time>2026-09-16T22:22:35.973000Z</time>
        <extensions>
          <gpxtpx:TrackPointExtension>
            <gpxtpx:hr>144</gpxtpx:hr>
          </gpxtpx:TrackPointExtension>
        </extensions>
      </trkpt>
      <trkpt lat="39.88369696749653" lon="116.34315423871048">
        <ele>38.1</ele>
        <time>2026-09-16T22:22:37.973000Z</time>
        <extensions>
          <gpxtpx:TrackPointExtension>
            <gpxtpx:hr>144</gpxtpx:hr>
          </gpxtpx:TrackPointExtension>
        </extensions>
      </trkpt>
      <trkpt lat="39.883652967874" lon="116.34315524217529">
        <ele>38.1</ele>
        <time>2026-09-16T22:22:39.973000Z</time>
        <extensions>
          <gpxtpx:TrackPointExtension>
            <gpxtpx:hr>144</gpxtpx:hr>
          </gpxtpx:TrackPointExtension>
        </extensions>
      </trkpt>
      <trkpt lat="39.8836069666053" lon="116.34315724379556">
        <ele>38.1</ele>
        <time>2026-09-16T22:22:41.973000Z</time>
        <extensions>
          <gpxtpx:TrackPointExtension>
            <gpxtpx:hr>144</gpxtpx:hr>
          </gpxtpx:TrackPointExtension>
        </extensions>
      </trkpt>
      <trkpt lat="39.88355896543363" lon="116.34315924566876">
        <ele>38.1</ele>
        <time>2026-09-16T22:22:43.973000Z</time>
        <extensions>
          <gpxtpx:TrackPointExtension>
            <gpxtpx:hr>144</gpxtpx:hr>
          </gpxtpx:TrackPointExtension>
        </extensions>
      </trkpt>
      <trkpt lat="39.883511962471346" lon="116.34316224531833">
        <ele>38.1</ele>
        <time>2026-09-16T22:22:45.973000Z</time>
        <extensions>
          <gpxtpx:TrackPointExtension>
            <gpxtpx:hr>144</gpxtpx:hr>
          </gpxtpx:TrackPointExtension>
        </extensions>
      </trkpt>
      <trkpt lat="39.883463956072134" lon="116.34316724090014">
        <ele>38.1</ele>
        <time>2026-09-16T22:22:47.973000Z</time>
        <extensions>
          <gpxtpx:TrackPointExtension>
            <gpxtpx:hr>144</gpxtpx:hr>
          </gpxtpx:TrackPointExtension>
        </extensions>
      </trkpt>
      <trkpt lat="39.88341794783456" lon="116.3431732341326">
        <ele>38.0</ele>
        <time>2026-09-16T22:22:49.973000Z</time>
        <extensions>
          <gpxtpx:TrackPointExtension>
            <gpxtpx:hr>144</gpxtpx:hr>
          </gpxtpx:TrackPointExtension>
        </extensions>
      </trkpt>
      <trkpt lat="39.88337294129256" lon="116.34317822933629">
        <ele>38.0</ele>
        <time>2026-09-16T22:22:51.973000Z</time>
        <extensions>
          <gpxtpx:TrackPointExtension>
            <gpxtpx:hr>144</gpxtpx:hr>
          </gpxtpx:TrackPointExtension>
        </extensions>
      </trkpt>
      <trkpt lat="39.88332893644586" lon="116.3431822265109">
        <ele>38.0</ele>
        <time>2026-09-16T22:22:53.973000Z</time>
        <extensions>
          <gpxtpx:TrackPointExtension>
            <gpxtpx:hr>145</gpxtpx:hr>
          </gpxtpx:TrackPointExtension>
        </extensions>
      </trkpt>
      <trkpt lat="39.88328493508515" lon="116.3431842278794">
        <ele>37.9</ele>
        <time>2026-09-16T22:22:55.973000Z</time>
        <extensions>
          <gpxtpx:TrackPointExtension>
            <gpxtpx:hr>145</gpxtpx:hr>
          </gpxtpx:TrackPointExtension>
        </extensions>
      </trkpt>
      <trkpt lat="39.8832389355642" lon="116.34318523159759">
        <ele>37.9</ele>
        <time>2026-09-16T22:22:57.973000Z</time>
        <extensions>
          <gpxtpx:TrackPointExtension>
            <gpxtpx:hr>145</gpxtpx:hr>
          </gpxtpx:TrackPointExtension>
        </extensions>
      </trkpt>
      <trkpt lat="39.883190937883036" lon="116.34318523766538">
        <ele>38.2</ele>
        <time>2026-09-16T22:22:59.973000Z</time>
        <extensions>
          <gpxtpx:TrackPointExtension>
            <gpxtpx:hr>145</gpxtpx:hr>
          </gpxtpx:TrackPointExtension>
        </extensions>
      </trkpt>
      <trkpt lat="39.88314294368772" lon="116.34318324792679">
        <ele>38.2</ele>
        <time>2026-09-16T22:23:01.973000Z</time>
        <extensions>
          <gpxtpx:TrackPointExtension>
            <gpxtpx:hr>145</gpxtpx:hr>
          </gpxtpx:TrackPointExtension>
        </extensions>
      </trkpt>
      <trkpt lat="39.883092953075135" lon="116.34317926263482">
        <ele>38.2</ele>
        <time>2026-09-16T22:23:03.973000Z</time>
        <extensions>
          <gpxtpx:TrackPointExtension>
            <gpxtpx:hr>145</gpxtpx:hr>
          </gpxtpx:TrackPointExtension>
        </extensions>
      </trkpt>
      <trkpt lat="39.88304396764352" lon="116.34317228350777">
        <ele>38.1</ele>
        <time>2026-09-16T22:23:05.973000Z</time>
        <extensions>
          <gpxtpx:TrackPointExtension>
            <gpxtpx:hr>146</gpxtpx:hr>
          </gpxtpx:TrackPointExtension>
        </extensions>
      </trkpt>
      <trkpt lat="39.882994985699256" lon="116.34316330857605">
        <ele>38.1</ele>
        <time>2026-09-16T22:23:07.973000Z</time>
        <extensions>
          <gpxtpx:TrackPointExtension>
            <gpxtpx:hr>146</gpxtpx:hr>
          </gpxtpx:TrackPointExtension>
        </extensions>
      </trkpt>
      <trkpt lat="39.88294699673613" lon="116.3431583251301">
        <ele>38.1</ele>
        <time>2026-09-16T22:23:09.973000Z</time>
        <extensions>
          <gpxtpx:TrackPointExtension>
            <gpxtpx:hr>146</gpxtpx:hr>
          </gpxtpx:TrackPointExtension>
        </extensions>
      </trkpt>
      <trkpt lat="39.88289800259301" lon="116.34315633551884">
        <ele>38.1</ele>
        <time>2026-09-16T22:23:11.973000Z</time>
        <extensions>
          <gpxtpx:TrackPointExtension>
            <gpxtpx:hr>146</gpxtpx:hr>
          </gpxtpx:TrackPointExtension>
        </extensions>
      </trkpt>
      <trkpt lat="39.88284700680423" lon="116.3431553440631">
        <ele>38.1</ele>
        <time>2026-09-16T22:23:13.973000Z</time>
        <extensions>
          <gpxtpx:TrackPointExtension>
            <gpxtpx:hr>146</gpxtpx:hr>
          </gpxtpx:TrackPointExtension>
        </extensions>
      </trkpt>
      <trkpt lat="39.882794012856074" lon="116.34315335495758">
        <ele>38.3</ele>
        <time>2026-09-16T22:23:15.973000Z</time>
        <extensions>
          <gpxtpx:TrackPointExtension>
            <gpxtpx:hr>146</gpxtpx:hr>
          </gpxtpx:TrackPointExtension>
        </extensions>
      </trkpt>
      <trkpt lat="39.88274101890869" lon="116.3431513658521">
        <ele>38.3</ele>
        <time>2026-09-16T22:23:17.973000Z</time>
        <extensions>
          <gpxtpx:TrackPointExtension>
            <gpxtpx:hr>146</gpxtpx:hr>
          </gpxtpx:TrackPointExtension>
        </extensions>
      </trkpt>
      <trkpt lat="39.88269401944186" lon="116.34315236969587">
        <ele>38.3</ele>
        <time>2026-09-16T22:23:19.973000Z</time>
        <extensions>
          <gpxtpx:TrackPointExtension>
            <gpxtpx:hr>146</gpxtpx:hr>
          </gpxtpx:TrackPointExtension>
        </extensions>
      </trkpt>
      <trkpt lat="39.8826520179902" lon="116.34315437081021">
        <ele>38.1</ele>
        <time>2026-09-16T22:23:21.973000Z</time>
        <extensions>
          <gpxtpx:TrackPointExtension>
            <gpxtpx:hr>146</gpxtpx:hr>
          </gpxtpx:TrackPointExtension>
        </extensions>
      </trkpt>
      <trkpt lat="39.88261201295596" lon="116.34315836747716">
        <ele>38.1</ele>
        <time>2026-09-16T22:23:23.973000Z</time>
        <extensions>
          <gpxtpx:TrackPointExtension>
            <gpxtpx:hr>146</gpxtpx:hr>
          </gpxtpx:TrackPointExtension>
        </extensions>
      </trkpt>
      <trkpt lat="39.88256900632481" lon="116.34316336242644">
        <ele>37.7</ele>
        <time>2026-09-16T22:23:25.973000Z</time>
        <extensions>
          <gpxtpx:TrackPointExtension>
            <gpxtpx:hr>145</gpxtpx:hr>
          </gpxtpx:TrackPointExtension>
        </extensions>
      </trkpt>
      <trkpt lat="39.882525001485924" lon="116.34316735959973">
        <ele>37.7</ele>
        <time>2026-09-16T22:23:27.973000Z</time>
        <extensions>
          <gpxtpx:TrackPointExtension>
            <gpxtpx:hr>145</gpxtpx:hr>
          </gpxtpx:TrackPointExtension>
        </extensions>
      </trkpt>
      <trkpt lat="39.882478000278994" lon="116.34316936134671">
        <ele>37.7</ele>
        <time>2026-09-16T22:23:29.973000Z</time>
        <extensions>
          <gpxtpx:TrackPointExtension>
            <gpxtpx:hr>145</gpxtpx:hr>
          </gpxtpx:TrackPointExtension>
        </extensions>
      </trkpt>
      <trkpt lat="39.88243000260694" lon="116.34316936741428">
        <ele>37.8</ele>
        <time>2026-09-16T22:23:31.973000Z</time>
        <extensions>
          <gpxtpx:TrackPointExtension>
            <gpxtpx:hr>145</gpxtpx:hr>
          </gpxtpx:TrackPointExtension>
        </extensions>
      </trkpt>
      <trkpt lat="39.88238100498397" lon="116.34316937360825">
        <ele>37.8</ele>
        <time>2026-09-16T22:23:33.973000Z</time>
        <extensions>
          <gpxtpx:TrackPointExtension>
            <gpxtpx:hr>145</gpxtpx:hr>
          </gpxtpx:TrackPointExtension>
        </extensions>
      </trkpt>
      <trkpt lat="39.8823300126874" lon="116.34316638634633">
        <ele>37.7</ele>
        <time>2026-09-16T22:23:35.973000Z</time>
        <extensions>
          <gpxtpx:TrackPointExtension>
            <gpxtpx:hr>145</gpxtpx:hr>
          </gpxtpx:TrackPointExtension>
        </extensions>
      </trkpt>
      <trkpt lat="39.882279023877636" lon="116.343161403279">
        <ele>37.7</ele>
        <time>2026-09-16T22:23:37.973000Z</time>
        <extensions>
          <gpxtpx:TrackPointExtension>
            <gpxtpx:hr>145</gpxtpx:hr>
          </gpxtpx:TrackPointExtension>
        </extensions>
      </trkpt>
      <trkpt lat="39.882225033471514" lon="116.34315741849402">
        <ele>37.7</ele>
        <time>2026-09-16T22:23:39.973000Z</time>
        <extensions>
          <gpxtpx:TrackPointExtension>
            <gpxtpx:hr>145</gpxtpx:hr>
          </gpxtpx:TrackPointExtension>
        </extensions>
      </trkpt>
      <trkpt lat="39.882170036142476" lon="116.34315742544635">
        <ele>37.7</ele>
        <time>2026-09-16T22:23:41.973000Z</time>
        <extensions>
          <gpxtpx:TrackPointExtension>
            <gpxtpx:hr>145</gpxtpx:hr>
          </gpxtpx:TrackPointExtension>
        </extensions>
      </trkpt>
      <trkpt lat="39.882116035279495" lon="116.34315942807768">
        <ele>37.7</ele>
        <time>2026-09-16T22:23:43.973000Z</time>
        <extensions>
          <gpxtpx:TrackPointExtension>
            <gpxtpx:hr>145</gpxtpx:hr>
          </gpxtpx:TrackPointExtension>
        </extensions>
      </trkpt>
      <trkpt lat="39.88206803063972" lon="116.34316342575622">
        <ele>37.9</ele>
        <time>2026-09-16T22:23:45.973000Z</time>
        <extensions>
          <gpxtpx:TrackPointExtension>
            <gpxtpx:hr>144</gpxtpx:hr>
          </gpxtpx:TrackPointExtension>
        </extensions>
      </trkpt>
      <trkpt lat="39.882022024160676" lon="116.34316842108517">
        <ele>37.9</ele>
        <time>2026-09-16T22:23:47.973000Z</time>
        <extensions>
          <gpxtpx:TrackPointExtension>
            <gpxtpx:hr>144</gpxtpx:hr>
          </gpxtpx:TrackPointExtension>
        </extensions>
      </trkpt>
      <trkpt lat="39.88197901927954" lon="116.34317241813241">
        <ele>37.9</ele>
        <time>2026-09-16T22:23:49.973000Z</time>
        <extensions>
          <gpxtpx:TrackPointExtension>
            <gpxtpx:hr>144</gpxtpx:hr>
          </gpxtpx:TrackPointExtension>
        </extensions>
      </trkpt>
      <trkpt lat="39.88193801604466" lon="116.3431754170241">
        <ele>38.0</ele>
        <time>2026-09-16T22:23:51.973000Z</time>
        <extensions>
          <gpxtpx:TrackPointExtension>
            <gpxtpx:hr>144</gpxtpx:hr>
          </gpxtpx:TrackPointExtension>
        </extensions>
      </trkpt>
      <trkpt lat="39.8818970145531" lon="116.34317741801284">
        <ele>38.0</ele>
        <time>2026-09-16T22:23:53.973000Z</time>
        <extensions>
          <gpxtpx:TrackPointExtension>
            <gpxtpx:hr>144</gpxtpx:hr>
          </gpxtpx:TrackPointExtension>
        </extensions>
      </trkpt>
      <trkpt lat="39.881855002654646" lon="116.34318540654725">
        <ele>37.9</ele>
        <time>2026-09-16T22:23:55.973000Z</time>
        <extensions>
          <gpxtpx:TrackPointExtension>
            <gpxtpx:hr>144</gpxtpx:hr>
          </gpxtpx:TrackPointExtension>
        </extensions>
      </trkpt>
      <trkpt lat="39.88180598587094" lon="116.34319638967813">
        <ele>37.9</ele>
        <time>2026-09-16T22:23:57.973000Z</time>
        <extensions>
          <gpxtpx:TrackPointExtension>
            <gpxtpx:hr>144</gpxtpx:hr>
          </gpxtpx:TrackPointExtension>
        </extensions>
      </trkpt>
      <trkpt lat="39.88175596913851" lon="116.34320737293784">
        <ele>37.9</ele>
        <time>2026-09-16T22:23:59.973000Z</time>
        <extensions>
          <gpxtpx:TrackPointExtension>
            <gpxtpx:hr>144</gpxtpx:hr>
          </gpxtpx:TrackPointExtension>
        </extensions>
      </trkpt>
      <trkpt lat="39.88170696455497" lon="116.34321137074664">
        <ele>37.7</ele>
        <time>2026-09-16T22:24:01.973000Z</time>
        <extensions>
          <gpxtpx:TrackPointExtension>
            <gpxtpx:hr>144</gpxtpx:hr>
          </gpxtpx:TrackPointExtension>
        </extensions>
      </trkpt>
      <trkpt lat="39.881662966697434" lon="116.34321137630846">
        <ele>37.7</ele>
        <time>2026-09-16T22:24:03.973000Z</time>
        <extensions>
          <gpxtpx:TrackPointExtension>
            <gpxtpx:hr>144</gpxtpx:hr>
          </gpxtpx:TrackPointExtension>
        </extensions>
      </trkpt>
      <trkpt lat="39.88161697068001" lon="116.34321038421929">
        <ele>37.9</ele>
        <time>2026-09-16T22:24:05.973000Z</time>
        <extensions>
          <gpxtpx:TrackPointExtension>
            <gpxtpx:hr>145</gpxtpx:hr>
          </gpxtpx:TrackPointExtension>
        </extensions>
      </trkpt>
      <trkpt lat="39.88157097466314" lon="116.34320939213013">
        <ele>37.9</ele>
        <time>2026-09-16T22:24:07.973000Z</time>
        <extensions>
          <gpxtpx:TrackPointExtension>
            <gpxtpx:hr>145</gpxtpx:hr>
          </gpxtpx:TrackPointExtension>
        </extensions>
      </trkpt>
      <trkpt lat="39.88152498213133" lon="116.34320640423356">
        <ele>37.9</ele>
        <time>2026-09-16T22:24:09.973000Z</time>
        <extensions>
          <gpxtpx:TrackPointExtension>
            <gpxtpx:hr>146</gpxtpx:hr>
          </gpxtpx:TrackPointExtension>
        </extensions>
      </trkpt>
      <trkpt lat="39.881480991245056" lon="116.34320241818072">
        <ele>37.7</ele>
        <time>2026-09-16T22:24:11.973000Z</time>
        <extensions>
          <gpxtpx:TrackPointExtension>
            <gpxtpx:hr>146</gpxtpx:hr>
          </gpxtpx:TrackPointExtension>
        </extensions>
      </trkpt>
      <trkpt lat="39.88143300229697" lon="116.3431974347303">
        <ele>37.7</ele>
        <time>2026-09-16T22:24:13.973000Z</time>
        <extensions>
          <gpxtpx:TrackPointExtension>
            <gpxtpx:hr>146</gpxtpx:hr>
          </gpxtpx:TrackPointExtension>
        </extensions>
      </trkpt>
      <trkpt lat="39.881382011753686" lon="116.34319344956295">
        <ele>37.8</ele>
        <time>2026-09-16T22:24:15.973000Z</time>
        <extensions>
          <gpxtpx:TrackPointExtension>
            <gpxtpx:hr>147</gpxtpx:hr>
          </gpxtpx:TrackPointExtension>
        </extensions>
      </trkpt>
      <trkpt lat="39.88132902653665" lon="116.34318647093873">
        <ele>37.8</ele>
        <time>2026-09-16T22:24:17.973000Z</time>
        <extensions>
          <gpxtpx:TrackPointExtension>
            <gpxtpx:hr>147</gpxtpx:hr>
          </gpxtpx:TrackPointExtension>
        </extensions>
      </trkpt>
      <trkpt lat="39.88127803251013" lon="116.34318448157867">
        <ele>37.8</ele>
        <time>2026-09-16T22:24:19.973000Z</time>
        <extensions>
          <gpxtpx:TrackPointExtension>
            <gpxtpx:hr>148</gpxtpx:hr>
          </gpxtpx:TrackPointExtension>
        </extensions>
      </trkpt>
      <trkpt lat="39.88123103131857" lon="116.34318648332611">
        <ele>37.7</ele>
        <time>2026-09-16T22:24:21.973000Z</time>
        <extensions>
          <gpxtpx:TrackPointExtension>
            <gpxtpx:hr>148</gpxtpx:hr>
          </gpxtpx:TrackPointExtension>
        </extensions>
      </trkpt>
      <trkpt lat="39.88118701778358" lon="116.34319547001824">
        <ele>37.7</ele>
        <time>2026-09-16T22:24:23.973000Z</time>
        <extensions>
          <gpxtpx:TrackPointExtension>
            <gpxtpx:hr>148</gpxtpx:hr>
          </gpxtpx:TrackPointExtension>
        </extensions>
      </trkpt>
      <trkpt lat="39.8811410060904" lon="116.34320345906117">
        <ele>37.7</ele>
        <time>2026-09-16T22:24:25.973000Z</time>
        <extensions>
          <gpxtpx:TrackPointExtension>
            <gpxtpx:hr>146</gpxtpx:hr>
          </gpxtpx:TrackPointExtension>
        </extensions>
      </trkpt>
      <trkpt lat="39.88109199802977" lon="116.34320945267703">
        <ele>37.7</ele>
        <time>2026-09-16T22:24:27.973000Z</time>
        <extensions>
          <gpxtpx:TrackPointExtension>
            <gpxtpx:hr>146</gpxtpx:hr>
          </gpxtpx:TrackPointExtension>
        </extensions>
      </trkpt>
      <trkpt lat="39.88103999534336" lon="116.34321245296127">
        <ele>37.7</ele>
        <time>2026-09-16T22:24:29.973000Z</time>
        <extensions>
          <gpxtpx:TrackPointExtension>
            <gpxtpx:hr>147</gpxtpx:hr>
          </gpxtpx:TrackPointExtension>
        </extensions>
      </trkpt>
      <trkpt lat="39.880988996093194" lon="116.34321345731155">
        <ele>37.7</ele>
        <time>2026-09-16T22:24:31.973000Z</time>
        <extensions>
          <gpxtpx:TrackPointExtension>
            <gpxtpx:hr>147</gpxtpx:hr>
          </gpxtpx:TrackPointExtension>
        </extensions>
      </trkpt>
      <trkpt lat="39.88094099669707" lon="116.34321446128264">
        <ele>37.7</ele>
        <time>2026-09-16T22:24:33.973000Z</time>
        <extensions>
          <gpxtpx:TrackPointExtension>
            <gpxtpx:hr>147</gpxtpx:hr>
          </gpxtpx:TrackPointExtension>
        </extensions>
      </trkpt>
      <trkpt lat="39.88089400422128" lon="116.34321147351196">
        <ele>37.7</ele>
        <time>2026-09-16T22:24:35.973000Z</time>
        <extensions>
          <gpxtpx:TrackPointExtension>
            <gpxtpx:hr>146</gpxtpx:hr>
          </gpxtpx:TrackPointExtension>
        </extensions>
      </trkpt>
      <trkpt lat="39.880845006617385" lon="116.34321147970557">
        <ele>37.8</ele>
        <time>2026-09-16T22:24:37.973000Z</time>
        <extensions>
          <gpxtpx:TrackPointExtension>
            <gpxtpx:hr>146</gpxtpx:hr>
          </gpxtpx:TrackPointExtension>
        </extensions>
      </trkpt>
      <trkpt lat="39.88079800891626" lon="116.34321148564636">
        <ele>37.8</ele>
        <time>2026-09-16T22:24:39.973000Z</time>
        <extensions>
          <gpxtpx:TrackPointExtension>
            <gpxtpx:hr>145</gpxtpx:hr>
          </gpxtpx:TrackPointExtension>
        </extensions>
      </trkpt>
      <trkpt lat="39.880749997327634" lon="116.34321947494466">
        <ele>37.9</ele>
        <time>2026-09-16T22:24:41.973000Z</time>
        <extensions>
          <gpxtpx:TrackPointExtension>
            <gpxtpx:hr>145</gpxtpx:hr>
          </gpxtpx:TrackPointExtension>
        </extensions>
      </trkpt>
      <trkpt lat="39.880704989077714" lon="116.34322546805684">
        <ele>37.9</ele>
        <time>2026-09-16T22:24:43.973000Z</time>
        <extensions>
          <gpxtpx:TrackPointExtension>
            <gpxtpx:hr>145</gpxtpx:hr>
          </gpxtpx:TrackPointExtension>
        </extensions>
      </trkpt>
      <trkpt lat="39.88065898087786" lon="116.34323146129614">
        <ele>37.9</ele>
        <time>2026-09-16T22:24:45.973000Z</time>
        <extensions>
          <gpxtpx:TrackPointExtension>
            <gpxtpx:hr>146</gpxtpx:hr>
          </gpxtpx:TrackPointExtension>
        </extensions>
      </trkpt>
      <trkpt lat="39.880612983130014" lon="116.34323146711053">
        <ele>38.0</ele>
        <time>2026-09-16T22:24:47.973000Z</time>
        <extensions>
          <gpxtpx:TrackPointExtension>
            <gpxtpx:hr>146</gpxtpx:hr>
          </gpxtpx:TrackPointExtension>
        </extensions>
      </trkpt>
      <trkpt lat="39.88056298906237" lon="116.34322947762209">
        <ele>38.0</ele>
        <time>2026-09-16T22:24:49.973000Z</time>
        <extensions>
          <gpxtpx:TrackPointExtension>
            <gpxtpx:hr>147</gpxtpx:hr>
          </gpxtpx:TrackPointExtension>
        </extensions>
      </trkpt>
      <trkpt lat="39.880512996737366" lon="116.3432264902296">
        <ele>38.2</ele>
        <time>2026-09-16T22:24:51.973000Z</time>
        <extensions>
          <gpxtpx:TrackPointExtension>
            <gpxtpx:hr>147</gpxtpx:hr>
          </gpxtpx:TrackPointExtension>
        </extensions>
      </trkpt>
      <trkpt lat="39.880461995752405" lon="116.3432284924842">
        <ele>38.2</ele>
        <time>2026-09-16T22:24:53.973000Z</time>
        <extensions>
          <gpxtpx:TrackPointExtension>
            <gpxtpx:hr>147</gpxtpx:hr>
          </gpxtpx:TrackPointExtension>
        </extensions>
      </trkpt>
      <trkpt lat="39.88041198601" lon="116.34323548413371">
        <ele>38.2</ele>
        <time>2026-09-16T22:24:55.973000Z</time>
        <extensions>
          <gpxtpx:TrackPointExtension>
            <gpxtpx:hr>147</gpxtpx:hr>
          </gpxtpx:TrackPointExtension>
        </extensions>
      </trkpt>
      <trkpt lat="39.880363970946036" lon="116.34324546924485">
        <ele>38.1</ele>
        <time>2026-09-16T22:24:57.973000Z</time>
        <extensions>
          <gpxtpx:TrackPointExtension>
            <gpxtpx:hr>147</gpxtpx:hr>
          </gpxtpx:TrackPointExtension>
        </extensions>
      </trkpt>
      <trkpt lat="39.88031495941631" lon="116.34325345867502">
        <ele>38.1</ele>
        <time>2026-09-16T22:24:59.973000Z</time>
        <extensions>
          <gpxtpx:TrackPointExtension>
            <gpxtpx:hr>145</gpxtpx:hr>
          </gpxtpx:TrackPointExtension>
        </extensions>
      </trkpt>
      <trkpt lat="39.880268954706686" lon="116.34325745610816">
        <ele>38.2</ele>
        <time>2026-09-16T22:25:01.973000Z</time>
        <extensions>
          <gpxtpx:TrackPointExtension>
            <gpxtpx:hr>145</gpxtpx:hr>
          </gpxtpx:TrackPointExtension>
        </extensions>
      </trkpt>
      <trkpt lat="39.88022295348063" lon="116.34325945773202">
        <ele>38.2</ele>
        <time>2026-09-16T22:25:03.973000Z</time>
        <extensions>
          <gpxtpx:TrackPointExtension>
            <gpxtpx:hr>145</gpxtpx:hr>
          </gpxtpx:TrackPointExtension>
        </extensions>
      </trkpt>
      <trkpt lat="39.8801789538984" lon="116.34326046119833">
        <ele>38.2</ele>
        <time>2026-09-16T22:25:05.973000Z</time>
        <extensions>
          <gpxtpx:TrackPointExtension>
            <gpxtpx:hr>146</gpxtpx:hr>
          </gpxtpx:TrackPointExtension>
        </extensions>
      </trkpt>
      <trkpt lat="39.88013195446395" lon="116.34326146504384">
        <ele>38.1</ele>
        <time>2026-09-16T22:25:07.973000Z</time>
        <extensions>
          <gpxtpx:TrackPointExtension>
            <gpxtpx:hr>146</gpxtpx:hr>
          </gpxtpx:TrackPointExtension>
        </extensions>
      </trkpt>
      <trkpt lat="39.88008195343606" lon="116.34326346717341">
        <ele>38.1</ele>
        <time>2026-09-16T22:25:09.973000Z</time>
        <extensions>
          <gpxtpx:TrackPointExtension>
            <gpxtpx:hr>146</gpxtpx:hr>
          </gpxtpx:TrackPointExtension>
        </extensions>
      </trkpt>
      <trkpt lat="39.880030952458" lon="116.34326546942947">
        <ele>38.2</ele>
        <time>2026-09-16T22:25:11.973000Z</time>
        <extensions>
          <gpxtpx:TrackPointExtension>
            <gpxtpx:hr>146</gpxtpx:hr>
          </gpxtpx:TrackPointExtension>
        </extensions>
      </trkpt>
      <trkpt lat="39.87997994625697" lon="116.34327046540054">
        <ele>38.2</ele>
        <time>2026-09-16T22:25:13.973000Z</time>
        <extensions>
          <gpxtpx:TrackPointExtension>
            <gpxtpx:hr>146</gpxtpx:hr>
          </gpxtpx:TrackPointExtension>
        </extensions>
      </trkpt>
      <trkpt lat="39.879931936427376" lon="116.34327745680318">
        <ele>38.2</ele>
        <time>2026-09-16T22:25:15.973000Z</time>
        <extensions>
          <gpxtpx:TrackPointExtension>
            <gpxtpx:hr>146</gpxtpx:hr>
          </gpxtpx:TrackPointExtension>
        </extensions>
      </trkpt>
      <trkpt lat="39.87988492655004" lon="116.34328444808041">
        <ele>38.2</ele>
        <time>2026-09-16T22:25:17.973000Z</time>
        <extensions>
          <gpxtpx:TrackPointExtension>
            <gpxtpx:hr>146</gpxtpx:hr>
          </gpxtpx:TrackPointExtension>
        </extensions>
      </trkpt>
      <trkpt lat="39.879840918267476" lon="116.34329044107402">
        <ele>38.2</ele>
        <time>2026-09-16T22:25:19.973000Z</time>
        <extensions>
          <gpxtpx:TrackPointExtension>
            <gpxtpx:hr>146</gpxtpx:hr>
          </gpxtpx:TrackPointExtension>
        </extensions>
      </trkpt>
      <trkpt lat="39.879796913467594" lon="116.34329443825732">
        <ele>38.1</ele>
        <time>2026-09-16T22:25:21.973000Z</time>
        <extensions>
          <gpxtpx:TrackPointExtension>
            <gpxtpx:hr>146</gpxtpx:hr>
          </gpxtpx:TrackPointExtension>
        </extensions>
      </trkpt>
      <trkpt lat="39.87975091050762" lon="116.34329743778815">
        <ele>38.1</ele>
        <time>2026-09-16T22:25:23.973000Z</time>
        <extensions>
          <gpxtpx:TrackPointExtension>
            <gpxtpx:hr>147</gpxtpx:hr>
          </gpxtpx:TrackPointExtension>
        </extensions>
      </trkpt>
      <trkpt lat="39.87970591098059" lon="116.34329844138158">
        <ele>38.1</ele>
        <time>2026-09-16T22:25:25.973000Z</time>
        <extensions>
          <gpxtpx:TrackPointExtension>
            <gpxtpx:hr>147</gpxtpx:hr>
          </gpxtpx:TrackPointExtension>
        </extensions>
      </trkpt>
      <trkpt lat="39.87965891329327" lon="116.3432984473222">
        <ele>38.1</ele>
        <time>2026-09-16T22:25:27.973000Z</time>
        <extensions>
          <gpxtpx:TrackPointExtension>
            <gpxtpx:hr>147</gpxtpx:hr>
          </gpxtpx:TrackPointExtension>
        </extensions>
      </trkpt>
      <trkpt lat="39.87961091913728" lon="116.34329645757809">
        <ele>38.1</ele>
        <time>2026-09-16T22:25:29.973000Z</time>
        <extensions>
          <gpxtpx:TrackPointExtension>
            <gpxtpx:hr>146</gpxtpx:hr>
          </gpxtpx:TrackPointExtension>
        </extensions>
      </trkpt>
      <trkpt lat="39.87956192329038" lon="116.34329546586595">
        <ele>37.9</ele>
        <time>2026-09-16T22:25:31.973000Z</time>
        <extensions>
          <gpxtpx:TrackPointExtension>
            <gpxtpx:hr>146</gpxtpx:hr>
          </gpxtpx:TrackPointExtension>
        </extensions>
      </trkpt>
      <trkpt lat="39.87951592381478" lon="116.34329646958567">
        <ele>37.9</ele>
        <time>2026-09-16T22:25:33.973000Z</time>
        <extensions>
          <gpxtpx:TrackPointExtension>
            <gpxtpx:hr>146</gpxtpx:hr>
          </gpxtpx:TrackPointExtension>
        </extensions>
      </trkpt>
      <trkpt lat="39.87947091732757" lon="116.34330146480146">
        <ele>37.9</ele>
        <time>2026-09-16T22:25:35.973000Z</time>
        <extensions>
          <gpxtpx:TrackPointExtension>
            <gpxtpx:hr>145</gpxtpx:hr>
          </gpxtpx:TrackPointExtension>
        </extensions>
      </trkpt>
      <trkpt lat="39.87942591084131" lon="116.34330646001774">
        <ele>37.9</ele>
        <time>2026-09-16T22:25:37.973000Z</time>
        <extensions>
          <gpxtpx:TrackPointExtension>
            <gpxtpx:hr>145</gpxtpx:hr>
          </gpxtpx:TrackPointExtension>
        </extensions>
      </trkpt>
      <trkpt lat="39.87937890097354" lon="116.34331345129907">
        <ele>37.9</ele>
        <time>2026-09-16T22:25:39.973000Z</time>
        <extensions>
          <gpxtpx:TrackPointExtension>
            <gpxtpx:hr>145</gpxtpx:hr>
          </gpxtpx:TrackPointExtension>
        </extensions>
      </trkpt>
      <trkpt lat="39.87933288931749" lon="116.34332144036105">
        <ele>37.9</ele>
        <time>2026-09-16T22:25:41.973000Z</time>
        <extensions>
          <gpxtpx:TrackPointExtension>
            <gpxtpx:hr>145</gpxtpx:hr>
          </gpxtpx:TrackPointExtension>
        </extensions>
      </trkpt>
      <trkpt lat="39.879290880946314" lon="116.34332743310634">
        <ele>37.9</ele>
        <time>2026-09-16T22:25:43.973000Z</time>
        <extensions>
          <gpxtpx:TrackPointExtension>
            <gpxtpx:hr>145</gpxtpx:hr>
          </gpxtpx:TrackPointExtension>
        </extensions>
      </trkpt>
      <trkpt lat="39.87925087595792" lon="116.343331429787">
        <ele>37.9</ele>
        <time>2026-09-16T22:25:45.973000Z</time>
        <extensions>
          <gpxtpx:TrackPointExtension>
            <gpxtpx:hr>145</gpxtpx:hr>
          </gpxtpx:TrackPointExtension>
        </extensions>
      </trkpt>
      <trkpt lat="39.87920887628933" lon="116.34333243300186">
        <ele>37.8</ele>
        <time>2026-09-16T22:25:47.973000Z</time>
        <extensions>
          <gpxtpx:TrackPointExtension>
            <gpxtpx:hr>145</gpxtpx:hr>
          </gpxtpx:TrackPointExtension>
        </extensions>
      </trkpt>
      <trkpt lat="39.879163876769255" lon="116.34333343659591">
        <ele>37.8</ele>
        <time>2026-09-16T22:25:49.973000Z</time>
        <extensions>
          <gpxtpx:TrackPointExtension>
            <gpxtpx:hr>145</gpxtpx:hr>
          </gpxtpx:TrackPointExtension>
        </extensions>
      </trkpt>
      <trkpt lat="39.87911587565764" lon="116.34333543847549">
        <ele>37.9</ele>
        <time>2026-09-16T22:25:51.973000Z</time>
        <extensions>
          <gpxtpx:TrackPointExtension>
            <gpxtpx:hr>145</gpxtpx:hr>
          </gpxtpx:TrackPointExtension>
        </extensions>
      </trkpt>
      <trkpt lat="39.8790678728066" lon="116.34333843826154">
        <ele>37.9</ele>
        <time>2026-09-16T22:25:53.973000Z</time>
        <extensions>
          <gpxtpx:TrackPointExtension>
            <gpxtpx:hr>145</gpxtpx:hr>
          </gpxtpx:TrackPointExtension>
        </extensions>
      </trkpt>
      <trkpt lat="39.879018864785685" lon="116.34334443189364">
        <ele>37.9</ele>
        <time>2026-09-16T22:25:55.973000Z</time>
        <extensions>
          <gpxtpx:TrackPointExtension>
            <gpxtpx:hr>145</gpxtpx:hr>
          </gpxtpx:TrackPointExtension>
        </extensions>
      </trkpt>
      <trkpt lat="39.878970854976735" lon="116.34335142330674">
        <ele>37.9</ele>
        <time>2026-09-16T22:25:57.973000Z</time>
        <extensions>
          <gpxtpx:TrackPointExtension>
            <gpxtpx:hr>145</gpxtpx:hr>
          </gpxtpx:TrackPointExtension>
        </extensions>
      </trkpt>
      <trkpt lat="39.87892283995004" lon="116.34336140844135">
        <ele>37.9</ele>
        <time>2026-09-16T22:25:59.973000Z</time>
        <extensions>
          <gpxtpx:TrackPointExtension>
            <gpxtpx:hr>146</gpxtpx:hr>
          </gpxtpx:TrackPointExtension>
        </extensions>
      </trkpt>
      <trkpt lat="39.87887683004545" lon="116.34336839960407">
        <ele>37.8</ele>
        <time>2026-09-16T22:26:01.973000Z</time>
        <extensions>
          <gpxtpx:TrackPointExtension>
            <gpxtpx:hr>146</gpxtpx:hr>
          </gpxtpx:TrackPointExtension>
        </extensions>
      </trkpt>
      <trkpt lat="39.87883482516298" lon="116.34337239654084">
        <ele>37.8</ele>
        <time>2026-09-16T22:26:03.973000Z</time>
        <extensions>
          <gpxtpx:TrackPointExtension>
            <gpxtpx:hr>146</gpxtpx:hr>
          </gpxtpx:TrackPointExtension>
        </extensions>
      </trkpt>
      <trkpt lat="39.87879282549966" lon="116.34337339975649">
        <ele>37.8</ele>
        <time>2026-09-16T22:26:05.973000Z</time>
        <extensions>
          <gpxtpx:TrackPointExtension>
            <gpxtpx:hr>145</gpxtpx:hr>
          </gpxtpx:TrackPointExtension>
        </extensions>
      </trkpt>
      <trkpt lat="39.87874781728798" lon="116.34337939288727">
        <ele>37.6</ele>
        <time>2026-09-16T22:26:07.973000Z</time>
        <extensions>
          <gpxtpx:TrackPointExtension>
            <gpxtpx:hr>145</gpxtpx:hr>
          </gpxtpx:TrackPointExtension>
        </extensions>
      </trkpt>
      <trkpt lat="39.878701810866204" lon="116.34338438823782">
        <ele>37.6</ele>
        <time>2026-09-16T22:26:09.973000Z</time>
        <extensions>
          <gpxtpx:TrackPointExtension>
            <gpxtpx:hr>145</gpxtpx:hr>
          </gpxtpx:TrackPointExtension>
        </extensions>
      </trkpt>
      <trkpt lat="39.87865480449487" lon="116.34338938371529">
        <ele>37.8</ele>
        <time>2026-09-16T22:26:11.973000Z</time>
        <extensions>
          <gpxtpx:TrackPointExtension>
            <gpxtpx:hr>145</gpxtpx:hr>
          </gpxtpx:TrackPointExtension>
        </extensions>
      </trkpt>
      <trkpt lat="39.878606803391534" lon="116.34339138559709">
        <ele>37.8</ele>
        <time>2026-09-16T22:26:13.973000Z</time>
        <extensions>
          <gpxtpx:TrackPointExtension>
            <gpxtpx:hr>145</gpxtpx:hr>
          </gpxtpx:TrackPointExtension>
        </extensions>
      </trkpt>
      <trkpt lat="39.87855880228888" lon="116.34339338747897">
        <ele>37.8</ele>
        <time>2026-09-16T22:26:15.973000Z</time>
        <extensions>
          <gpxtpx:TrackPointExtension>
            <gpxtpx:hr>146</gpxtpx:hr>
          </gpxtpx:TrackPointExtension>
        </extensions>
      </trkpt>
      <trkpt lat="39.87851080466518" lon="116.34339339354582">
        <ele>37.6</ele>
        <time>2026-09-16T22:26:17.973000Z</time>
        <extensions>
          <gpxtpx:TrackPointExtension>
            <gpxtpx:hr>146</gpxtpx:hr>
          </gpxtpx:TrackPointExtension>
        </extensions>
      </trkpt>
      <trkpt lat="39.8784628070421" lon="116.34339339961268">
        <ele>37.6</ele>
        <time>2026-09-16T22:26:19.973000Z</time>
        <extensions>
          <gpxtpx:TrackPointExtension>
            <gpxtpx:hr>148</gpxtpx:hr>
          </gpxtpx:TrackPointExtension>
        </extensions>
      </trkpt>
      <trkpt lat="39.87841480941962" lon="116.34339340567952">
        <ele>37.9</ele>
        <time>2026-09-16T22:26:21.973000Z</time>
        <extensions>
          <gpxtpx:TrackPointExtension>
            <gpxtpx:hr>148</gpxtpx:hr>
          </gpxtpx:TrackPointExtension>
        </extensions>
      </trkpt>
      <trkpt lat="39.87836480841855" lon="116.34339540781424">
        <ele>37.9</ele>
        <time>2026-09-16T22:26:23.973000Z</time>
        <extensions>
          <gpxtpx:TrackPointExtension>
            <gpxtpx:hr>148</gpxtpx:hr>
          </gpxtpx:TrackPointExtension>
        </extensions>
      </trkpt>
      <trkpt lat="39.878315807368665" lon="116.34339740982263">
        <ele>37.9</ele>
        <time>2026-09-16T22:26:25.973000Z</time>
        <extensions>
          <gpxtpx:TrackPointExtension>
            <gpxtpx:hr>146</gpxtpx:hr>
          </gpxtpx:TrackPointExtension>
        </extensions>
      </trkpt>
      <trkpt lat="39.878263809946354" lon="116.34339741639499">
        <ele>37.9</ele>
        <time>2026-09-16T22:26:27.973000Z</time>
        <extensions>
          <gpxtpx:TrackPointExtension>
            <gpxtpx:hr>146</gpxtpx:hr>
          </gpxtpx:TrackPointExtension>
        </extensions>
      </trkpt>
      <trkpt lat="39.87821480889784" lon="116.34339941840345">
        <ele>37.9</ele>
        <time>2026-09-16T22:26:29.973000Z</time>
        <extensions>
          <gpxtpx:TrackPointExtension>
            <gpxtpx:hr>145</gpxtpx:hr>
          </gpxtpx:TrackPointExtension>
        </extensions>
      </trkpt>
      <trkpt lat="39.8781678025338" lon="116.34340441388238">
        <ele>37.9</ele>
        <time>2026-09-16T22:26:31.973000Z</time>
        <extensions>
          <gpxtpx:TrackPointExtension>
            <gpxtpx:hr>145</gpxtpx:hr>
          </gpxtpx:TrackPointExtension>
        </extensions>
      </trkpt>
      <trkpt lat="39.878122790854924" lon="116.34341240283273">
        <ele>38.0</ele>
        <time>2026-09-16T22:26:33.973000Z</time>
        <extensions>
          <gpxtpx:TrackPointExtension>
            <gpxtpx:hr>145</gpxtpx:hr>
          </gpxtpx:TrackPointExtension>
        </extensions>
      </trkpt>
      <trkpt lat="39.87807878086676" lon="116.3434193937499">
        <ele>38.0</ele>
        <time>2026-09-16T22:26:35.973000Z</time>
        <extensions>
          <gpxtpx:TrackPointExtension>
            <gpxtpx:hr>145</gpxtpx:hr>
          </gpxtpx:TrackPointExtension>
        </extensions>
      </trkpt>
      <trkpt lat="39.87803377440681" lon="116.34342438897808">
        <ele>37.8</ele>
        <time>2026-09-16T22:26:37.973000Z</time>
        <extensions>
          <gpxtpx:TrackPointExtension>
            <gpxtpx:hr>145</gpxtpx:hr>
          </gpxtpx:TrackPointExtension>
        </extensions>
      </trkpt>
      <trkpt lat="39.87798777495184" lon="116.34342539270024">
        <ele>37.8</ele>
        <time>2026-09-16T22:26:39.973000Z</time>
        <extensions>
          <gpxtpx:TrackPointExtension>
            <gpxtpx:hr>145</gpxtpx:hr>
          </gpxtpx:TrackPointExtension>
        </extensions>
      </trkpt>
      <trkpt lat="39.87793977559678" lon="116.3434263966752">
        <ele>37.8</ele>
        <time>2026-09-16T22:26:41.973000Z</time>
        <extensions>
          <gpxtpx:TrackPointExtension>
            <gpxtpx:hr>145</gpxtpx:hr>
          </gpxtpx:TrackPointExtension>
        </extensions>
      </trkpt>
      <trkpt lat="39.877889774603126" lon="116.3434283988112">
        <ele>37.7</ele>
        <time>2026-09-16T22:26:43.973000Z</time>
        <extensions>
          <gpxtpx:TrackPointExtension>
            <gpxtpx:hr>145</gpxtpx:hr>
          </gpxtpx:TrackPointExtension>
        </extensions>
      </trkpt>
      <trkpt lat="39.877838766705835" lon="116.343434392707">
        <ele>37.7</ele>
        <time>2026-09-16T22:26:45.973000Z</time>
        <extensions>
          <gpxtpx:TrackPointExtension>
            <gpxtpx:hr>145</gpxtpx:hr>
          </gpxtpx:TrackPointExtension>
        </extensions>
      </trkpt>
      <trkpt lat="39.87778975697208" lon="116.34344138425924">
        <ele>38.1</ele>
        <time>2026-09-16T22:26:47.973000Z</time>
        <extensions>
          <gpxtpx:TrackPointExtension>
            <gpxtpx:hr>145</gpxtpx:hr>
          </gpxtpx:TrackPointExtension>
        </extensions>
      </trkpt>
      <trkpt lat="39.87774074897803" lon="116.34344737790384">
        <ele>38.1</ele>
        <time>2026-09-16T22:26:49.973000Z</time>
        <extensions>
          <gpxtpx:TrackPointExtension>
            <gpxtpx:hr>145</gpxtpx:hr>
          </gpxtpx:TrackPointExtension>
        </extensions>
      </trkpt>
      <trkpt lat="39.8776907462495" lon="116.34345037794935">
        <ele>38.1</ele>
        <time>2026-09-16T22:26:51.973000Z</time>
        <extensions>
          <gpxtpx:TrackPointExtension>
            <gpxtpx:hr>145</gpxtpx:hr>
          </gpxtpx:TrackPointExtension>
        </extensions>
      </trkpt>
      <trkpt lat="39.8776397453097" lon="116.3434523802127">
        <ele>38.3</ele>
        <time>2026-09-16T22:26:53.973000Z</time>
        <extensions>
          <gpxtpx:TrackPointExtension>
            <gpxtpx:hr>145</gpxtpx:hr>
          </gpxtpx:TrackPointExtension>
        </extensions>
      </trkpt>
      <trkpt lat="39.87759175117409" lon="116.34345039046194">
        <ele>38.3</ele>
        <time>2026-09-16T22:26:55.973000Z</time>
        <extensions>
          <gpxtpx:TrackPointExtension>
            <gpxtpx:hr>145</gpxtpx:hr>
          </gpxtpx:TrackPointExtension>
        </extensions>
      </trkpt>
      <trkpt lat="39.87754576041613" lon="116.3434464046412">
        <ele>37.9</ele>
        <time>2026-09-16T22:26:57.973000Z</time>
        <extensions>
          <gpxtpx:TrackPointExtension>
            <gpxtpx:hr>145</gpxtpx:hr>
          </gpxtpx:TrackPointExtension>
        </extensions>
      </trkpt>
      <trkpt lat="39.8775007678709" lon="116.34344341660291">
        <ele>37.9</ele>
        <time>2026-09-16T22:26:59.973000Z</time>
        <extensions>
          <gpxtpx:TrackPointExtension>
            <gpxtpx:hr>145</gpxtpx:hr>
          </gpxtpx:TrackPointExtension>
        </extensions>
      </trkpt>
      <trkpt lat="39.8774567735382" lon="116.34344142634691">
        <ele>37.9</ele>
        <time>2026-09-16T22:27:01.973000Z</time>
        <extensions>
          <gpxtpx:TrackPointExtension>
            <gpxtpx:hr>145</gpxtpx:hr>
          </gpxtpx:TrackPointExtension>
        </extensions>
      </trkpt>
      <trkpt lat="39.87740976892544" lon="116.34344542392145">
        <ele>37.9</ele>
        <time>2026-09-16T22:27:03.973000Z</time>
        <extensions>
          <gpxtpx:TrackPointExtension>
            <gpxtpx:hr>145</gpxtpx:hr>
          </gpxtpx:TrackPointExtension>
        </extensions>
      </trkpt>
      <trkpt lat="39.87736476421391" lon="116.34344942124352">
        <ele>37.9</ele>
        <time>2026-09-16T22:27:05.973000Z</time>
        <extensions>
          <gpxtpx:TrackPointExtension>
            <gpxtpx:hr>145</gpxtpx:hr>
          </gpxtpx:TrackPointExtension>
        </extensions>
      </trkpt>
      <trkpt lat="39.877319754288784" lon="116.34345641229234">
        <ele>37.8</ele>
        <time>2026-09-16T22:27:07.973000Z</time>
        <extensions>
          <gpxtpx:TrackPointExtension>
            <gpxtpx:hr>145</gpxtpx:hr>
          </gpxtpx:TrackPointExtension>
        </extensions>
      </trkpt>
      <trkpt lat="39.877275749529225" lon="116.34346040948891">
        <ele>37.8</ele>
        <time>2026-09-16T22:27:09.973000Z</time>
        <extensions>
          <gpxtpx:TrackPointExtension>
            <gpxtpx:hr>146</gpxtpx:hr>
          </gpxtpx:TrackPointExtension>
        </extensions>
      </trkpt>
      <trkpt lat="39.87722973965632" lon="116.3434674006657">
        <ele>37.8</ele>
        <time>2026-09-16T22:27:11.973000Z</time>
        <extensions>
          <gpxtpx:TrackPointExtension>
            <gpxtpx:hr>146</gpxtpx:hr>
          </gpxtpx:TrackPointExtension>
        </extensions>
      </trkpt>
      <trkpt lat="39.8771847193084" lon="116.34348037917265">
        <ele>38.2</ele>
        <time>2026-09-16T22:27:13.973000Z</time>
        <extensions>
          <gpxtpx:TrackPointExtension>
            <gpxtpx:hr>146</gpxtpx:hr>
          </gpxtpx:TrackPointExtension>
        </extensions>
      </trkpt>
      <trkpt lat="39.877138695538804" lon="116.34349535362865">
        <ele>38.2</ele>
        <time>2026-09-16T22:27:15.973000Z</time>
        <extensions>
          <gpxtpx:TrackPointExtension>
            <gpxtpx:hr>144</gpxtpx:hr>
          </gpxtpx:TrackPointExtension>
        </extensions>
      </trkpt>
      <trkpt lat="39.87709067187332" lon="116.34351032834202">
        <ele>38.3</ele>
        <time>2026-09-16T22:27:17.973000Z</time>
        <extensions>
          <gpxtpx:TrackPointExtension>
            <gpxtpx:hr>144</gpxtpx:hr>
          </gpxtpx:TrackPointExtension>
        </extensions>
      </trkpt>
      <trkpt lat="39.87704265516017" lon="116.34352131141918">
        <ele>38.3</ele>
        <time>2026-09-16T22:27:19.973000Z</time>
        <extensions>
          <gpxtpx:TrackPointExtension>
            <gpxtpx:hr>144</gpxtpx:hr>
          </gpxtpx:TrackPointExtension>
        </extensions>
      </trkpt>
      <trkpt lat="39.87699564187345" lon="116.3435302985517">
        <ele>38.3</ele>
        <time>2026-09-16T22:27:21.973000Z</time>
        <extensions>
          <gpxtpx:TrackPointExtension>
            <gpxtpx:hr>144</gpxtpx:hr>
          </gpxtpx:TrackPointExtension>
        </extensions>
      </trkpt>
      <trkpt lat="39.876950628488835" lon="116.34353928543308">
        <ele>37.9</ele>
        <time>2026-09-16T22:27:23.973000Z</time>
        <extensions>
          <gpxtpx:TrackPointExtension>
            <gpxtpx:hr>144</gpxtpx:hr>
          </gpxtpx:TrackPointExtension>
        </extensions>
      </trkpt>
      <trkpt lat="39.876905618579286" lon="116.34354627649478">
        <ele>37.9</ele>
        <time>2026-09-16T22:27:25.973000Z</time>
        <extensions>
          <gpxtpx:TrackPointExtension>
            <gpxtpx:hr>146</gpxtpx:hr>
          </gpxtpx:TrackPointExtension>
        </extensions>
      </trkpt>
      <trkpt lat="39.876859615667115" lon="116.34354927604075">
        <ele>37.6</ele>
        <time>2026-09-16T22:27:27.973000Z</time>
        <extensions>
          <gpxtpx:TrackPointExtension>
            <gpxtpx:hr>146</gpxtpx:hr>
          </gpxtpx:TrackPointExtension>
        </extensions>
      </trkpt>
      <trkpt lat="39.876813612755655" lon="116.3435522755869">
        <ele>37.6</ele>
        <time>2026-09-16T22:27:29.973000Z</time>
        <extensions>
          <gpxtpx:TrackPointExtension>
            <gpxtpx:hr>145</gpxtpx:hr>
          </gpxtpx:TrackPointExtension>
        </extensions>
      </trkpt>
      <trkpt lat="39.8767656134178" lon="116.34355327956435">
        <ele>37.6</ele>
        <time>2026-09-16T22:27:31.973000Z</time>
        <extensions>
          <gpxtpx:TrackPointExtension>
            <gpxtpx:hr>145</gpxtpx:hr>
          </gpxtpx:TrackPointExtension>
        </extensions>
      </trkpt>
      <trkpt lat="39.87672061045773" lon="116.34355627898434">
        <ele>37.4</ele>
        <time>2026-09-16T22:27:33.973000Z</time>
        <extensions>
          <gpxtpx:TrackPointExtension>
            <gpxtpx:hr>145</gpxtpx:hr>
          </gpxtpx:TrackPointExtension>
        </extensions>
      </trkpt>
      <trkpt lat="39.87667660397563" lon="116.34356127410005">
        <ele>37.4</ele>
        <time>2026-09-16T22:27:35.973000Z</time>
        <extensions>
          <gpxtpx:TrackPointExtension>
            <gpxtpx:hr>145</gpxtpx:hr>
          </gpxtpx:TrackPointExtension>
        </extensions>
      </trkpt>
      <trkpt lat="39.87663459392195" lon="116.3435682647857">
        <ele>37.5</ele>
        <time>2026-09-16T22:27:37.973000Z</time>
        <extensions>
          <gpxtpx:TrackPointExtension>
            <gpxtpx:hr>145</gpxtpx:hr>
          </gpxtpx:TrackPointExtension>
        </extensions>
      </trkpt>
      <trkpt lat="39.87659258039739" lon="116.34357725129495">
        <ele>37.5</ele>
        <time>2026-09-16T22:27:39.973000Z</time>
        <extensions>
          <gpxtpx:TrackPointExtension>
            <gpxtpx:hr>146</gpxtpx:hr>
          </gpxtpx:TrackPointExtension>
        </extensions>
      </trkpt>
      <trkpt lat="39.8765465705467" lon="116.34358424248845">
        <ele>37.5</ele>
        <time>2026-09-16T22:27:41.973000Z</time>
        <extensions>
          <gpxtpx:TrackPointExtension>
            <gpxtpx:hr>146</gpxtpx:hr>
          </gpxtpx:TrackPointExtension>
        </extensions>
      </trkpt>
      <trkpt lat="39.87649956421917" lon="116.3435892379862">
        <ele>37.5</ele>
        <time>2026-09-16T22:27:43.973000Z</time>
        <extensions>
          <gpxtpx:TrackPointExtension>
            <gpxtpx:hr>146</gpxtpx:hr>
          </gpxtpx:TrackPointExtension>
        </extensions>
      </trkpt>
      <trkpt lat="39.87645556121409" lon="116.34359223728201">
        <ele>37.5</ele>
        <time>2026-09-16T22:27:45.973000Z</time>
        <extensions>
          <gpxtpx:TrackPointExtension>
            <gpxtpx:hr>147</gpxtpx:hr>
          </gpxtpx:TrackPointExtension>
        </extensions>
      </trkpt>
      <trkpt lat="39.87641755964502" lon="116.34359423790801">
        <ele>37.5</ele>
        <time>2026-09-16T22:27:47.973000Z</time>
        <extensions>
          <gpxtpx:TrackPointExtension>
            <gpxtpx:hr>147</gpxtpx:hr>
          </gpxtpx:TrackPointExtension>
        </extensions>
      </trkpt>
      <trkpt lat="39.876382563133504" lon="116.34359324441992">
        <ele>37.5</ele>
        <time>2026-09-16T22:27:49.973000Z</time>
        <extensions>
          <gpxtpx:TrackPointExtension>
            <gpxtpx:hr>146</gpxtpx:hr>
          </gpxtpx:TrackPointExtension>
        </extensions>
      </trkpt>
      <trkpt lat="39.87634556498671" lon="116.34359324909626">
        <ele>37.5</ele>
        <time>2026-09-16T22:27:51.973000Z</time>
        <extensions>
          <gpxtpx:TrackPointExtension>
            <gpxtpx:hr>146</gpxtpx:hr>
          </gpxtpx:TrackPointExtension>
        </extensions>
      </trkpt>
      <trkpt lat="39.876305565254796" lon="116.34359425206338">
        <ele>36.6</ele>
        <time>2026-09-16T22:27:53.973000Z</time>
        <extensions>
          <gpxtpx:TrackPointExtension>
            <gpxtpx:hr>146</gpxtpx:hr>
          </gpxtpx:TrackPointExtension>
        </extensions>
      </trkpt>
      <trkpt lat="39.87626156051654" lon="116.34359824927122">
        <ele>36.6</ele>
        <time>2026-09-16T22:27:55.973000Z</time>
        <extensions>
          <gpxtpx:TrackPointExtension>
            <gpxtpx:hr>146</gpxtpx:hr>
          </gpxtpx:TrackPointExtension>
        </extensions>
      </trkpt>
      <trkpt lat="39.87621955394319" lon="116.34360324413845">
        <ele>36.4</ele>
        <time>2026-09-16T22:27:57.973000Z</time>
        <extensions>
          <gpxtpx:TrackPointExtension>
            <gpxtpx:hr>146</gpxtpx:hr>
          </gpxtpx:TrackPointExtension>
        </extensions>
      </trkpt>
      <trkpt lat="39.876178545585056" lon="116.34360923679175">
        <ele>36.4</ele>
        <time>2026-09-16T22:27:59.973000Z</time>
        <extensions>
          <gpxtpx:TrackPointExtension>
            <gpxtpx:hr>152</gpxtpx:hr>
          </gpxtpx:TrackPointExtension>
        </extensions>
      </trkpt>
      <trkpt lat="39.8761385354424" lon="116.34361622723152">
        <ele>36.4</ele>
        <time>2026-09-16T22:28:01.973000Z</time>
        <extensions>
          <gpxtpx:TrackPointExtension>
            <gpxtpx:hr>152</gpxtpx:hr>
          </gpxtpx:TrackPointExtension>
        </extensions>
      </trkpt>
      <trkpt lat="39.876097525351184" lon="116.34362321779867">
        <ele>36.3</ele>
        <time>2026-09-16T22:28:03.973000Z</time>
        <extensions>
          <gpxtpx:TrackPointExtension>
            <gpxtpx:hr>148</gpxtpx:hr>
          </gpxtpx:TrackPointExtension>
        </extensions>
      </trkpt>
      <trkpt lat="39.87605951684592" lon="116.34362921007528">
        <ele>36.3</ele>
        <time>2026-09-16T22:28:05.973000Z</time>
        <extensions>
          <gpxtpx:TrackPointExtension>
            <gpxtpx:hr>148</gpxtpx:hr>
          </gpxtpx:TrackPointExtension>
        </extensions>
      </trkpt>
      <trkpt lat="39.87601549996747" lon="116.34364019267373">
        <ele>36.4</ele>
        <time>2026-09-16T22:28:07.973000Z</time>
        <extensions>
          <gpxtpx:TrackPointExtension>
            <gpxtpx:hr>148</gpxtpx:hr>
          </gpxtpx:TrackPointExtension>
        </extensions>
      </trkpt>
      <trkpt lat="39.875963486962824" lon="116.34364918046013">
        <ele>36.4</ele>
        <time>2026-09-16T22:28:09.973000Z</time>
        <extensions>
          <gpxtpx:TrackPointExtension>
            <gpxtpx:hr>147</gpxtpx:hr>
          </gpxtpx:TrackPointExtension>
        </extensions>
      </trkpt>
      <trkpt lat="39.87590647074196" lon="116.34366016470614">
        <ele>36.4</ele>
        <time>2026-09-16T22:28:11.973000Z</time>
        <extensions>
          <gpxtpx:TrackPointExtension>
            <gpxtpx:hr>147</gpxtpx:hr>
          </gpxtpx:TrackPointExtension>
        </extensions>
      </trkpt>
      <trkpt lat="39.875856468048894" lon="116.3436631647646">
        <ele>37.2</ele>
        <time>2026-09-16T22:28:13.973000Z</time>
        <extensions>
          <gpxtpx:TrackPointExtension>
            <gpxtpx:hr>147</gpxtpx:hr>
          </gpxtpx:TrackPointExtension>
        </extensions>
      </trkpt>
      <trkpt lat="39.875814459751126" lon="116.3436691575517">
        <ele>37.2</ele>
        <time>2026-09-16T22:28:15.973000Z</time>
        <extensions>
          <gpxtpx:TrackPointExtension>
            <gpxtpx:hr>147</gpxtpx:hr>
          </gpxtpx:TrackPointExtension>
        </extensions>
      </trkpt>
      <trkpt lat="39.875773453138635" lon="116.34367415229983">
        <ele>37.5</ele>
        <time>2026-09-16T22:28:17.973000Z</time>
        <extensions>
          <gpxtpx:TrackPointExtension>
            <gpxtpx:hr>147</gpxtpx:hr>
          </gpxtpx:TrackPointExtension>
        </extensions>
      </trkpt>
      <trkpt lat="39.875729446677795" lon="116.34367914742762">
        <ele>37.5</ele>
        <time>2026-09-16T22:28:19.973000Z</time>
        <extensions>
          <gpxtpx:TrackPointExtension>
            <gpxtpx:hr>148</gpxtpx:hr>
          </gpxtpx:TrackPointExtension>
        </extensions>
      </trkpt>
      <trkpt lat="39.875682449040276" lon="116.34367915336777">
        <ele>37.5</ele>
        <time>2026-09-16T22:28:21.973000Z</time>
        <extensions>
          <gpxtpx:TrackPointExtension>
            <gpxtpx:hr>148</gpxtpx:hr>
          </gpxtpx:TrackPointExtension>
        </extensions>
      </trkpt>
      <trkpt lat="39.87563345670707" lon="116.34367616582054">
        <ele>37.6</ele>
        <time>2026-09-16T22:28:23.973000Z</time>
        <extensions>
          <gpxtpx:TrackPointExtension>
            <gpxtpx:hr>148</gpxtpx:hr>
          </gpxtpx:TrackPointExtension>
        </extensions>
      </trkpt>
      <trkpt lat="39.87558547299686" lon="116.34366818858086">
        <ele>37.6</ele>
        <time>2026-09-16T22:28:25.973000Z</time>
        <extensions>
          <gpxtpx:TrackPointExtension>
            <gpxtpx:hr>146</gpxtpx:hr>
          </gpxtpx:TrackPointExtension>
        </extensions>
      </trkpt>
      <trkpt lat="39.875539492657126" lon="116.34365821526367">
        <ele>37.3</ele>
        <time>2026-09-16T22:28:27.973000Z</time>
        <extensions>
          <gpxtpx:TrackPointExtension>
            <gpxtpx:hr>146</gpxtpx:hr>
          </gpxtpx:TrackPointExtension>
        </extensions>
      </trkpt>
      <trkpt lat="39.87549551221901" lon="116.34364824169573">
        <ele>37.3</ele>
        <time>2026-09-16T22:28:29.973000Z</time>
        <extensions>
          <gpxtpx:TrackPointExtension>
            <gpxtpx:hr>145</gpxtpx:hr>
          </gpxtpx:TrackPointExtension>
        </extensions>
      </trkpt>
      <trkpt lat="39.8754515196382" lon="116.34364525351835">
        <ele>37.3</ele>
        <time>2026-09-16T22:28:31.973000Z</time>
        <extensions>
          <gpxtpx:TrackPointExtension>
            <gpxtpx:hr>145</gpxtpx:hr>
          </gpxtpx:TrackPointExtension>
        </extensions>
      </trkpt>
      <trkpt lat="39.87541051823236" lon="116.34364725452556">
        <ele>37.8</ele>
        <time>2026-09-16T22:28:33.973000Z</time>
        <extensions>
          <gpxtpx:TrackPointExtension>
            <gpxtpx:hr>145</gpxtpx:hr>
          </gpxtpx:TrackPointExtension>
        </extensions>
      </trkpt>
      <trkpt lat="39.87537051677668" lon="116.3436492554065">
        <ele>37.8</ele>
        <time>2026-09-16T22:28:35.973000Z</time>
        <extensions>
          <gpxtpx:TrackPointExtension>
            <gpxtpx:hr>145</gpxtpx:hr>
          </gpxtpx:TrackPointExtension>
        </extensions>
      </trkpt>
      <trkpt lat="39.87533252909992" lon="116.34364327273256">
        <ele>37.8</ele>
        <time>2026-09-16T22:28:37.973000Z</time>
        <extensions>
          <gpxtpx:TrackPointExtension>
            <gpxtpx:hr>145</gpxtpx:hr>
          </gpxtpx:TrackPointExtension>
        </extensions>
      </trkpt>
      <trkpt lat="39.87529354320962" lon="116.34363629227316">
        <ele>37.8</ele>
        <time>2026-09-16T22:28:39.973000Z</time>
        <extensions>
          <gpxtpx:TrackPointExtension>
            <gpxtpx:hr>147</gpxtpx:hr>
          </gpxtpx:TrackPointExtension>
        </extensions>
      </trkpt>
      <trkpt lat="39.87525255915656" lon="116.3436283141551">
        <ele>37.8</ele>
        <time>2026-09-16T22:28:41.973000Z</time>
        <extensions>
          <gpxtpx:TrackPointExtension>
            <gpxtpx:hr>147</gpxtpx:hr>
          </gpxtpx:TrackPointExtension>
        </extensions>
      </trkpt>
      <trkpt lat="39.87520656494523" lon="116.34362632414394">
        <ele>37.8</ele>
        <time>2026-09-16T22:28:43.973000Z</time>
        <extensions>
          <gpxtpx:TrackPointExtension>
            <gpxtpx:hr>147</gpxtpx:hr>
          </gpxtpx:TrackPointExtension>
        </extensions>
      </trkpt>
      <trkpt lat="39.875157569150545" lon="116.34362533242431">
        <ele>37.8</ele>
        <time>2026-09-16T22:28:45.973000Z</time>
        <extensions>
          <gpxtpx:TrackPointExtension>
            <gpxtpx:hr>146</gpxtpx:hr>
          </gpxtpx:TrackPointExtension>
        </extensions>
      </trkpt>
      <trkpt lat="39.87510856641553" lon="116.34362833235407">
        <ele>37.8</ele>
        <time>2026-09-16T22:28:47.973000Z</time>
        <extensions>
          <gpxtpx:TrackPointExtension>
            <gpxtpx:hr>146</gpxtpx:hr>
          </gpxtpx:TrackPointExtension>
        </extensions>
      </trkpt>
      <trkpt lat="39.87506156705081" lon="116.34362933620638">
        <ele>37.6</ele>
        <time>2026-09-16T22:28:49.973000Z</time>
        <extensions>
          <gpxtpx:TrackPointExtension>
            <gpxtpx:hr>146</gpxtpx:hr>
          </gpxtpx:TrackPointExtension>
        </extensions>
      </trkpt>
      <trkpt lat="39.87501656932099" lon="116.34362934189353">
        <ele>37.6</ele>
        <time>2026-09-16T22:28:51.973000Z</time>
        <extensions>
          <gpxtpx:TrackPointExtension>
            <gpxtpx:hr>146</gpxtpx:hr>
          </gpxtpx:TrackPointExtension>
        </extensions>
      </trkpt>
      <trkpt lat="39.87497257501169" lon="116.3436273516295">
        <ele>37.1</ele>
        <time>2026-09-16T22:28:53.973000Z</time>
        <extensions>
          <gpxtpx:TrackPointExtension>
            <gpxtpx:hr>146</gpxtpx:hr>
          </gpxtpx:TrackPointExtension>
        </extensions>
      </trkpt>
      <trkpt lat="39.874930582337306" lon="116.34362436320043">
        <ele>37.1</ele>
        <time>2026-09-16T22:28:55.973000Z</time>
        <extensions>
          <gpxtpx:TrackPointExtension>
            <gpxtpx:hr>146</gpxtpx:hr>
          </gpxtpx:TrackPointExtension>
        </extensions>
      </trkpt>
      <trkpt lat="39.874885586344405" lon="116.34362337097522">
        <ele>37.1</ele>
        <time>2026-09-16T22:28:57.973000Z</time>
        <extensions>
          <gpxtpx:TrackPointExtension>
            <gpxtpx:hr>146</gpxtpx:hr>
          </gpxtpx:TrackPointExtension>
        </extensions>
      </trkpt>
      <trkpt lat="39.87483858871777" lon="116.34362337691508">
        <ele>37.5</ele>
        <time>2026-09-16T22:28:59.973000Z</time>
        <extensions>
          <gpxtpx:TrackPointExtension>
            <gpxtpx:hr>146</gpxtpx:hr>
          </gpxtpx:TrackPointExtension>
        </extensions>
      </trkpt>
      <trkpt lat="39.87479058420121" lon="116.34362737463066">
        <ele>37.5</ele>
        <time>2026-09-16T22:29:01.973000Z</time>
        <extensions>
          <gpxtpx:TrackPointExtension>
            <gpxtpx:hr>146</gpxtpx:hr>
          </gpxtpx:TrackPointExtension>
        </extensions>
      </trkpt>
      <trkpt lat="39.87474557606367" lon="116.34363336779239">
        <ele>37.5</ele>
        <time>2026-09-16T22:29:03.973000Z</time>
        <extensions>
          <gpxtpx:TrackPointExtension>
            <gpxtpx:hr>146</gpxtpx:hr>
          </gpxtpx:TrackPointExtension>
        </extensions>
      </trkpt>
      <trkpt lat="39.8747005679273" lon="116.34363936095485">
        <ele>37.5</ele>
        <time>2026-09-16T22:29:05.973000Z</time>
        <extensions>
          <gpxtpx:TrackPointExtension>
            <gpxtpx:hr>146</gpxtpx:hr>
          </gpxtpx:TrackPointExtension>
        </extensions>
      </trkpt>
      <trkpt lat="39.874653559893204" lon="116.34364535437082">
        <ele>37.5</ele>
        <time>2026-09-16T22:29:07.973000Z</time>
        <extensions>
          <gpxtpx:TrackPointExtension>
            <gpxtpx:hr>146</gpxtpx:hr>
          </gpxtpx:TrackPointExtension>
        </extensions>
      </trkpt>
      <trkpt lat="39.87460455543115" lon="116.34364935221458">
        <ele>37.5</ele>
        <time>2026-09-16T22:29:09.973000Z</time>
        <extensions>
          <gpxtpx:TrackPointExtension>
            <gpxtpx:hr>145</gpxtpx:hr>
          </gpxtpx:TrackPointExtension>
        </extensions>
      </trkpt>
      <trkpt lat="39.874554551020616" lon="116.34365335018505">
        <ele>37.5</ele>
        <time>2026-09-16T22:29:11.973000Z</time>
        <extensions>
          <gpxtpx:TrackPointExtension>
            <gpxtpx:hr>145</gpxtpx:hr>
          </gpxtpx:TrackPointExtension>
        </extensions>
      </trkpt>
      <trkpt lat="39.87450255191648" lon="116.34365435466968">
        <ele>37.7</ele>
        <time>2026-09-16T22:29:13.973000Z</time>
        <extensions>
          <gpxtpx:TrackPointExtension>
            <gpxtpx:hr>145</gpxtpx:hr>
          </gpxtpx:TrackPointExtension>
        </extensions>
      </trkpt>
      <trkpt lat="39.87445355092654" lon="116.34365635668814">
        <ele>37.7</ele>
        <time>2026-09-16T22:29:15.973000Z</time>
        <extensions>
          <gpxtpx:TrackPointExtension>
            <gpxtpx:hr>145</gpxtpx:hr>
          </gpxtpx:TrackPointExtension>
        </extensions>
      </trkpt>
      <trkpt lat="39.874404544733274" lon="116.34366135244586">
        <ele>37.7</ele>
        <time>2026-09-16T22:29:17.973000Z</time>
        <extensions>
          <gpxtpx:TrackPointExtension>
            <gpxtpx:hr>145</gpxtpx:hr>
          </gpxtpx:TrackPointExtension>
        </extensions>
      </trkpt>
      <trkpt lat="39.87435753497072" lon="116.34366834377775">
        <ele>37.6</ele>
        <time>2026-09-16T22:29:19.973000Z</time>
        <extensions>
          <gpxtpx:TrackPointExtension>
            <gpxtpx:hr>145</gpxtpx:hr>
          </gpxtpx:TrackPointExtension>
        </extensions>
      </trkpt>
      <trkpt lat="39.8743105252096" lon="116.34367533511065">
        <ele>37.6</ele>
        <time>2026-09-16T22:29:21.973000Z</time>
        <extensions>
          <gpxtpx:TrackPointExtension>
            <gpxtpx:hr>145</gpxtpx:hr>
          </gpxtpx:TrackPointExtension>
        </extensions>
      </trkpt>
      <trkpt lat="39.87426151555125" lon="116.34368232669732">
        <ele>37.4</ele>
        <time>2026-09-16T22:29:23.973000Z</time>
        <extensions>
          <gpxtpx:TrackPointExtension>
            <gpxtpx:hr>141</gpxtpx:hr>
          </gpxtpx:TrackPointExtension>
        </extensions>
      </trkpt>
      <trkpt lat="39.874211511147706" lon="116.34368632467046">
        <ele>37.4</ele>
        <time>2026-09-16T22:29:25.973000Z</time>
        <extensions>
          <gpxtpx:TrackPointExtension>
            <gpxtpx:hr>141</gpxtpx:hr>
          </gpxtpx:TrackPointExtension>
        </extensions>
      </trkpt>
      <trkpt lat="39.874164508327226" lon="116.34368932435113">
        <ele>37.4</ele>
        <time>2026-09-16T22:29:27.973000Z</time>
        <extensions>
          <gpxtpx:TrackPointExtension>
            <gpxtpx:hr>141</gpxtpx:hr>
          </gpxtpx:TrackPointExtension>
        </extensions>
      </trkpt>
      <trkpt lat="39.8741225087223" lon="116.34369032757267">
        <ele>37.6</ele>
        <time>2026-09-16T22:29:29.973000Z</time>
        <extensions>
          <gpxtpx:TrackPointExtension>
            <gpxtpx:hr>144</gpxtpx:hr>
          </gpxtpx:TrackPointExtension>
        </extensions>
      </trkpt>
      <trkpt lat="39.87408350202928" lon="116.34369532207009">
        <ele>37.6</ele>
        <time>2026-09-16T22:29:31.973000Z</time>
        <extensions>
          <gpxtpx:TrackPointExtension>
            <gpxtpx:hr>144</gpxtpx:hr>
          </gpxtpx:TrackPointExtension>
        </extensions>
      </trkpt>
      <trkpt lat="39.87404349365384" lon="116.34370131460831">
        <ele>36.9</ele>
        <time>2026-09-16T22:29:33.973000Z</time>
        <extensions>
          <gpxtpx:TrackPointExtension>
            <gpxtpx:hr>144</gpxtpx:hr>
          </gpxtpx:TrackPointExtension>
        </extensions>
      </trkpt>
      <trkpt lat="39.87400148711482" lon="116.343706309486">
        <ele>36.9</ele>
        <time>2026-09-16T22:29:35.973000Z</time>
        <extensions>
          <gpxtpx:TrackPointExtension>
            <gpxtpx:hr>144</gpxtpx:hr>
          </gpxtpx:TrackPointExtension>
        </extensions>
      </trkpt>
      <trkpt lat="39.87395548251352" lon="116.3437103069556">
        <ele>36.9</ele>
        <time>2026-09-16T22:29:37.973000Z</time>
        <extensions>
          <gpxtpx:TrackPointExtension>
            <gpxtpx:hr>144</gpxtpx:hr>
          </gpxtpx:TrackPointExtension>
        </extensions>
      </trkpt>
      <trkpt lat="39.87390248346978" lon="116.3437113115677">
        <ele>37.1</ele>
        <time>2026-09-16T22:29:39.973000Z</time>
        <extensions>
          <gpxtpx:TrackPointExtension>
            <gpxtpx:hr>145</gpxtpx:hr>
          </gpxtpx:TrackPointExtension>
        </extensions>
      </trkpt>
      <trkpt lat="39.87384948269305" lon="116.34371331409397">
        <ele>37.1</ele>
        <time>2026-09-16T22:29:41.973000Z</time>
        <extensions>
          <gpxtpx:TrackPointExtension>
            <gpxtpx:hr>145</gpxtpx:hr>
          </gpxtpx:TrackPointExtension>
        </extensions>
      </trkpt>
      <trkpt lat="39.873795485435494" lon="116.34371332091833">
        <ele>37.3</ele>
        <time>2026-09-16T22:29:43.973000Z</time>
        <extensions>
          <gpxtpx:TrackPointExtension>
            <gpxtpx:hr>145</gpxtpx:hr>
          </gpxtpx:TrackPointExtension>
        </extensions>
      </trkpt>
      <trkpt lat="39.873743482875874" lon="116.3437163212325">
        <ele>37.3</ele>
        <time>2026-09-16T22:29:45.973000Z</time>
        <extensions>
          <gpxtpx:TrackPointExtension>
            <gpxtpx:hr>145</gpxtpx:hr>
          </gpxtpx:TrackPointExtension>
        </extensions>
      </trkpt>
      <trkpt lat="39.873693478481854" lon="116.3437203192084">
        <ele>37.3</ele>
        <time>2026-09-16T22:29:47.973000Z</time>
        <extensions>
          <gpxtpx:TrackPointExtension>
            <gpxtpx:hr>145</gpxtpx:hr>
          </gpxtpx:TrackPointExtension>
        </extensions>
      </trkpt>
      <trkpt lat="39.87364746695124" lon="116.34372830833688">
        <ele>37.6</ele>
        <time>2026-09-16T22:29:49.973000Z</time>
        <extensions>
          <gpxtpx:TrackPointExtension>
            <gpxtpx:hr>146</gpxtpx:hr>
          </gpxtpx:TrackPointExtension>
        </extensions>
      </trkpt>
      <trkpt lat="39.87360345012053" lon="116.34373929095793">
        <ele>37.6</ele>
        <time>2026-09-16T22:29:51.973000Z</time>
        <extensions>
          <gpxtpx:TrackPointExtension>
            <gpxtpx:hr>146</gpxtpx:hr>
          </gpxtpx:TrackPointExtension>
        </extensions>
      </trkpt>
      <trkpt lat="39.87355743339411" lon="116.34375027383423">
        <ele>37.2</ele>
        <time>2026-09-16T22:29:53.973000Z</time>
        <extensions>
          <gpxtpx:TrackPointExtension>
            <gpxtpx:hr>146</gpxtpx:hr>
          </gpxtpx:TrackPointExtension>
        </extensions>
      </trkpt>
      <trkpt lat="39.87351242181845" lon="116.34375826284126">
        <ele>37.2</ele>
        <time>2026-09-16T22:29:55.973000Z</time>
        <extensions>
          <gpxtpx:TrackPointExtension>
            <gpxtpx:hr>144</gpxtpx:hr>
          </gpxtpx:TrackPointExtension>
        </extensions>
      </trkpt>
      <trkpt lat="39.87346841885816" lon="116.34376126214723">
        <ele>37.2</ele>
        <time>2026-09-16T22:29:57.973000Z</time>
        <extensions>
          <gpxtpx:TrackPointExtension>
            <gpxtpx:hr>144</gpxtpx:hr>
          </gpxtpx:TrackPointExtension>
        </extensions>
      </trkpt>
      <trkpt lat="39.87342542451243" lon="116.34375927175111">
        <ele>37.1</ele>
        <time>2026-09-16T22:29:59.973000Z</time>
        <extensions>
          <gpxtpx:TrackPointExtension>
            <gpxtpx:hr>144</gpxtpx:hr>
          </gpxtpx:TrackPointExtension>
        </extensions>
      </trkpt>
      <trkpt lat="39.873383430116384" lon="116.3437572812287">
        <ele>37.1</ele>
        <time>2026-09-16T22:30:01.973000Z</time>
        <extensions>
          <gpxtpx:TrackPointExtension>
            <gpxtpx:hr>144</gpxtpx:hr>
          </gpxtpx:TrackPointExtension>
        </extensions>
      </trkpt>
      <trkpt lat="39.873338428941544" lon="116.34375928274581">
        <ele>37.1</ele>
        <time>2026-09-16T22:30:03.973000Z</time>
        <extensions>
          <gpxtpx:TrackPointExtension>
            <gpxtpx:hr>144</gpxtpx:hr>
          </gpxtpx:TrackPointExtension>
        </extensions>
      </trkpt>
      <trkpt lat="39.873294420784696" lon="116.34376527579744">
        <ele>37.3</ele>
        <time>2026-09-16T22:30:05.973000Z</time>
        <extensions>
          <gpxtpx:TrackPointExtension>
            <gpxtpx:hr>144</gpxtpx:hr>
          </gpxtpx:TrackPointExtension>
        </extensions>
      </trkpt>
      <trkpt lat="39.87324741104905" lon="116.34377226714432">
        <ele>37.3</ele>
        <time>2026-09-16T22:30:07.973000Z</time>
        <extensions>
          <gpxtpx:TrackPointExtension>
            <gpxtpx:hr>144</gpxtpx:hr>
          </gpxtpx:TrackPointExtension>
        </extensions>
      </trkpt>
      <trkpt lat="39.873201399531254" lon="116.34378025628138">
        <ele>37.3</ele>
        <time>2026-09-16T22:30:09.973000Z</time>
        <extensions>
          <gpxtpx:TrackPointExtension>
            <gpxtpx:hr>144</gpxtpx:hr>
          </gpxtpx:TrackPointExtension>
        </extensions>
      </trkpt>
      <trkpt lat="39.873152386435564" lon="116.34378924371462">
        <ele>37.3</ele>
        <time>2026-09-16T22:30:11.973000Z</time>
        <extensions>
          <gpxtpx:TrackPointExtension>
            <gpxtpx:hr>144</gpxtpx:hr>
          </gpxtpx:TrackPointExtension>
        </extensions>
      </trkpt>
      <trkpt lat="39.87310337334193" lon="116.34379823114952">
        <ele>37.3</ele>
        <time>2026-09-16T22:30:13.973000Z</time>
        <extensions>
          <gpxtpx:TrackPointExtension>
            <gpxtpx:hr>144</gpxtpx:hr>
          </gpxtpx:TrackPointExtension>
        </extensions>
      </trkpt>
      <trkpt lat="39.87305336203354" lon="116.3438062207964">
        <ele>37.5</ele>
        <time>2026-09-16T22:30:15.973000Z</time>
        <extensions>
          <gpxtpx:TrackPointExtension>
            <gpxtpx:hr>145</gpxtpx:hr>
          </gpxtpx:TrackPointExtension>
        </extensions>
      </trkpt>
      <trkpt lat="39.87300235424212" lon="116.34381221473848">
        <ele>37.5</ele>
        <time>2026-09-16T22:30:17.973000Z</time>
        <extensions>
          <gpxtpx:TrackPointExtension>
            <gpxtpx:hr>145</gpxtpx:hr>
          </gpxtpx:TrackPointExtension>
        </extensions>
      </trkpt>
      <trkpt lat="39.87294935175016" lon="116.34381521518512">
        <ele>37.4</ele>
        <time>2026-09-16T22:30:19.973000Z</time>
        <extensions>
          <gpxtpx:TrackPointExtension>
            <gpxtpx:hr>145</gpxtpx:hr>
          </gpxtpx:TrackPointExtension>
        </extensions>
      </trkpt>
      <trkpt lat="39.872898357817235" lon="116.34381322579772">
        <ele>37.4</ele>
        <time>2026-09-16T22:30:21.973000Z</time>
        <extensions>
          <gpxtpx:TrackPointExtension>
            <gpxtpx:hr>145</gpxtpx:hr>
          </gpxtpx:TrackPointExtension>
        </extensions>
      </trkpt>
      <trkpt lat="39.872848362101955" lon="116.34381223420023">
        <ele>37.4</ele>
        <time>2026-09-16T22:30:23.973000Z</time>
        <extensions>
          <gpxtpx:TrackPointExtension>
            <gpxtpx:hr>145</gpxtpx:hr>
          </gpxtpx:TrackPointExtension>
        </extensions>
      </trkpt>
      <trkpt lat="39.872799366336324" lon="116.34381124247636">
        <ele>37.4</ele>
        <time>2026-09-16T22:30:25.973000Z</time>
        <extensions>
          <gpxtpx:TrackPointExtension>
            <gpxtpx:hr>146</gpxtpx:hr>
          </gpxtpx:TrackPointExtension>
        </extensions>
      </trkpt>
      <trkpt lat="39.872748358549075" lon="116.34381723641904">
        <ele>37.4</ele>
        <time>2026-09-16T22:30:27.973000Z</time>
        <extensions>
          <gpxtpx:TrackPointExtension>
            <gpxtpx:hr>146</gpxtpx:hr>
          </gpxtpx:TrackPointExtension>
        </extensions>
      </trkpt>
      <trkpt lat="39.87270034887796" lon="116.34382422789982">
        <ele>37.4</ele>
        <time>2026-09-16T22:30:29.973000Z</time>
        <extensions>
          <gpxtpx:TrackPointExtension>
            <gpxtpx:hr>146</gpxtpx:hr>
          </gpxtpx:TrackPointExtension>
        </extensions>
      </trkpt>
      <trkpt lat="39.872654339106106" lon="116.34383121912884">
        <ele>37.4</ele>
        <time>2026-09-16T22:30:31.973000Z</time>
        <extensions>
          <gpxtpx:TrackPointExtension>
            <gpxtpx:hr>146</gpxtpx:hr>
          </gpxtpx:TrackPointExtension>
        </extensions>
      </trkpt>
      <trkpt lat="39.87260933101622" lon="116.34383721231576">
        <ele>37.4</ele>
        <time>2026-09-16T22:30:33.973000Z</time>
        <extensions>
          <gpxtpx:TrackPointExtension>
            <gpxtpx:hr>146</gpxtpx:hr>
          </gpxtpx:TrackPointExtension>
        </extensions>
      </trkpt>
      <trkpt lat="39.872564321195966" lon="116.34384420342032">
        <ele>37.2</ele>
        <time>2026-09-16T22:30:35.973000Z</time>
        <extensions>
          <gpxtpx:TrackPointExtension>
            <gpxtpx:hr>147</gpxtpx:hr>
          </gpxtpx:TrackPointExtension>
        </extensions>
      </trkpt>
      <trkpt lat="39.87251630806775" lon="116.34385319073911">
        <ele>37.2</ele>
        <time>2026-09-16T22:30:37.973000Z</time>
        <extensions>
          <gpxtpx:TrackPointExtension>
            <gpxtpx:hr>147</gpxtpx:hr>
          </gpxtpx:TrackPointExtension>
        </extensions>
      </trkpt>
      <trkpt lat="39.87247030349567" lon="116.3438571882208">
        <ele>37.2</ele>
        <time>2026-09-16T22:30:39.973000Z</time>
        <extensions>
          <gpxtpx:TrackPointExtension>
            <gpxtpx:hr>146</gpxtpx:hr>
          </gpxtpx:TrackPointExtension>
        </extensions>
      </trkpt>
      <trkpt lat="39.87242430238702" lon="116.34385918986834">
        <ele>37.2</ele>
        <time>2026-09-16T22:30:41.973000Z</time>
        <extensions>
          <gpxtpx:TrackPointExtension>
            <gpxtpx:hr>146</gpxtpx:hr>
          </gpxtpx:TrackPointExtension>
        </extensions>
      </trkpt>
      <trkpt lat="39.87238230280553" lon="116.34386019309325">
        <ele>37.2</ele>
        <time>2026-09-16T22:30:43.973000Z</time>
        <extensions>
          <gpxtpx:TrackPointExtension>
            <gpxtpx:hr>146</gpxtpx:hr>
          </gpxtpx:TrackPointExtension>
        </extensions>
      </trkpt>
      <trkpt lat="39.87233329665809" lon="116.34386518887193">
        <ele>37.4</ele>
        <time>2026-09-16T22:30:45.973000Z</time>
        <extensions>
          <gpxtpx:TrackPointExtension>
            <gpxtpx:hr>146</gpxtpx:hr>
          </gpxtpx:TrackPointExtension>
        </extensions>
      </trkpt>
      <trkpt lat="39.87227928730569" lon="116.34387218111789">
        <ele>37.4</ele>
        <time>2026-09-16T22:30:47.973000Z</time>
        <extensions>
          <gpxtpx:TrackPointExtension>
            <gpxtpx:hr>146</gpxtpx:hr>
          </gpxtpx:TrackPointExtension>
        </extensions>
      </trkpt>
      <trkpt lat="39.872224267620766" lon="116.34388516099736">
        <ele>37.3</ele>
        <time>2026-09-16T22:30:49.973000Z</time>
        <extensions>
          <gpxtpx:TrackPointExtension>
            <gpxtpx:hr>145</gpxtpx:hr>
          </gpxtpx:TrackPointExtension>
        </extensions>
      </trkpt>
      <trkpt lat="39.87217425460599" lon="116.34389414857655">
        <ele>37.3</ele>
        <time>2026-09-16T22:30:51.973000Z</time>
        <extensions>
          <gpxtpx:TrackPointExtension>
            <gpxtpx:hr>145</gpxtpx:hr>
          </gpxtpx:TrackPointExtension>
        </extensions>
      </trkpt>
      <trkpt lat="39.872127243170056" lon="116.34390213786023">
        <ele>37.3</ele>
        <time>2026-09-16T22:30:53.973000Z</time>
        <extensions>
          <gpxtpx:TrackPointExtension>
            <gpxtpx:hr>145</gpxtpx:hr>
          </gpxtpx:TrackPointExtension>
        </extensions>
      </trkpt>
      <trkpt lat="39.87208124725909" lon="116.34390114575531">
        <ele>37.3</ele>
        <time>2026-09-16T22:30:55.973000Z</time>
        <extensions>
          <gpxtpx:TrackPointExtension>
            <gpxtpx:hr>146</gpxtpx:hr>
          </gpxtpx:TrackPointExtension>
        </extensions>
      </trkpt>
      <trkpt lat="39.87203724951557" lon="116.34390115131572">
        <ele>37.3</ele>
        <time>2026-09-16T22:30:57.973000Z</time>
        <extensions>
          <gpxtpx:TrackPointExtension>
            <gpxtpx:hr>146</gpxtpx:hr>
          </gpxtpx:TrackPointExtension>
        </extensions>
      </trkpt>
      <trkpt lat="39.87199424826019" lon="116.34390315258595">
        <ele>37.5</ele>
        <time>2026-09-16T22:30:59.973000Z</time>
        <extensions>
          <gpxtpx:TrackPointExtension>
            <gpxtpx:hr>150</gpxtpx:hr>
          </gpxtpx:TrackPointExtension>
        </extensions>
      </trkpt>
      <trkpt lat="39.87195023667396" lon="116.34391114149199">
        <ele>37.5</ele>
        <time>2026-09-16T22:31:01.973000Z</time>
        <extensions>
          <gpxtpx:TrackPointExtension>
            <gpxtpx:hr>150</gpxtpx:hr>
          </gpxtpx:TrackPointExtension>
        </extensions>
      </trkpt>
      <trkpt lat="39.871907223307794" lon="116.34392012819146">
        <ele>37.5</ele>
        <time>2026-09-16T22:31:03.973000Z</time>
        <extensions>
          <gpxtpx:TrackPointExtension>
            <gpxtpx:hr>150</gpxtpx:hr>
          </gpxtpx:TrackPointExtension>
        </extensions>
      </trkpt>
      <trkpt lat="39.87186820973818" lon="116.34392911438712">
        <ele>37.0</ele>
        <time>2026-09-16T22:31:05.973000Z</time>
        <extensions>
          <gpxtpx:TrackPointExtension>
            <gpxtpx:hr>147</gpxtpx:hr>
          </gpxtpx:TrackPointExtension>
        </extensions>
      </trkpt>
      <trkpt lat="39.87183220812638" lon="116.34393111477391">
        <ele>37.0</ele>
        <time>2026-09-16T22:31:07.973000Z</time>
        <extensions>
          <gpxtpx:TrackPointExtension>
            <gpxtpx:hr>147</gpxtpx:hr>
          </gpxtpx:TrackPointExtension>
        </extensions>
      </trkpt>
      <trkpt lat="39.87179020682317" lon="116.343933115919">
        <ele>37.4</ele>
        <time>2026-09-16T22:31:09.973000Z</time>
        <extensions>
          <gpxtpx:TrackPointExtension>
            <gpxtpx:hr>151</gpxtpx:hr>
          </gpxtpx:TrackPointExtension>
        </extensions>
      </trkpt>
      <trkpt lat="39.87174320750742" lon="116.34393411977726">
        <ele>37.4</ele>
        <time>2026-09-16T22:31:13.973000Z</time>
        <extensions>
          <gpxtpx:TrackPointExtension>
            <gpxtpx:hr>151</gpxtpx:hr>
          </gpxtpx:TrackPointExtension>
        </extensions>
      </trkpt>
      <trkpt lat="39.87169020331073" lon="116.34393811815023">
        <ele>37.3</ele>
        <time>2026-09-16T22:31:15.973000Z</time>
        <extensions>
          <gpxtpx:TrackPointExtension>
            <gpxtpx:hr>151</gpxtpx:hr>
          </gpxtpx:TrackPointExtension>
        </extensions>
      </trkpt>
      <trkpt lat="39.87163520094781" lon="116.34394111885736">
        <ele>37.3</ele>
        <time>2026-09-16T22:31:17.973000Z</time>
        <extensions>
          <gpxtpx:TrackPointExtension>
            <gpxtpx:hr>151</gpxtpx:hr>
          </gpxtpx:TrackPointExtension>
        </extensions>
      </trkpt>
      <trkpt lat="39.87157719528052" lon="116.34394611578178">
        <ele>37.0</ele>
        <time>2026-09-16T22:31:19.973000Z</time>
        <extensions>
          <gpxtpx:TrackPointExtension>
            <gpxtpx:hr>149</gpxtpx:hr>
          </gpxtpx:TrackPointExtension>
        </extensions>
      </trkpt>
      <trkpt lat="39.87152018783348" lon="116.34395211049947">
        <ele>37.0</ele>
        <time>2026-09-16T22:31:21.973000Z</time>
        <extensions>
          <gpxtpx:TrackPointExtension>
            <gpxtpx:hr>149</gpxtpx:hr>
          </gpxtpx:TrackPointExtension>
        </extensions>
      </trkpt>
      <trkpt lat="39.871467178452576" lon="116.34395910263171">
        <ele>37.0</ele>
        <time>2026-09-16T22:31:23.973000Z</time>
        <extensions>
          <gpxtpx:TrackPointExtension>
            <gpxtpx:hr>149</gpxtpx:hr>
          </gpxtpx:TrackPointExtension>
        </extensions>
      </trkpt>
      <trkpt lat="39.87141617069986" lon="116.3439650965928">
        <ele>36.8</ele>
        <time>2026-09-16T22:31:25.973000Z</time>
        <extensions>
          <gpxtpx:TrackPointExtension>
            <gpxtpx:hr>147</gpxtpx:hr>
          </gpxtpx:TrackPointExtension>
        </extensions>
      </trkpt>
      <trkpt lat="39.87136816106468" lon="116.34397208809507">
        <ele>36.8</ele>
        <time>2026-09-16T22:31:27.973000Z</time>
        <extensions>
          <gpxtpx:TrackPointExtension>
            <gpxtpx:hr>147</gpxtpx:hr>
          </gpxtpx:TrackPointExtension>
        </extensions>
      </trkpt>
      <trkpt lat="39.87132214959879" lon="116.34398007726537">
        <ele>37.1</ele>
        <time>2026-09-16T22:31:29.973000Z</time>
        <extensions>
          <gpxtpx:TrackPointExtension>
            <gpxtpx:hr>148</gpxtpx:hr>
          </gpxtpx:TrackPointExtension>
        </extensions>
      </trkpt>
      <trkpt lat="39.871279137980075" lon="116.34398806605788">
        <ele>37.1</ele>
        <time>2026-09-16T22:31:31.973000Z</time>
        <extensions>
          <gpxtpx:TrackPointExtension>
            <gpxtpx:hr>148</gpxtpx:hr>
          </gpxtpx:TrackPointExtension>
        </extensions>
      </trkpt>
      <trkpt lat="39.871236129820936" lon="116.34399405901162">
        <ele>37.1</ele>
        <time>2026-09-16T22:31:33.973000Z</time>
        <extensions>
          <gpxtpx:TrackPointExtension>
            <gpxtpx:hr>148</gpxtpx:hr>
          </gpxtpx:TrackPointExtension>
        </extensions>
      </trkpt>
      <trkpt lat="39.87119112868167" lon="116.34399606053842">
        <ele>37.0</ele>
        <time>2026-09-16T22:31:35.973000Z</time>
        <extensions>
          <gpxtpx:TrackPointExtension>
            <gpxtpx:hr>148</gpxtpx:hr>
          </gpxtpx:TrackPointExtension>
        </extensions>
      </trkpt>
      <trkpt lat="39.87114212256257" lon="116.34400105633121">
        <ele>37.0</ele>
        <time>2026-09-16T22:31:37.973000Z</time>
        <extensions>
          <gpxtpx:TrackPointExtension>
            <gpxtpx:hr>148</gpxtpx:hr>
          </gpxtpx:TrackPointExtension>
        </extensions>
      </trkpt>
      <trkpt lat="39.87109311125833" lon="116.34400904588546">
        <ele>36.8</ele>
        <time>2026-09-16T22:31:39.973000Z</time>
        <extensions>
          <gpxtpx:TrackPointExtension>
            <gpxtpx:hr>147</gpxtpx:hr>
          </gpxtpx:TrackPointExtension>
        </extensions>
      </trkpt>
      <trkpt lat="39.871044098227294" lon="116.34401803336155">
        <ele>36.8</ele>
        <time>2026-09-16T22:31:41.973000Z</time>
        <extensions>
          <gpxtpx:TrackPointExtension>
            <gpxtpx:hr>147</gpxtpx:hr>
          </gpxtpx:TrackPointExtension>
        </extensions>
      </trkpt>
      <trkpt lat="39.87099608860363" lon="116.34402502487158">
        <ele>36.8</ele>
        <time>2026-09-16T22:31:43.973000Z</time>
        <extensions>
          <gpxtpx:TrackPointExtension>
            <gpxtpx:hr>147</gpxtpx:hr>
          </gpxtpx:TrackPointExtension>
        </extensions>
      </trkpt>
      <trkpt lat="39.87095108055501" lon="116.34403101808272">
        <ele>37.3</ele>
        <time>2026-09-16T22:31:45.973000Z</time>
        <extensions>
          <gpxtpx:TrackPointExtension>
            <gpxtpx:hr>147</gpxtpx:hr>
          </gpxtpx:TrackPointExtension>
        </extensions>
      </trkpt>
      <trkpt lat="39.87090806549151" lon="116.34404100272572">
        <ele>37.3</ele>
        <time>2026-09-16T22:31:47.973000Z</time>
        <extensions>
          <gpxtpx:TrackPointExtension>
            <gpxtpx:hr>147</gpxtpx:hr>
          </gpxtpx:TrackPointExtension>
        </extensions>
      </trkpt>
      <trkpt lat="39.87086405393794" lon="116.3440489916548">
        <ele>37.1</ele>
        <time>2026-09-16T22:31:49.973000Z</time>
        <extensions>
          <gpxtpx:TrackPointExtension>
            <gpxtpx:hr>147</gpxtpx:hr>
          </gpxtpx:TrackPointExtension>
        </extensions>
      </trkpt>
      <trkpt lat="39.870817051180694" lon="116.34405199135786">
        <ele>37.1</ele>
        <time>2026-09-16T22:31:51.973000Z</time>
        <extensions>
          <gpxtpx:TrackPointExtension>
            <gpxtpx:hr>147</gpxtpx:hr>
          </gpxtpx:TrackPointExtension>
        </extensions>
      </trkpt>
      <trkpt lat="39.870767052035106" lon="116.34405299559765">
        <ele>37.1</ele>
        <time>2026-09-16T22:31:53.973000Z</time>
        <extensions>
          <gpxtpx:TrackPointExtension>
            <gpxtpx:hr>147</gpxtpx:hr>
          </gpxtpx:TrackPointExtension>
        </extensions>
      </trkpt>
      <trkpt lat="39.87071605294193" lon="116.34405399996382">
        <ele>36.7</ele>
        <time>2026-09-16T22:31:55.973000Z</time>
        <extensions>
          <gpxtpx:TrackPointExtension>
            <gpxtpx:hr>148</gpxtpx:hr>
          </gpxtpx:TrackPointExtension>
        </extensions>
      </trkpt>
      <trkpt lat="39.8706660486141" lon="116.34405799796765">
        <ele>36.7</ele>
        <time>2026-09-16T22:31:57.973000Z</time>
        <extensions>
          <gpxtpx:TrackPointExtension>
            <gpxtpx:hr>148</gpxtpx:hr>
          </gpxtpx:TrackPointExtension>
        </extensions>
      </trkpt>
      <trkpt lat="39.87061604428727" lon="116.3440619959718">
        <ele>36.9</ele>
        <time>2026-09-16T22:31:59.973000Z</time>
        <extensions>
          <gpxtpx:TrackPointExtension>
            <gpxtpx:hr>148</gpxtpx:hr>
          </gpxtpx:TrackPointExtension>
        </extensions>
      </trkpt>
      <trkpt lat="39.87056703990973" lon="116.34406599384992">
        <ele>36.9</ele>
        <time>2026-09-16T22:32:01.973000Z</time>
        <extensions>
          <gpxtpx:TrackPointExtension>
            <gpxtpx:hr>148</gpxtpx:hr>
          </gpxtpx:TrackPointExtension>
        </extensions>
      </trkpt>
      <trkpt lat="39.87051503050538" lon="116.34407298587244">
        <ele>36.9</ele>
        <time>2026-09-16T22:32:03.973000Z</time>
        <extensions>
          <gpxtpx:TrackPointExtension>
            <gpxtpx:hr>148</gpxtpx:hr>
          </gpxtpx:TrackPointExtension>
        </extensions>
      </trkpt>
      <trkpt lat="39.87046602440249" lon="116.34407798167327">
        <ele>36.7</ele>
        <time>2026-09-16T22:32:05.973000Z</time>
        <extensions>
          <gpxtpx:TrackPointExtension>
            <gpxtpx:hr>150</gpxtpx:hr>
          </gpxtpx:TrackPointExtension>
        </extensions>
      </trkpt>
      <trkpt lat="39.870422018041936" lon="116.34408297684277">
        <ele>36.7</ele>
        <time>2026-09-16T22:32:07.973000Z</time>
        <extensions>
          <gpxtpx:TrackPointExtension>
            <gpxtpx:hr>150</gpxtpx:hr>
          </gpxtpx:TrackPointExtension>
        </extensions>
      </trkpt>
      <trkpt lat="39.870380015033625" lon="116.34408597591607">
        <ele>37.1</ele>
        <time>2026-09-16T22:32:09.973000Z</time>
        <extensions>
          <gpxtpx:TrackPointExtension>
            <gpxtpx:hr>150</gpxtpx:hr>
          </gpxtpx:TrackPointExtension>
        </extensions>
      </trkpt>
      <trkpt lat="39.87033600522027" lon="116.34409296693059">
        <ele>37.1</ele>
        <time>2026-09-16T22:32:11.973000Z</time>
        <extensions>
          <gpxtpx:TrackPointExtension>
            <gpxtpx:hr>150</gpxtpx:hr>
          </gpxtpx:TrackPointExtension>
        </extensions>
      </trkpt>
      <trkpt lat="39.870287992161195" lon="116.34410195429614">
        <ele>37.1</ele>
        <time>2026-09-16T22:32:13.973000Z</time>
        <extensions>
          <gpxtpx:TrackPointExtension>
            <gpxtpx:hr>150</gpxtpx:hr>
          </gpxtpx:TrackPointExtension>
        </extensions>
      </trkpt>
      <trkpt lat="39.87023897915599" lon="116.34411094178978">
        <ele>37.2</ele>
        <time>2026-09-16T22:32:15.973000Z</time>
        <extensions>
          <gpxtpx:TrackPointExtension>
            <gpxtpx:hr>150</gpxtpx:hr>
          </gpxtpx:TrackPointExtension>
        </extensions>
      </trkpt>
      <trkpt lat="39.870187971437076" lon="116.34411693576992">
        <ele>37.2</ele>
        <time>2026-09-16T22:32:17.973000Z</time>
        <extensions>
          <gpxtpx:TrackPointExtension>
            <gpxtpx:hr>150</gpxtpx:hr>
          </gpxtpx:TrackPointExtension>
        </extensions>
      </trkpt>
      <trkpt lat="39.8701399687444" lon="116.34411993560359">
        <ele>36.6</ele>
        <time>2026-09-16T22:32:19.973000Z</time>
        <extensions>
          <gpxtpx:TrackPointExtension>
            <gpxtpx:hr>150</gpxtpx:hr>
          </gpxtpx:TrackPointExtension>
        </extensions>
      </trkpt>
      <trkpt lat="39.8700969623398" lon="116.34412493065109">
        <ele>36.6</ele>
        <time>2026-09-16T22:32:21.973000Z</time>
        <extensions>
          <gpxtpx:TrackPointExtension>
            <gpxtpx:hr>150</gpxtpx:hr>
          </gpxtpx:TrackPointExtension>
        </extensions>
      </trkpt>
      <trkpt lat="39.87005495588431" lon="116.34412992557277">
        <ele>36.6</ele>
        <time>2026-09-16T22:32:23.973000Z</time>
        <extensions>
          <gpxtpx:TrackPointExtension>
            <gpxtpx:hr>150</gpxtpx:hr>
          </gpxtpx:TrackPointExtension>
        </extensions>
      </trkpt>
      <trkpt lat="39.87000894791071" lon="116.34413591892346">
        <ele>36.6</ele>
        <time>2026-09-16T22:32:25.973000Z</time>
        <extensions>
          <gpxtpx:TrackPointExtension>
            <gpxtpx:hr>147</gpxtpx:hr>
          </gpxtpx:TrackPointExtension>
        </extensions>
      </trkpt>
      <trkpt lat="39.86995994527341" lon="116.34413891888468">
        <ele>36.6</ele>
        <time>2026-09-16T22:32:27.973000Z</time>
        <extensions>
          <gpxtpx:TrackPointExtension>
            <gpxtpx:hr>147</gpxtpx:hr>
          </gpxtpx:TrackPointExtension>
        </extensions>
      </trkpt>
      <trkpt lat="39.869908946193696" lon="116.34413992325256">
        <ele>36.5</ele>
        <time>2026-09-16T22:32:29.973000Z</time>
        <extensions>
          <gpxtpx:TrackPointExtension>
            <gpxtpx:hr>147</gpxtpx:hr>
          </gpxtpx:TrackPointExtension>
        </extensions>
      </trkpt>
      <trkpt lat="39.8698589487893" lon="116.34413992957099">
        <ele>36.5</ele>
        <time>2026-09-16T22:32:31.973000Z</time>
        <extensions>
          <gpxtpx:TrackPointExtension>
            <gpxtpx:hr>147</gpxtpx:hr>
          </gpxtpx:TrackPointExtension>
        </extensions>
      </trkpt>
      <trkpt lat="39.86981094437601" lon="116.34414392732924">
        <ele>36.5</ele>
        <time>2026-09-16T22:32:33.973000Z</time>
        <extensions>
          <gpxtpx:TrackPointExtension>
            <gpxtpx:hr>147</gpxtpx:hr>
          </gpxtpx:TrackPointExtension>
        </extensions>
      </trkpt>
      <trkpt lat="39.86975993321432" lon="116.34415191716018">
        <ele>36.9</ele>
        <time>2026-09-16T22:32:35.973000Z</time>
        <extensions>
          <gpxtpx:TrackPointExtension>
            <gpxtpx:hr>145</gpxtpx:hr>
          </gpxtpx:TrackPointExtension>
        </extensions>
      </trkpt>
      <trkpt lat="39.86970992027641" lon="116.34416090478965">
        <ele>36.9</ele>
        <time>2026-09-16T22:32:37.973000Z</time>
        <extensions>
          <gpxtpx:TrackPointExtension>
            <gpxtpx:hr>145</gpxtpx:hr>
          </gpxtpx:TrackPointExtension>
        </extensions>
      </trkpt>
      <trkpt lat="39.869661907236676" lon="116.34416989216807">
        <ele>36.9</ele>
        <time>2026-09-16T22:32:39.973000Z</time>
        <extensions>
          <gpxtpx:TrackPointExtension>
            <gpxtpx:hr>146</gpxtpx:hr>
          </gpxtpx:TrackPointExtension>
        </extensions>
      </trkpt>
      <trkpt lat="39.869618899116546" lon="116.34417588514468">
        <ele>36.7</ele>
        <time>2026-09-16T22:32:41.973000Z</time>
        <extensions>
          <gpxtpx:TrackPointExtension>
            <gpxtpx:hr>146</gpxtpx:hr>
          </gpxtpx:TrackPointExtension>
        </extensions>
      </trkpt>
      <trkpt lat="39.86957388765013" lon="116.34418387422282">
        <ele>36.7</ele>
        <time>2026-09-16T22:32:43.973000Z</time>
        <extensions>
          <gpxtpx:TrackPointExtension>
            <gpxtpx:hr>146</gpxtpx:hr>
          </gpxtpx:TrackPointExtension>
        </extensions>
      </trkpt>
      <trkpt lat="39.8695258677138" lon="116.34419685330265">
        <ele>36.7</ele>
        <time>2026-09-16T22:32:45.973000Z</time>
        <extensions>
          <gpxtpx:TrackPointExtension>
            <gpxtpx:hr>145</gpxtpx:hr>
          </gpxtpx:TrackPointExtension>
        </extensions>
      </trkpt>
      <trkpt lat="39.869478847729034" lon="116.34420983225968">
        <ele>36.7</ele>
        <time>2026-09-16T22:32:47.973000Z</time>
        <extensions>
          <gpxtpx:TrackPointExtension>
            <gpxtpx:hr>145</gpxtpx:hr>
          </gpxtpx:TrackPointExtension>
        </extensions>
      </trkpt>
      <trkpt lat="39.86943382591873" lon="116.34422380889238">
        <ele>36.7</ele>
        <time>2026-09-16T22:32:49.973000Z</time>
        <extensions>
          <gpxtpx:TrackPointExtension>
            <gpxtpx:hr>146</gpxtpx:hr>
          </gpxtpx:TrackPointExtension>
        </extensions>
      </trkpt>
      <trkpt lat="39.8693888144614" lon="116.34423179797861">
        <ele>36.8</ele>
        <time>2026-09-16T22:32:51.973000Z</time>
        <extensions>
          <gpxtpx:TrackPointExtension>
            <gpxtpx:hr>146</gpxtpx:hr>
          </gpxtpx:TrackPointExtension>
        </extensions>
      </trkpt>
      <trkpt lat="39.86934181000904" lon="116.34423579561825">
        <ele>36.8</ele>
        <time>2026-09-16T22:32:53.973000Z</time>
        <extensions>
          <gpxtpx:TrackPointExtension>
            <gpxtpx:hr>146</gpxtpx:hr>
          </gpxtpx:TrackPointExtension>
        </extensions>
      </trkpt>
      <trkpt lat="39.8692948107319" lon="116.34423679948269">
        <ele>36.8</ele>
        <time>2026-09-16T22:32:55.973000Z</time>
        <extensions>
          <gpxtpx:TrackPointExtension>
            <gpxtpx:hr>146</gpxtpx:hr>
          </gpxtpx:TrackPointExtension>
        </extensions>
      </trkpt>
      <trkpt lat="39.869246808058016" lon="116.3442397993239">
        <ele>36.8</ele>
        <time>2026-09-16T22:32:57.973000Z</time>
        <extensions>
          <gpxtpx:TrackPointExtension>
            <gpxtpx:hr>146</gpxtpx:hr>
          </gpxtpx:TrackPointExtension>
        </extensions>
      </trkpt>
      <trkpt lat="39.86919680203984" lon="116.34424479526862">
        <ele>36.8</ele>
        <time>2026-09-16T22:32:59.973000Z</time>
        <extensions>
          <gpxtpx:TrackPointExtension>
            <gpxtpx:hr>145</gpxtpx:hr>
          </gpxtpx:TrackPointExtension>
        </extensions>
      </trkpt>
      <trkpt lat="39.86914879419401" lon="116.34425078888657">
        <ele>36.7</ele>
        <time>2026-09-16T22:33:01.973000Z</time>
        <extensions>
          <gpxtpx:TrackPointExtension>
            <gpxtpx:hr>145</gpxtpx:hr>
          </gpxtpx:TrackPointExtension>
        </extensions>
      </trkpt>
      <trkpt lat="39.8690997881261" lon="116.34425578470608">
        <ele>36.7</ele>
        <time>2026-09-16T22:33:03.973000Z</time>
        <extensions>
          <gpxtpx:TrackPointExtension>
            <gpxtpx:hr>145</gpxtpx:hr>
          </gpxtpx:TrackPointExtension>
        </extensions>
      </trkpt>
      <trkpt lat="39.86905178200716" lon="116.34426078039974">
        <ele>37.2</ele>
        <time>2026-09-16T22:33:05.973000Z</time>
        <extensions>
          <gpxtpx:TrackPointExtension>
            <gpxtpx:hr>146</gpxtpx:hr>
          </gpxtpx:TrackPointExtension>
        </extensions>
      </trkpt>
      <trkpt lat="39.86900077604585" lon="116.34426577647302">
        <ele>37.2</ele>
        <time>2026-09-16T22:33:07.973000Z</time>
        <extensions>
          <gpxtpx:TrackPointExtension>
            <gpxtpx:hr>146</gpxtpx:hr>
          </gpxtpx:TrackPointExtension>
        </extensions>
      </trkpt>
      <trkpt lat="39.86895177342983" lon="116.34426877644242">
        <ele>37.2</ele>
        <time>2026-09-16T22:33:09.973000Z</time>
        <extensions>
          <gpxtpx:TrackPointExtension>
            <gpxtpx:hr>147</gpxtpx:hr>
          </gpxtpx:TrackPointExtension>
        </extensions>
      </trkpt>
      <trkpt lat="39.86890477071026" lon="116.34427177615926">
        <ele>36.7</ele>
        <time>2026-09-16T22:33:11.973000Z</time>
        <extensions>
          <gpxtpx:TrackPointExtension>
            <gpxtpx:hr>147</gpxtpx:hr>
          </gpxtpx:TrackPointExtension>
        </extensions>
      </trkpt>
      <trkpt lat="39.86885876621516" lon="116.34427577367588">
        <ele>36.7</ele>
        <time>2026-09-16T22:33:13.973000Z</time>
        <extensions>
          <gpxtpx:TrackPointExtension>
            <gpxtpx:hr>147</gpxtpx:hr>
          </gpxtpx:TrackPointExtension>
        </extensions>
      </trkpt>
      <trkpt lat="39.86881075837736" lon="116.34428176729774">
        <ele>36.8</ele>
        <time>2026-09-16T22:33:15.973000Z</time>
        <extensions>
          <gpxtpx:TrackPointExtension>
            <gpxtpx:hr>146</gpxtpx:hr>
          </gpxtpx:TrackPointExtension>
        </extensions>
      </trkpt>
      <trkpt lat="39.86876174714533" lon="116.34428975689924">
        <ele>36.8</ele>
        <time>2026-09-16T22:33:17.973000Z</time>
        <extensions>
          <gpxtpx:TrackPointExtension>
            <gpxtpx:hr>146</gpxtpx:hr>
          </gpxtpx:TrackPointExtension>
        </extensions>
      </trkpt>
      <trkpt lat="39.8687127359151" lon="116.3442977465021">
        <ele>36.8</ele>
        <time>2026-09-16T22:33:19.973000Z</time>
        <extensions>
          <gpxtpx:TrackPointExtension>
            <gpxtpx:hr>146</gpxtpx:hr>
          </gpxtpx:TrackPointExtension>
        </extensions>
      </trkpt>
      <trkpt lat="39.86866672452991" lon="116.3443057357272">
        <ele>37.2</ele>
        <time>2026-09-16T22:33:21.973000Z</time>
        <extensions>
          <gpxtpx:TrackPointExtension>
            <gpxtpx:hr>146</gpxtpx:hr>
          </gpxtpx:TrackPointExtension>
        </extensions>
      </trkpt>
      <trkpt lat="39.86862271993584" lon="116.34430973299396">
        <ele>37.2</ele>
        <time>2026-09-16T22:33:23.973000Z</time>
        <extensions>
          <gpxtpx:TrackPointExtension>
            <gpxtpx:hr>146</gpxtpx:hr>
          </gpxtpx:TrackPointExtension>
        </extensions>
      </trkpt>
      <trkpt lat="39.86857971701381" lon="116.34431273220792">
        <ele>37.0</ele>
        <time>2026-09-16T22:33:25.973000Z</time>
        <extensions>
          <gpxtpx:TrackPointExtension>
            <gpxtpx:hr>146</gpxtpx:hr>
          </gpxtpx:TrackPointExtension>
        </extensions>
      </trkpt>
      <trkpt lat="39.86853370907921" lon="116.34431872558174">
        <ele>37.0</ele>
        <time>2026-09-16T22:33:27.973000Z</time>
        <extensions>
          <gpxtpx:TrackPointExtension>
            <gpxtpx:hr>146</gpxtpx:hr>
          </gpxtpx:TrackPointExtension>
        </extensions>
      </trkpt>
      <trkpt lat="39.86848470302613" lon="116.34432372140843">
        <ele>37.0</ele>
        <time>2026-09-16T22:33:29.973000Z</time>
        <extensions>
          <gpxtpx:TrackPointExtension>
            <gpxtpx:hr>147</gpxtpx:hr>
          </gpxtpx:TrackPointExtension>
        </extensions>
      </trkpt>
      <trkpt lat="39.86843569869739" lon="116.34432771930852">
        <ele>36.8</ele>
        <time>2026-09-16T22:33:31.973000Z</time>
        <extensions>
          <gpxtpx:TrackPointExtension>
            <gpxtpx:hr>147</gpxtpx:hr>
          </gpxtpx:TrackPointExtension>
        </extensions>
      </trkpt>
      <trkpt lat="39.86838869426494" lon="116.34433171695625">
        <ele>36.8</ele>
        <time>2026-09-16T22:33:33.973000Z</time>
        <extensions>
          <gpxtpx:TrackPointExtension>
            <gpxtpx:hr>147</gpxtpx:hr>
          </gpxtpx:TrackPointExtension>
        </extensions>
      </trkpt>
      <trkpt lat="39.86834268978106" lon="116.34433571447794">
        <ele>37.1</ele>
        <time>2026-09-16T22:33:35.973000Z</time>
        <extensions>
          <gpxtpx:TrackPointExtension>
            <gpxtpx:hr>146</gpxtpx:hr>
          </gpxtpx:TrackPointExtension>
        </extensions>
      </trkpt>
      <trkpt lat="39.86829968514094" lon="116.34433971162086">
        <ele>37.1</ele>
        <time>2026-09-16T22:33:37.973000Z</time>
        <extensions>
          <gpxtpx:TrackPointExtension>
            <gpxtpx:hr>146</gpxtpx:hr>
          </gpxtpx:TrackPointExtension>
        </extensions>
      </trkpt>
      <trkpt lat="39.868293661334846" lon="116.34435368336388">
        <ele>37.1</ele>
        <time>2026-09-16T22:33:39.973000Z</time>
        <extensions>
          <gpxtpx:TrackPointExtension>
            <gpxtpx:hr>146</gpxtpx:hr>
          </gpxtpx:TrackPointExtension>
        </extensions>
      </trkpt>
      <trkpt lat="39.86832263397645" lon="116.34436864861614">
        <ele>37.2</ele>
        <time>2026-09-16T22:33:41.973000Z</time>
        <extensions>
          <gpxtpx:TrackPointExtension>
            <gpxtpx:hr>146</gpxtpx:hr>
          </gpxtpx:TrackPointExtension>
        </extensions>
      </trkpt>
      <trkpt lat="39.86837960171169" lon="116.3443856061914">
        <ele>36.6</ele>
        <time>2026-09-16T22:33:45.973000Z</time>
        <extensions>
          <gpxtpx:TrackPointExtension>
            <gpxtpx:hr>147</gpxtpx:hr>
          </gpxtpx:TrackPointExtension>
        </extensions>
      </trkpt>
      <trkpt lat="39.86843259032644" lon="116.34439058913568">
        <ele>36.6</ele>
        <time>2026-09-16T22:33:47.973000Z</time>
        <extensions>
          <gpxtpx:TrackPointExtension>
            <gpxtpx:hr>147</gpxtpx:hr>
          </gpxtpx:TrackPointExtension>
        </extensions>
      </trkpt>
      <trkpt lat="39.86848258082147" lon="116.34439457453107">
        <ele>36.6</ele>
        <time>2026-09-16T22:33:49.973000Z</time>
        <extensions>
          <gpxtpx:TrackPointExtension>
            <gpxtpx:hr>147</gpxtpx:hr>
          </gpxtpx:TrackPointExtension>
        </extensions>
      </trkpt>
      <trkpt lat="39.86853357470921" lon="116.3443965639433">
        <ele>36.9</ele>
        <time>2026-09-16T22:33:51.973000Z</time>
        <extensions>
          <gpxtpx:TrackPointExtension>
            <gpxtpx:hr>147</gpxtpx:hr>
          </gpxtpx:TrackPointExtension>
        </extensions>
      </trkpt>
      <trkpt lat="39.868586573659215" lon="116.34439555931722">
        <ele>36.9</ele>
        <time>2026-09-16T22:33:53.973000Z</time>
        <extensions>
          <gpxtpx:TrackPointExtension>
            <gpxtpx:hr>147</gpxtpx:hr>
          </gpxtpx:TrackPointExtension>
        </extensions>
      </trkpt>
      <trkpt lat="39.86863957605421" lon="116.34439255883422">
        <ele>36.9</ele>
        <time>2026-09-16T22:33:55.973000Z</time>
        <extensions>
          <gpxtpx:TrackPointExtension>
            <gpxtpx:hr>151</gpxtpx:hr>
          </gpxtpx:TrackPointExtension>
        </extensions>
      </trkpt>
      <trkpt lat="39.868689582051275" lon="116.34438756287378">
        <ele>36.9</ele>
        <time>2026-09-16T22:33:57.973000Z</time>
        <extensions>
          <gpxtpx:TrackPointExtension>
            <gpxtpx:hr>151</gpxtpx:hr>
          </gpxtpx:TrackPointExtension>
        </extensions>
      </trkpt>
      <trkpt lat="39.86873558825852" lon="116.34438256741934">
        <ele>36.9</ele>
        <time>2026-09-16T22:33:59.973000Z</time>
        <extensions>
          <gpxtpx:TrackPointExtension>
            <gpxtpx:hr>147</gpxtpx:hr>
          </gpxtpx:TrackPointExtension>
        </extensions>
      </trkpt>
      <trkpt lat="39.86878259441459" lon="116.34437757183908">
        <ele>37.1</ele>
        <time>2026-09-16T22:34:01.973000Z</time>
        <extensions>
          <gpxtpx:TrackPointExtension>
            <gpxtpx:hr>147</gpxtpx:hr>
          </gpxtpx:TrackPointExtension>
        </extensions>
      </trkpt>
      <trkpt lat="39.86883160218975" lon="116.3443715780786">
        <ele>37.1</ele>
        <time>2026-09-16T22:34:03.973000Z</time>
        <extensions>
          <gpxtpx:TrackPointExtension>
            <gpxtpx:hr>147</gpxtpx:hr>
          </gpxtpx:TrackPointExtension>
        </extensions>
      </trkpt>
      <trkpt lat="39.86888060824371" lon="116.34436658224675">
        <ele>36.8</ele>
        <time>2026-09-16T22:34:05.973000Z</time>
        <extensions>
          <gpxtpx:TrackPointExtension>
            <gpxtpx:hr>148</gpxtpx:hr>
          </gpxtpx:TrackPointExtension>
        </extensions>
      </trkpt>
      <trkpt lat="39.86892961774408" lon="116.34435959055992">
        <ele>36.8</ele>
        <time>2026-09-16T22:34:07.973000Z</time>
        <extensions>
          <gpxtpx:TrackPointExtension>
            <gpxtpx:hr>148</gpxtpx:hr>
          </gpxtpx:TrackPointExtension>
        </extensions>
      </trkpt>
      <trkpt lat="39.86897662562761" lon="116.34435359705446">
        <ele>36.8</ele>
        <time>2026-09-16T22:34:09.973000Z</time>
        <extensions>
          <gpxtpx:TrackPointExtension>
            <gpxtpx:hr>148</gpxtpx:hr>
          </gpxtpx:TrackPointExtension>
        </extensions>
      </trkpt>
      <trkpt lat="39.869021631893894" lon="116.34434860173">
        <ele>36.8</ele>
        <time>2026-09-16T22:34:11.973000Z</time>
        <extensions>
          <gpxtpx:TrackPointExtension>
            <gpxtpx:hr>148</gpxtpx:hr>
          </gpxtpx:TrackPointExtension>
        </extensions>
      </trkpt>
      <trkpt lat="39.86906563649043" lon="116.34434460445985">
        <ele>36.8</ele>
        <time>2026-09-16T22:34:13.973000Z</time>
        <extensions>
          <gpxtpx:TrackPointExtension>
            <gpxtpx:hr>148</gpxtpx:hr>
          </gpxtpx:TrackPointExtension>
        </extensions>
      </trkpt>
      <trkpt lat="39.86911064103568" lon="116.34434060706369">
        <ele>36.7</ele>
        <time>2026-09-16T22:34:15.973000Z</time>
        <extensions>
          <gpxtpx:TrackPointExtension>
            <gpxtpx:hr>146</gpxtpx:hr>
          </gpxtpx:TrackPointExtension>
        </extensions>
      </trkpt>
      <trkpt lat="39.86915664897583" lon="116.34433461368701">
        <ele>36.7</ele>
        <time>2026-09-16T22:34:17.973000Z</time>
        <extensions>
          <gpxtpx:TrackPointExtension>
            <gpxtpx:hr>146</gpxtpx:hr>
          </gpxtpx:TrackPointExtension>
        </extensions>
      </trkpt>
      <trkpt lat="39.86920265864044" lon="116.34432762238403">
        <ele>36.7</ele>
        <time>2026-09-16T22:34:19.973000Z</time>
        <extensions>
          <gpxtpx:TrackPointExtension>
            <gpxtpx:hr>146</gpxtpx:hr>
          </gpxtpx:TrackPointExtension>
        </extensions>
      </trkpt>
      <trkpt lat="39.86924967170114" lon="116.34431863510194">
        <ele>36.8</ele>
        <time>2026-09-16T22:34:21.973000Z</time>
        <extensions>
          <gpxtpx:TrackPointExtension>
            <gpxtpx:hr>146</gpxtpx:hr>
          </gpxtpx:TrackPointExtension>
        </extensions>
      </trkpt>
      <trkpt lat="39.869296681316875" lon="116.34431164367497">
        <ele>36.8</ele>
        <time>2026-09-16T22:34:23.973000Z</time>
        <extensions>
          <gpxtpx:TrackPointExtension>
            <gpxtpx:hr>146</gpxtpx:hr>
          </gpxtpx:TrackPointExtension>
        </extensions>
      </trkpt>
      <trkpt lat="39.86934369093411" lon="116.34430465224902">
        <ele>36.8</ele>
        <time>2026-09-16T22:34:25.973000Z</time>
        <extensions>
          <gpxtpx:TrackPointExtension>
            <gpxtpx:hr>146</gpxtpx:hr>
          </gpxtpx:TrackPointExtension>
        </extensions>
      </trkpt>
      <trkpt lat="39.86939170222453" lon="116.34429666277134">
        <ele>36.5</ele>
        <time>2026-09-16T22:34:27.973000Z</time>
        <extensions>
          <gpxtpx:TrackPointExtension>
            <gpxtpx:hr>146</gpxtpx:hr>
          </gpxtpx:TrackPointExtension>
        </extensions>
      </trkpt>
      <trkpt lat="39.86943971351675" lon="116.34428867329503">
        <ele>36.5</ele>
        <time>2026-09-16T22:34:29.973000Z</time>
        <extensions>
          <gpxtpx:TrackPointExtension>
            <gpxtpx:hr>147</gpxtpx:hr>
          </gpxtpx:TrackPointExtension>
        </extensions>
      </trkpt>
      <trkpt lat="39.86948872475873" lon="116.34428068369367">
        <ele>36.7</ele>
        <time>2026-09-16T22:34:31.973000Z</time>
        <extensions>
          <gpxtpx:TrackPointExtension>
            <gpxtpx:hr>147</gpxtpx:hr>
          </gpxtpx:TrackPointExtension>
        </extensions>
      </trkpt>
      <trkpt lat="39.869539735898506" lon="116.34427269384095">
        <ele>36.7</ele>
        <time>2026-09-16T22:34:33.973000Z</time>
        <extensions>
          <gpxtpx:TrackPointExtension>
            <gpxtpx:hr>147</gpxtpx:hr>
          </gpxtpx:TrackPointExtension>
        </extensions>
      </trkpt>
      <trkpt lat="39.869589748816466" lon="116.34426370619022">
        <ele>36.7</ele>
        <time>2026-09-16T22:34:35.973000Z</time>
        <extensions>
          <gpxtpx:TrackPointExtension>
            <gpxtpx:hr>148</gpxtpx:hr>
          </gpxtpx:TrackPointExtension>
        </extensions>
      </trkpt>
      <trkpt lat="39.86963876006407" lon="116.34425571659311">
        <ele>36.7</ele>
        <time>2026-09-16T22:34:37.973000Z</time>
        <extensions>
          <gpxtpx:TrackPointExtension>
            <gpxtpx:hr>148</gpxtpx:hr>
          </gpxtpx:TrackPointExtension>
        </extensions>
      </trkpt>
      <trkpt lat="39.86968476974481" lon="116.34424872530182">
        <ele>36.7</ele>
        <time>2026-09-16T22:34:39.973000Z</time>
        <extensions>
          <gpxtpx:TrackPointExtension>
            <gpxtpx:hr>147</gpxtpx:hr>
          </gpxtpx:TrackPointExtension>
        </extensions>
      </trkpt>
      <trkpt lat="39.86972977947897" lon="116.34424173413797">
        <ele>36.8</ele>
        <time>2026-09-16T22:34:41.973000Z</time>
        <extensions>
          <gpxtpx:TrackPointExtension>
            <gpxtpx:hr>147</gpxtpx:hr>
          </gpxtpx:TrackPointExtension>
        </extensions>
      </trkpt>
      <trkpt lat="39.86977578571302" lon="116.34423673869898">
        <ele>36.8</ele>
        <time>2026-09-16T22:34:43.973000Z</time>
        <extensions>
          <gpxtpx:TrackPointExtension>
            <gpxtpx:hr>147</gpxtpx:hr>
          </gpxtpx:TrackPointExtension>
        </extensions>
      </trkpt>
      <trkpt lat="39.86982079200004" lon="116.3442317433869">
        <ele>36.8</ele>
        <time>2026-09-16T22:34:45.973000Z</time>
        <extensions>
          <gpxtpx:TrackPointExtension>
            <gpxtpx:hr>148</gpxtpx:hr>
          </gpxtpx:TrackPointExtension>
        </extensions>
      </trkpt>
      <trkpt lat="39.869865800013066" lon="116.34422575015043">
        <ele>37.1</ele>
        <time>2026-09-16T22:34:47.973000Z</time>
        <extensions>
          <gpxtpx:TrackPointExtension>
            <gpxtpx:hr>148</gpxtpx:hr>
          </gpxtpx:TrackPointExtension>
        </extensions>
      </trkpt>
      <trkpt lat="39.869909809804305" lon="116.34421875911633">
        <ele>37.1</ele>
        <time>2026-09-16T22:34:49.973000Z</time>
        <extensions>
          <gpxtpx:TrackPointExtension>
            <gpxtpx:hr>149</gpxtpx:hr>
          </gpxtpx:TrackPointExtension>
        </extensions>
      </trkpt>
      <trkpt lat="39.86995681771607" lon="116.34421276562877">
        <ele>36.9</ele>
        <time>2026-09-16T22:34:51.973000Z</time>
        <extensions>
          <gpxtpx:TrackPointExtension>
            <gpxtpx:hr>149</gpxtpx:hr>
          </gpxtpx:TrackPointExtension>
        </extensions>
      </trkpt>
      <trkpt lat="39.87000482212664" lon="116.34420876786463">
        <ele>36.9</ele>
        <time>2026-09-16T22:34:53.973000Z</time>
        <extensions>
          <gpxtpx:TrackPointExtension>
            <gpxtpx:hr>149</gpxtpx:hr>
          </gpxtpx:TrackPointExtension>
        </extensions>
      </trkpt>
      <trkpt lat="39.87005383166242" lon="116.34420177620119">
        <ele>36.9</ele>
        <time>2026-09-16T22:34:55.973000Z</time>
        <extensions>
          <gpxtpx:TrackPointExtension>
            <gpxtpx:hr>146</gpxtpx:hr>
          </gpxtpx:TrackPointExtension>
        </extensions>
      </trkpt>
      <trkpt lat="39.870101841251596" lon="116.34419478466515">
        <ele>36.6</ele>
        <time>2026-09-16T22:34:57.973000Z</time>
        <extensions>
          <gpxtpx:TrackPointExtension>
            <gpxtpx:hr>146</gpxtpx:hr>
          </gpxtpx:TrackPointExtension>
        </extensions>
      </trkpt>
      <trkpt lat="39.87014785439728" lon="116.34418579753472">
        <ele>36.6</ele>
        <time>2026-09-16T22:34:59.973000Z</time>
        <extensions>
          <gpxtpx:TrackPointExtension>
            <gpxtpx:hr>146</gpxtpx:hr>
          </gpxtpx:TrackPointExtension>
        </extensions>
      </trkpt>
      <trkpt lat="39.870193867544984" lon="116.34417681040603">
        <ele>36.6</ele>
        <time>2026-09-16T22:35:01.973000Z</time>
        <extensions>
          <gpxtpx:TrackPointExtension>
            <gpxtpx:hr>146</gpxtpx:hr>
          </gpxtpx:TrackPointExtension>
        </extensions>
      </trkpt>
      <trkpt lat="39.87024388048748" lon="116.34416782277353">
        <ele>36.6</ele>
        <time>2026-09-16T22:35:03.973000Z</time>
        <extensions>
          <gpxtpx:TrackPointExtension>
            <gpxtpx:hr>146</gpxtpx:hr>
          </gpxtpx:TrackPointExtension>
        </extensions>
      </trkpt>
      <trkpt lat="39.870295886424074" lon="116.34416282658411">
        <ele>36.6</ele>
        <time>2026-09-16T22:35:05.973000Z</time>
        <extensions>
          <gpxtpx:TrackPointExtension>
            <gpxtpx:hr>147</gpxtpx:hr>
          </gpxtpx:TrackPointExtension>
        </extensions>
      </trkpt>
      <trkpt lat="39.870346894139836" lon="116.34415683259813">
        <ele>36.5</ele>
        <time>2026-09-16T22:35:07.973000Z</time>
        <extensions>
          <gpxtpx:TrackPointExtension>
            <gpxtpx:hr>147</gpxtpx:hr>
          </gpxtpx:TrackPointExtension>
        </extensions>
      </trkpt>
      <trkpt lat="39.870394902012265" lon="116.34415083899202">
        <ele>36.5</ele>
        <time>2026-09-16T22:35:09.973000Z</time>
        <extensions>
          <gpxtpx:TrackPointExtension>
            <gpxtpx:hr>148</gpxtpx:hr>
          </gpxtpx:TrackPointExtension>
        </extensions>
      </trkpt>
      <trkpt lat="39.870440909989476" lon="116.34414484563942">
        <ele>36.6</ele>
        <time>2026-09-16T22:35:11.973000Z</time>
        <extensions>
          <gpxtpx:TrackPointExtension>
            <gpxtpx:hr>148</gpxtpx:hr>
          </gpxtpx:TrackPointExtension>
        </extensions>
      </trkpt>
      <trkpt lat="39.87048491807141" lon="116.34413885254031">
        <ele>36.6</ele>
        <time>2026-09-16T22:35:13.973000Z</time>
        <extensions>
          <gpxtpx:TrackPointExtension>
            <gpxtpx:hr>148</gpxtpx:hr>
          </gpxtpx:TrackPointExtension>
        </extensions>
      </trkpt>
      <trkpt lat="39.870526922804814" lon="116.34413485554062">
        <ele>36.6</ele>
        <time>2026-09-16T22:35:15.973000Z</time>
        <extensions>
          <gpxtpx:TrackPointExtension>
            <gpxtpx:hr>149</gpxtpx:hr>
          </gpxtpx:TrackPointExtension>
        </extensions>
      </trkpt>
      <trkpt lat="39.87056992403407" lon="116.34413285426072">
        <ele>36.5</ele>
        <time>2026-09-16T22:35:17.973000Z</time>
        <extensions>
          <gpxtpx:TrackPointExtension>
            <gpxtpx:hr>149</gpxtpx:hr>
          </gpxtpx:TrackPointExtension>
        </extensions>
      </trkpt>
      <trkpt lat="39.87061491998073" lon="116.34413384649692">
        <ele>36.5</ele>
        <time>2026-09-16T22:35:19.973000Z</time>
        <extensions>
          <gpxtpx:TrackPointExtension>
            <gpxtpx:hr>149</gpxtpx:hr>
          </gpxtpx:TrackPointExtension>
        </extensions>
      </trkpt>
      <trkpt lat="39.8706639191744" lon="116.34413284238173">
        <ele>36.6</ele>
        <time>2026-09-16T22:35:21.973000Z</time>
        <extensions>
          <gpxtpx:TrackPointExtension>
            <gpxtpx:hr>149</gpxtpx:hr>
          </gpxtpx:TrackPointExtension>
        </extensions>
      </trkpt>
      <trkpt lat="39.870713918317115" lon="116.34413183814019">
        <ele>36.6</ele>
        <time>2026-09-16T22:35:23.973000Z</time>
        <extensions>
          <gpxtpx:TrackPointExtension>
            <gpxtpx:hr>149</gpxtpx:hr>
          </gpxtpx:TrackPointExtension>
        </extensions>
      </trkpt>
      <trkpt lat="39.87076392436723" lon="116.34412684220726">
        <ele>36.6</ele>
        <time>2026-09-16T22:35:25.973000Z</time>
        <extensions>
          <gpxtpx:TrackPointExtension>
            <gpxtpx:hr>147</gpxtpx:hr>
          </gpxtpx:TrackPointExtension>
        </extensions>
      </trkpt>
      <trkpt lat="39.870809932351854" lon="116.34412084885767">
        <ele>36.6</ele>
        <time>2026-09-16T22:35:27.973000Z</time>
        <extensions>
          <gpxtpx:TrackPointExtension>
            <gpxtpx:hr>147</gpxtpx:hr>
          </gpxtpx:TrackPointExtension>
        </extensions>
      </trkpt>
      <trkpt lat="39.870852945673406" lon="116.34411186212039">
        <ele>36.6</ele>
        <time>2026-09-16T22:35:29.973000Z</time>
        <extensions>
          <gpxtpx:TrackPointExtension>
            <gpxtpx:hr>147</gpxtpx:hr>
          </gpxtpx:TrackPointExtension>
        </extensions>
      </trkpt>
      <trkpt lat="39.87089695721816" lon="116.34410387318074">
        <ele>36.6</ele>
        <time>2026-09-16T22:35:31.973000Z</time>
        <extensions>
          <gpxtpx:TrackPointExtension>
            <gpxtpx:hr>147</gpxtpx:hr>
          </gpxtpx:TrackPointExtension>
        </extensions>
      </trkpt>
      <trkpt lat="39.870943966882535" lon="116.34409688178548">
        <ele>36.6</ele>
        <time>2026-09-16T22:35:33.973000Z</time>
        <extensions>
          <gpxtpx:TrackPointExtension>
            <gpxtpx:hr>147</gpxtpx:hr>
          </gpxtpx:TrackPointExtension>
        </extensions>
      </trkpt>
      <trkpt lat="39.870992971263284" lon="116.3440928839047">
        <ele>36.6</ele>
        <time>2026-09-16T22:35:35.973000Z</time>
        <extensions>
          <gpxtpx:TrackPointExtension>
            <gpxtpx:hr>148</gpxtpx:hr>
          </gpxtpx:TrackPointExtension>
        </extensions>
      </trkpt>
      <trkpt lat="39.87104297041145" lon="116.34409187966395">
        <ele>36.5</ele>
        <time>2026-09-16T22:35:37.973000Z</time>
        <extensions>
          <gpxtpx:TrackPointExtension>
            <gpxtpx:hr>148</gpxtpx:hr>
          </gpxtpx:TrackPointExtension>
        </extensions>
      </trkpt>
      <trkpt lat="39.87109396778148" lon="116.34409187321891">
        <ele>36.5</ele>
        <time>2026-09-16T22:35:39.973000Z</time>
        <extensions>
          <gpxtpx:TrackPointExtension>
            <gpxtpx:hr>147</gpxtpx:hr>
          </gpxtpx:TrackPointExtension>
        </extensions>
      </trkpt>
      <trkpt lat="39.871142973892084" lon="116.34408687741654">
        <ele>36.6</ele>
        <time>2026-09-16T22:35:41.973000Z</time>
        <extensions>
          <gpxtpx:TrackPointExtension>
            <gpxtpx:hr>147</gpxtpx:hr>
          </gpxtpx:TrackPointExtension>
        </extensions>
      </trkpt>
      <trkpt lat="39.87118998528937" lon="116.34407888810196">
        <ele>36.6</ele>
        <time>2026-09-16T22:35:43.973000Z</time>
        <extensions>
          <gpxtpx:TrackPointExtension>
            <gpxtpx:hr>147</gpxtpx:hr>
          </gpxtpx:TrackPointExtension>
        </extensions>
      </trkpt>
      <trkpt lat="39.871236996688395" lon="116.34407089878874">
        <ele>36.6</ele>
        <time>2026-09-16T22:35:45.973000Z</time>
        <extensions>
          <gpxtpx:TrackPointExtension>
            <gpxtpx:hr>148</gpxtpx:hr>
          </gpxtpx:TrackPointExtension>
        </extensions>
      </trkpt>
      <trkpt lat="39.87128200819217" lon="116.3440629097296">
        <ele>36.7</ele>
        <time>2026-09-16T22:35:47.973000Z</time>
        <extensions>
          <gpxtpx:TrackPointExtension>
            <gpxtpx:hr>148</gpxtpx:hr>
          </gpxtpx:TrackPointExtension>
        </extensions>
      </trkpt>
      <trkpt lat="39.871329016138795" lon="116.34405691626168">
        <ele>36.7</ele>
        <time>2026-09-16T22:35:49.973000Z</time>
        <extensions>
          <gpxtpx:TrackPointExtension>
            <gpxtpx:hr>145</gpxtpx:hr>
          </gpxtpx:TrackPointExtension>
        </extensions>
      </trkpt>
      <trkpt lat="39.87137402591766" lon="116.34404992512606">
        <ele>36.7</ele>
        <time>2026-09-16T22:35:51.973000Z</time>
        <extensions>
          <gpxtpx:TrackPointExtension>
            <gpxtpx:hr>145</gpxtpx:hr>
          </gpxtpx:TrackPointExtension>
        </extensions>
      </trkpt>
      <trkpt lat="39.87142003564647" lon="116.3440429338651">
        <ele>36.7</ele>
        <time>2026-09-16T22:35:53.973000Z</time>
        <extensions>
          <gpxtpx:TrackPointExtension>
            <gpxtpx:hr>145</gpxtpx:hr>
          </gpxtpx:TrackPointExtension>
        </extensions>
      </trkpt>
      <trkpt lat="39.87146704532529" lon="116.3440359424788">
        <ele>36.7</ele>
        <time>2026-09-16T22:35:55.973000Z</time>
        <extensions>
          <gpxtpx:TrackPointExtension>
            <gpxtpx:hr>144</gpxtpx:hr>
          </gpxtpx:TrackPointExtension>
        </extensions>
      </trkpt>
      <trkpt lat="39.871516056631094" lon="116.34402795292002">
        <ele>36.7</ele>
        <time>2026-09-16T22:35:57.973000Z</time>
        <extensions>
          <gpxtpx:TrackPointExtension>
            <gpxtpx:hr>144</gpxtpx:hr>
          </gpxtpx:TrackPointExtension>
        </extensions>
      </trkpt>
      <trkpt lat="39.87156606443022" lon="116.34402195907737">
        <ele>36.7</ele>
        <time>2026-09-16T22:35:59.973000Z</time>
        <extensions>
          <gpxtpx:TrackPointExtension>
            <gpxtpx:hr>145</gpxtpx:hr>
          </gpxtpx:TrackPointExtension>
        </extensions>
      </trkpt>
      <trkpt lat="39.87161306719916" lon="116.34401895937609">
        <ele>36.7</ele>
        <time>2026-09-16T22:36:01.973000Z</time>
        <extensions>
          <gpxtpx:TrackPointExtension>
            <gpxtpx:hr>145</gpxtpx:hr>
          </gpxtpx:TrackPointExtension>
        </extensions>
      </trkpt>
      <trkpt lat="39.87165906829169" lon="116.34401695772185">
        <ele>36.7</ele>
        <time>2026-09-16T22:36:03.973000Z</time>
        <extensions>
          <gpxtpx:TrackPointExtension>
            <gpxtpx:hr>145</gpxtpx:hr>
          </gpxtpx:TrackPointExtension>
        </extensions>
      </trkpt>
      <trkpt lat="39.87170607106215" lon="116.34401395802088">
        <ele>36.7</ele>
        <time>2026-09-16T22:36:05.973000Z</time>
        <extensions>
          <gpxtpx:TrackPointExtension>
            <gpxtpx:hr>147</gpxtpx:hr>
          </gpxtpx:TrackPointExtension>
        </extensions>
      </trkpt>
      <trkpt lat="39.87175407896818" lon="116.34400796443272">
        <ele>36.2</ele>
        <time>2026-09-16T22:36:07.973000Z</time>
        <extensions>
          <gpxtpx:TrackPointExtension>
            <gpxtpx:hr>147</gpxtpx:hr>
          </gpxtpx:TrackPointExtension>
        </extensions>
      </trkpt>
      <trkpt lat="39.871799087029565" lon="116.34400197122444">
        <ele>36.2</ele>
        <time>2026-09-16T22:36:09.973000Z</time>
        <extensions>
          <gpxtpx:TrackPointExtension>
            <gpxtpx:hr>146</gpxtpx:hr>
          </gpxtpx:TrackPointExtension>
        </extensions>
      </trkpt>
      <trkpt lat="39.871840098755456" lon="116.34399398268233">
        <ele>36.2</ele>
        <time>2026-09-16T22:36:11.973000Z</time>
        <extensions>
          <gpxtpx:TrackPointExtension>
            <gpxtpx:hr>146</gpxtpx:hr>
          </gpxtpx:TrackPointExtension>
        </extensions>
      </trkpt>
      <trkpt lat="39.87187510906184" lon="116.3439869928197">
        <ele>36.4</ele>
        <time>2026-09-16T22:36:13.973000Z</time>
        <extensions>
          <gpxtpx:TrackPointExtension>
            <gpxtpx:hr>146</gpxtpx:hr>
          </gpxtpx:TrackPointExtension>
        </extensions>
      </trkpt>
      <trkpt lat="39.8719101193694" lon="116.34398000295806">
        <ele>36.4</ele>
        <time>2026-09-16T22:36:15.973000Z</time>
        <extensions>
          <gpxtpx:TrackPointExtension>
            <gpxtpx:hr>147</gpxtpx:hr>
          </gpxtpx:TrackPointExtension>
        </extensions>
      </trkpt>
      <trkpt lat="39.8719521258603" lon="116.34397500805201">
        <ele>36.8</ele>
        <time>2026-09-16T22:36:17.973000Z</time>
        <extensions>
          <gpxtpx:TrackPointExtension>
            <gpxtpx:hr>147</gpxtpx:hr>
          </gpxtpx:TrackPointExtension>
        </extensions>
      </trkpt>
      <trkpt lat="39.87199813214691" lon="116.34397001264098">
        <ele>36.8</ele>
        <time>2026-09-16T22:36:19.973000Z</time>
        <extensions>
          <gpxtpx:TrackPointExtension>
            <gpxtpx:hr>147</gpxtpx:hr>
          </gpxtpx:TrackPointExtension>
        </extensions>
      </trkpt>
      <trkpt lat="39.87204613314361" lon="116.34396801073602">
        <ele>36.8</ele>
        <time>2026-09-16T22:36:21.973000Z</time>
        <extensions>
          <gpxtpx:TrackPointExtension>
            <gpxtpx:hr>147</gpxtpx:hr>
          </gpxtpx:TrackPointExtension>
        </extensions>
      </trkpt>
      <trkpt lat="39.872093129004" lon="116.34396900271587">
        <ele>36.4</ele>
        <time>2026-09-16T22:36:23.973000Z</time>
        <extensions>
          <gpxtpx:TrackPointExtension>
            <gpxtpx:hr>147</gpxtpx:hr>
          </gpxtpx:TrackPointExtension>
        </extensions>
      </trkpt>
      <trkpt lat="39.872140119676914" lon="116.3439729884543">
        <ele>36.4</ele>
        <time>2026-09-16T22:36:25.973000Z</time>
        <extensions>
          <gpxtpx:TrackPointExtension>
            <gpxtpx:hr>147</gpxtpx:hr>
          </gpxtpx:TrackPointExtension>
        </extensions>
      </trkpt>
      <trkpt lat="39.87218911370682" lon="116.34397497810106">
        <ele>36.7</ele>
        <time>2026-09-16T22:36:27.973000Z</time>
        <extensions>
          <gpxtpx:TrackPointExtension>
            <gpxtpx:hr>147</gpxtpx:hr>
          </gpxtpx:TrackPointExtension>
        </extensions>
      </trkpt>
      <trkpt lat="39.8722401093643" lon="116.34397596957548">
        <ele>36.7</ele>
        <time>2026-09-16T22:36:29.973000Z</time>
        <extensions>
          <gpxtpx:TrackPointExtension>
            <gpxtpx:hr>147</gpxtpx:hr>
          </gpxtpx:TrackPointExtension>
        </extensions>
      </trkpt>
      <trkpt lat="39.87229011544974" lon="116.34397097365881">
        <ele>36.7</ele>
        <time>2026-09-16T22:36:31.973000Z</time>
        <extensions>
          <gpxtpx:TrackPointExtension>
            <gpxtpx:hr>147</gpxtpx:hr>
          </gpxtpx:TrackPointExtension>
        </extensions>
      </trkpt>
      <trkpt lat="39.87233912504649" lon="116.34396398203026">
        <ele>36.8</ele>
        <time>2026-09-16T22:36:33.973000Z</time>
        <extensions>
          <gpxtpx:TrackPointExtension>
            <gpxtpx:hr>147</gpxtpx:hr>
          </gpxtpx:TrackPointExtension>
        </extensions>
      </trkpt>
      <trkpt lat="39.87238613647676" lon="116.34395599273626">
        <ele>36.8</ele>
        <time>2026-09-16T22:36:35.973000Z</time>
        <extensions>
          <gpxtpx:TrackPointExtension>
            <gpxtpx:hr>147</gpxtpx:hr>
          </gpxtpx:TrackPointExtension>
        </extensions>
      </trkpt>
      <trkpt lat="39.872433149638546" lon="116.34394700552457">
        <ele>36.7</ele>
        <time>2026-09-16T22:36:37.973000Z</time>
        <extensions>
          <gpxtpx:TrackPointExtension>
            <gpxtpx:hr>147</gpxtpx:hr>
          </gpxtpx:TrackPointExtension>
        </extensions>
      </trkpt>
      <trkpt lat="39.87248016280235" lon="116.34393801831456">
        <ele>36.7</ele>
        <time>2026-09-16T22:36:39.973000Z</time>
        <extensions>
          <gpxtpx:TrackPointExtension>
            <gpxtpx:hr>146</gpxtpx:hr>
          </gpxtpx:TrackPointExtension>
        </extensions>
      </trkpt>
      <trkpt lat="39.872527174238066" lon="116.3439300290249">
        <ele>36.7</ele>
        <time>2026-09-16T22:36:41.973000Z</time>
        <extensions>
          <gpxtpx:TrackPointExtension>
            <gpxtpx:hr>146</gpxtpx:hr>
          </gpxtpx:TrackPointExtension>
        </extensions>
      </trkpt>
      <trkpt lat="39.87257318572665" lon="116.34392203986295">
        <ele>36.9</ele>
        <time>2026-09-16T22:36:43.973000Z</time>
        <extensions>
          <gpxtpx:TrackPointExtension>
            <gpxtpx:hr>146</gpxtpx:hr>
          </gpxtpx:TrackPointExtension>
        </extensions>
      </trkpt>
      <trkpt lat="39.87261919721692" lon="116.34391405070234">
        <ele>36.9</ele>
        <time>2026-09-16T22:36:45.973000Z</time>
        <extensions>
          <gpxtpx:TrackPointExtension>
            <gpxtpx:hr>146</gpxtpx:hr>
          </gpxtpx:TrackPointExtension>
        </extensions>
      </trkpt>
      <trkpt lat="39.87266420702952" lon="116.3439070595876">
        <ele>36.9</ele>
        <time>2026-09-16T22:36:47.973000Z</time>
        <extensions>
          <gpxtpx:TrackPointExtension>
            <gpxtpx:hr>146</gpxtpx:hr>
          </gpxtpx:TrackPointExtension>
        </extensions>
      </trkpt>
      <trkpt lat="39.87270821689463" lon="116.34390006860023">
        <ele>36.9</ele>
        <time>2026-09-16T22:36:49.973000Z</time>
        <extensions>
          <gpxtpx:TrackPointExtension>
            <gpxtpx:hr>148</gpxtpx:hr>
          </gpxtpx:TrackPointExtension>
        </extensions>
      </trkpt>
      <trkpt lat="39.87275322844076" lon="116.34389207956966">
        <ele>36.9</ele>
        <time>2026-09-16T22:36:51.973000Z</time>
        <extensions>
          <gpxtpx:TrackPointExtension>
            <gpxtpx:hr>148</gpxtpx:hr>
          </gpxtpx:TrackPointExtension>
        </extensions>
      </trkpt>
      <trkpt lat="39.87280023815554" lon="116.34388508820537">
        <ele>36.9</ele>
        <time>2026-09-16T22:36:53.973000Z</time>
        <extensions>
          <gpxtpx:TrackPointExtension>
            <gpxtpx:hr>148</gpxtpx:hr>
          </gpxtpx:TrackPointExtension>
        </extensions>
      </trkpt>
      <trkpt lat="39.87284924776967" lon="116.34387809658935">
        <ele>36.9</ele>
        <time>2026-09-16T22:36:55.973000Z</time>
        <extensions>
          <gpxtpx:TrackPointExtension>
            <gpxtpx:hr>147</gpxtpx:hr>
          </gpxtpx:TrackPointExtension>
        </extensions>
      </trkpt>
      <trkpt lat="39.872898252192115" lon="116.34387409872673">
        <ele>36.6</ele>
        <time>2026-09-16T22:36:57.973000Z</time>
        <extensions>
          <gpxtpx:TrackPointExtension>
            <gpxtpx:hr>147</gpxtpx:hr>
          </gpxtpx:TrackPointExtension>
        </extensions>
      </trkpt>
      <trkpt lat="39.87294525498648" lon="116.34387109903463">
        <ele>36.6</ele>
        <time>2026-09-16T22:36:59.973000Z</time>
        <extensions>
          <gpxtpx:TrackPointExtension>
            <gpxtpx:hr>147</gpxtpx:hr>
          </gpxtpx:TrackPointExtension>
        </extensions>
      </trkpt>
      <trkpt lat="39.87299225431938" lon="116.34387009517748">
        <ele>36.6</ele>
        <time>2026-09-16T22:37:01.973000Z</time>
        <extensions>
          <gpxtpx:TrackPointExtension>
            <gpxtpx:hr>147</gpxtpx:hr>
          </gpxtpx:TrackPointExtension>
        </extensions>
      </trkpt>
      <trkpt lat="39.87304025533304" lon="116.3438680932766">
        <ele>36.8</ele>
        <time>2026-09-16T22:37:03.973000Z</time>
        <extensions>
          <gpxtpx:TrackPointExtension>
            <gpxtpx:hr>147</gpxtpx:hr>
          </gpxtpx:TrackPointExtension>
        </extensions>
      </trkpt>
      <trkpt lat="39.873088259809805" lon="116.34386409554116">
        <ele>36.8</ele>
        <time>2026-09-16T22:37:05.973000Z</time>
        <extensions>
          <gpxtpx:TrackPointExtension>
            <gpxtpx:hr>146</gpxtpx:hr>
          </gpxtpx:TrackPointExtension>
        </extensions>
      </trkpt>
      <trkpt lat="39.87313326617171" lon="116.34385910026802">
        <ele>36.7</ele>
        <time>2026-09-16T22:37:07.973000Z</time>
        <extensions>
          <gpxtpx:TrackPointExtension>
            <gpxtpx:hr>146</gpxtpx:hr>
          </gpxtpx:TrackPointExtension>
        </extensions>
      </trkpt>
      <trkpt lat="39.87317827599742" lon="116.34385210916128">
        <ele>36.7</ele>
        <time>2026-09-16T22:37:09.973000Z</time>
        <extensions>
          <gpxtpx:TrackPointExtension>
            <gpxtpx:hr>147</gpxtpx:hr>
          </gpxtpx:TrackPointExtension>
        </extensions>
      </trkpt>
      <trkpt lat="39.873224284042045" lon="116.34384611584606">
        <ele>36.7</ele>
        <time>2026-09-16T22:37:11.973000Z</time>
        <extensions>
          <gpxtpx:TrackPointExtension>
            <gpxtpx:hr>147</gpxtpx:hr>
          </gpxtpx:TrackPointExtension>
        </extensions>
      </trkpt>
      <trkpt lat="39.87327229371763" lon="116.34383912436208">
        <ele>36.8</ele>
        <time>2026-09-16T22:37:13.973000Z</time>
        <extensions>
          <gpxtpx:TrackPointExtension>
            <gpxtpx:hr>147</gpxtpx:hr>
          </gpxtpx:TrackPointExtension>
        </extensions>
      </trkpt>
      <trkpt lat="39.8733203033947" lon="116.34383213287909">
        <ele>36.8</ele>
        <time>2026-09-16T22:37:15.973000Z</time>
        <extensions>
          <gpxtpx:TrackPointExtension>
            <gpxtpx:hr>147</gpxtpx:hr>
          </gpxtpx:TrackPointExtension>
        </extensions>
      </trkpt>
      <trkpt lat="39.87336831307325" lon="116.34382514139713">
        <ele>36.7</ele>
        <time>2026-09-16T22:37:17.973000Z</time>
        <extensions>
          <gpxtpx:TrackPointExtension>
            <gpxtpx:hr>147</gpxtpx:hr>
          </gpxtpx:TrackPointExtension>
        </extensions>
      </trkpt>
      <trkpt lat="39.873417319238435" lon="116.3438201456225">
        <ele>36.7</ele>
        <time>2026-09-16T22:37:19.973000Z</time>
        <extensions>
          <gpxtpx:TrackPointExtension>
            <gpxtpx:hr>145</gpxtpx:hr>
          </gpxtpx:TrackPointExtension>
        </extensions>
      </trkpt>
      <trkpt lat="39.873468323570904" lon="116.34381614751192">
        <ele>36.7</ele>
        <time>2026-09-16T22:37:21.973000Z</time>
        <extensions>
          <gpxtpx:TrackPointExtension>
            <gpxtpx:hr>145</gpxtpx:hr>
          </gpxtpx:TrackPointExtension>
        </extensions>
      </trkpt>
      <trkpt lat="39.873518326223156" lon="116.34381314744424">
        <ele>36.4</ele>
        <time>2026-09-16T22:37:23.973000Z</time>
        <extensions>
          <gpxtpx:TrackPointExtension>
            <gpxtpx:hr>145</gpxtpx:hr>
          </gpxtpx:TrackPointExtension>
        </extensions>
      </trkpt>
      <trkpt lat="39.873565330760975" lon="116.34380914983973">
        <ele>36.4</ele>
        <time>2026-09-16T22:37:25.973000Z</time>
        <extensions>
          <gpxtpx:TrackPointExtension>
            <gpxtpx:hr>146</gpxtpx:hr>
          </gpxtpx:TrackPointExtension>
        </extensions>
      </trkpt>
      <trkpt lat="39.873612333567486" lon="116.34380615015162">
        <ele>36.3</ele>
        <time>2026-09-16T22:37:27.973000Z</time>
        <extensions>
          <gpxtpx:TrackPointExtension>
            <gpxtpx:hr>146</gpxtpx:hr>
          </gpxtpx:TrackPointExtension>
        </extensions>
      </trkpt>
      <trkpt lat="39.87366033632394" lon="116.34380315033731">
        <ele>36.3</ele>
        <time>2026-09-16T22:37:29.973000Z</time>
        <extensions>
          <gpxtpx:TrackPointExtension>
            <gpxtpx:hr>147</gpxtpx:hr>
          </gpxtpx:TrackPointExtension>
        </extensions>
      </trkpt>
      <trkpt lat="39.87370733739971" lon="116.34380114856552">
        <ele>36.3</ele>
        <time>2026-09-16T22:37:31.973000Z</time>
        <extensions>
          <gpxtpx:TrackPointExtension>
            <gpxtpx:hr>147</gpxtpx:hr>
          </gpxtpx:TrackPointExtension>
        </extensions>
      </trkpt>
      <trkpt lat="39.87375334025929" lon="116.34379814900426">
        <ele>36.6</ele>
        <time>2026-09-16T22:37:33.973000Z</time>
        <extensions>
          <gpxtpx:TrackPointExtension>
            <gpxtpx:hr>147</gpxtpx:hr>
          </gpxtpx:TrackPointExtension>
        </extensions>
      </trkpt>
      <trkpt lat="39.873798346635226" lon="116.34379315373792">
        <ele>36.6</ele>
        <time>2026-09-16T22:37:35.973000Z</time>
        <extensions>
          <gpxtpx:TrackPointExtension>
            <gpxtpx:hr>147</gpxtpx:hr>
          </gpxtpx:TrackPointExtension>
        </extensions>
      </trkpt>
      <trkpt lat="39.87384235133043" lon="116.34378915651419">
        <ele>36.5</ele>
        <time>2026-09-16T22:37:37.973000Z</time>
        <extensions>
          <gpxtpx:TrackPointExtension>
            <gpxtpx:hr>147</gpxtpx:hr>
          </gpxtpx:TrackPointExtension>
        </extensions>
      </trkpt>
      <trkpt lat="39.87388735770825" lon="116.34378416124878">
        <ele>36.5</ele>
        <time>2026-09-16T22:37:39.973000Z</time>
        <extensions>
          <gpxtpx:TrackPointExtension>
            <gpxtpx:hr>147</gpxtpx:hr>
          </gpxtpx:TrackPointExtension>
        </extensions>
      </trkpt>
      <trkpt lat="39.873929360774035" lon="116.34378116219408">
        <ele>36.5</ele>
        <time>2026-09-16T22:37:41.973000Z</time>
        <extensions>
          <gpxtpx:TrackPointExtension>
            <gpxtpx:hr>147</gpxtpx:hr>
          </gpxtpx:TrackPointExtension>
        </extensions>
      </trkpt>
      <trkpt lat="39.87397336373898" lon="116.3437781628868">
        <ele>36.6</ele>
        <time>2026-09-16T22:37:43.973000Z</time>
        <extensions>
          <gpxtpx:TrackPointExtension>
            <gpxtpx:hr>147</gpxtpx:hr>
          </gpxtpx:TrackPointExtension>
        </extensions>
      </trkpt>
      <trkpt lat="39.87401736497191" lon="116.34377616149516">
        <ele>36.6</ele>
        <time>2026-09-16T22:37:45.973000Z</time>
        <extensions>
          <gpxtpx:TrackPointExtension>
            <gpxtpx:hr>148</gpxtpx:hr>
          </gpxtpx:TrackPointExtension>
        </extensions>
      </trkpt>
      <trkpt lat="39.87406336956953" lon="116.34377216402005">
        <ele>36.6</ele>
        <time>2026-09-16T22:37:47.973000Z</time>
        <extensions>
          <gpxtpx:TrackPointExtension>
            <gpxtpx:hr>148</gpxtpx:hr>
          </gpxtpx:TrackPointExtension>
        </extensions>
      </trkpt>
      <trkpt lat="39.87411137406659" lon="116.34376816629252">
        <ele>37.1</ele>
        <time>2026-09-16T22:37:49.973000Z</time>
        <extensions>
          <gpxtpx:TrackPointExtension>
            <gpxtpx:hr>148</gpxtpx:hr>
          </gpxtpx:TrackPointExtension>
        </extensions>
      </trkpt>
      <trkpt lat="39.87416137673028" lon="116.34376516622774">
        <ele>37.1</ele>
        <time>2026-09-16T22:37:51.973000Z</time>
        <extensions>
          <gpxtpx:TrackPointExtension>
            <gpxtpx:hr>148</gpxtpx:hr>
          </gpxtpx:TrackPointExtension>
        </extensions>
      </trkpt>
      <trkpt lat="39.87421337929346" lon="116.3437621659104">
        <ele>36.5</ele>
        <time>2026-09-16T22:37:53.973000Z</time>
        <extensions>
          <gpxtpx:TrackPointExtension>
            <gpxtpx:hr>148</gpxtpx:hr>
          </gpxtpx:TrackPointExtension>
        </extensions>
      </trkpt>
      <trkpt lat="39.87426737829027" lon="116.3437611611707">
        <ele>36.5</ele>
        <time>2026-09-16T22:37:55.973000Z</time>
        <extensions>
          <gpxtpx:TrackPointExtension>
            <gpxtpx:hr>147</gpxtpx:hr>
          </gpxtpx:TrackPointExtension>
        </extensions>
      </trkpt>
      <trkpt lat="39.874318382638855" lon="116.34375716306491">
        <ele>36.5</ele>
        <time>2026-09-16T22:37:57.973000Z</time>
        <extensions>
          <gpxtpx:TrackPointExtension>
            <gpxtpx:hr>147</gpxtpx:hr>
          </gpxtpx:TrackPointExtension>
        </extensions>
      </trkpt>
      <trkpt lat="39.8743683905053" lon="116.34375116925594">
        <ele>36.7</ele>
        <time>2026-09-16T22:37:59.973000Z</time>
        <extensions>
          <gpxtpx:TrackPointExtension>
            <gpxtpx:hr>148</gpxtpx:hr>
          </gpxtpx:TrackPointExtension>
        </extensions>
      </trkpt>
      <trkpt lat="39.87441440030879" lon="116.34374417803845">
        <ele>36.7</ele>
        <time>2026-09-16T22:38:01.973000Z</time>
        <extensions>
          <gpxtpx:TrackPointExtension>
            <gpxtpx:hr>148</gpxtpx:hr>
          </gpxtpx:TrackPointExtension>
        </extensions>
      </trkpt>
      <trkpt lat="39.87445940669759" lon="116.34373918277765">
        <ele>36.8</ele>
        <time>2026-09-16T22:38:03.973000Z</time>
        <extensions>
          <gpxtpx:TrackPointExtension>
            <gpxtpx:hr>148</gpxtpx:hr>
          </gpxtpx:TrackPointExtension>
        </extensions>
      </trkpt>
      <trkpt lat="39.87450540956997" lon="116.34373618322017">
        <ele>36.8</ele>
        <time>2026-09-16T22:38:05.973000Z</time>
        <extensions>
          <gpxtpx:TrackPointExtension>
            <gpxtpx:hr>147</gpxtpx:hr>
          </gpxtpx:TrackPointExtension>
        </extensions>
      </trkpt>
      <trkpt lat="39.87455241239251" lon="116.3437331835365">
        <ele>36.8</ele>
        <time>2026-09-16T22:38:07.973000Z</time>
        <extensions>
          <gpxtpx:TrackPointExtension>
            <gpxtpx:hr>147</gpxtpx:hr>
          </gpxtpx:TrackPointExtension>
        </extensions>
      </trkpt>
      <trkpt lat="39.87459941521581" lon="116.343730183853">
        <ele>36.9</ele>
        <time>2026-09-16T22:38:09.973000Z</time>
        <extensions>
          <gpxtpx:TrackPointExtension>
            <gpxtpx:hr>147</gpxtpx:hr>
          </gpxtpx:TrackPointExtension>
        </extensions>
      </trkpt>
      <trkpt lat="39.87464741972287" lon="116.34372618612889">
        <ele>36.9</ele>
        <time>2026-09-16T22:38:11.973000Z</time>
        <extensions>
          <gpxtpx:TrackPointExtension>
            <gpxtpx:hr>147</gpxtpx:hr>
          </gpxtpx:TrackPointExtension>
        </extensions>
      </trkpt>
      <trkpt lat="39.874693426065555" lon="116.34372119074357">
        <ele>36.5</ele>
        <time>2026-09-16T22:38:13.973000Z</time>
        <extensions>
          <gpxtpx:TrackPointExtension>
            <gpxtpx:hr>147</gpxtpx:hr>
          </gpxtpx:TrackPointExtension>
        </extensions>
      </trkpt>
      <trkpt lat="39.87473942894183" lon="116.34371819118718">
        <ele>36.5</ele>
        <time>2026-09-16T22:38:15.973000Z</time>
        <extensions>
          <gpxtpx:TrackPointExtension>
            <gpxtpx:hr>147</gpxtpx:hr>
          </gpxtpx:TrackPointExtension>
        </extensions>
      </trkpt>
      <trkpt lat="39.87478342845243" lon="116.34371718771213">
        <ele>36.5</ele>
        <time>2026-09-16T22:38:17.973000Z</time>
        <extensions>
          <gpxtpx:TrackPointExtension>
            <gpxtpx:hr>147</gpxtpx:hr>
          </gpxtpx:TrackPointExtension>
        </extensions>
      </trkpt>
      <trkpt lat="39.87482642974782" lon="116.3437151864493">
        <ele>37.0</ele>
        <time>2026-09-16T22:38:19.973000Z</time>
        <extensions>
          <gpxtpx:TrackPointExtension>
            <gpxtpx:hr>147</gpxtpx:hr>
          </gpxtpx:TrackPointExtension>
        </extensions>
      </trkpt>
      <trkpt lat="39.8748704309933" lon="116.34371318506015">
        <ele>37.0</ele>
        <time>2026-09-16T22:38:21.973000Z</time>
        <extensions>
          <gpxtpx:TrackPointExtension>
            <gpxtpx:hr>147</gpxtpx:hr>
          </gpxtpx:TrackPointExtension>
        </extensions>
      </trkpt>
      <trkpt lat="39.87491443050557" lon="116.34371218158519">
        <ele>37.2</ele>
        <time>2026-09-16T22:38:23.973000Z</time>
        <extensions>
          <gpxtpx:TrackPointExtension>
            <gpxtpx:hr>147</gpxtpx:hr>
          </gpxtpx:TrackPointExtension>
        </extensions>
      </trkpt>
      <trkpt lat="39.87496043165128" lon="116.3437101799434">
        <ele>37.2</ele>
        <time>2026-09-16T22:38:25.973000Z</time>
        <extensions>
          <gpxtpx:TrackPointExtension>
            <gpxtpx:hr>149</gpxtpx:hr>
          </gpxtpx:TrackPointExtension>
        </extensions>
      </trkpt>
      <trkpt lat="39.87500642932994" lon="116.34371017412978">
        <ele>37.2</ele>
        <time>2026-09-16T22:38:27.973000Z</time>
        <extensions>
          <gpxtpx:TrackPointExtension>
            <gpxtpx:hr>149</gpxtpx:hr>
          </gpxtpx:TrackPointExtension>
        </extensions>
      </trkpt>
      <trkpt lat="39.87505343042643" lon="116.34370817236166">
        <ele>36.7</ele>
        <time>2026-09-16T22:38:29.973000Z</time>
        <extensions>
          <gpxtpx:TrackPointExtension>
            <gpxtpx:hr>147</gpxtpx:hr>
          </gpxtpx:TrackPointExtension>
        </extensions>
      </trkpt>
      <trkpt lat="39.87509942984015" lon="116.343707168634">
        <ele>36.7</ele>
        <time>2026-09-16T22:38:31.973000Z</time>
        <extensions>
          <gpxtpx:TrackPointExtension>
            <gpxtpx:hr>147</gpxtpx:hr>
          </gpxtpx:TrackPointExtension>
        </extensions>
      </trkpt>
      <trkpt lat="39.875146434405806" lon="116.34370317103811">
        <ele>36.6</ele>
        <time>2026-09-16T22:38:33.973000Z</time>
        <extensions>
          <gpxtpx:TrackPointExtension>
            <gpxtpx:hr>147</gpxtpx:hr>
          </gpxtpx:TrackPointExtension>
        </extensions>
      </trkpt>
      <trkpt lat="39.87519543713753" lon="116.34370017110363">
        <ele>36.6</ele>
        <time>2026-09-16T22:38:35.973000Z</time>
        <extensions>
          <gpxtpx:TrackPointExtension>
            <gpxtpx:hr>149</gpxtpx:hr>
          </gpxtpx:TrackPointExtension>
        </extensions>
      </trkpt>
      <trkpt lat="39.87524544155372" lon="116.34369617312917">
        <ele>36.6</ele>
        <time>2026-09-16T22:38:37.973000Z</time>
        <extensions>
          <gpxtpx:TrackPointExtension>
            <gpxtpx:hr>149</gpxtpx:hr>
          </gpxtpx:TrackPointExtension>
        </extensions>
      </trkpt>
      <trkpt lat="39.87529744760427" lon="116.34369117698859">
        <ele>36.6</ele>
        <time>2026-09-16T22:38:39.973000Z</time>
        <extensions>
          <gpxtpx:TrackPointExtension>
            <gpxtpx:hr>150</gpxtpx:hr>
          </gpxtpx:TrackPointExtension>
        </extensions>
      </trkpt>
      <trkpt lat="39.875347448554066" lon="116.34368917484207">
        <ele>36.6</ele>
        <time>2026-09-16T22:38:41.973000Z</time>
        <extensions>
          <gpxtpx:TrackPointExtension>
            <gpxtpx:hr>150</gpxtpx:hr>
          </gpxtpx:TrackPointExtension>
        </extensions>
      </trkpt>
      <trkpt lat="39.875396439149974" lon="116.34369316030389">
        <ele>36.7</ele>
        <time>2026-09-16T22:38:43.973000Z</time>
        <extensions>
          <gpxtpx:TrackPointExtension>
            <gpxtpx:hr>150</gpxtpx:hr>
          </gpxtpx:TrackPointExtension>
        </extensions>
      </trkpt>
      <trkpt lat="39.875442422961754" lon="116.34370113780047">
        <ele>36.7</ele>
        <time>2026-09-16T22:38:45.973000Z</time>
        <extensions>
          <gpxtpx:TrackPointExtension>
            <gpxtpx:hr>149</gpxtpx:hr>
          </gpxtpx:TrackPointExtension>
        </extensions>
      </trkpt>
      <trkpt lat="39.87548540866003" lon="116.34370811776344">
        <ele>36.7</ele>
        <time>2026-09-16T22:38:47.973000Z</time>
        <extensions>
          <gpxtpx:TrackPointExtension>
            <gpxtpx:hr>149</gpxtpx:hr>
          </gpxtpx:TrackPointExtension>
        </extensions>
      </trkpt>
      <trkpt lat="39.87552440322984" lon="116.34371010866246">
        <ele>37.2</ele>
        <time>2026-09-16T22:38:49.973000Z</time>
        <extensions>
          <gpxtpx:TrackPointExtension>
            <gpxtpx:hr>149</gpxtpx:hr>
          </gpxtpx:TrackPointExtension>
        </extensions>
      </trkpt>
      <trkpt lat="39.87556339953393" lon="116.34371110164744">
        <ele>37.2</ele>
        <time>2026-09-16T22:38:51.973000Z</time>
        <extensions>
          <gpxtpx:TrackPointExtension>
            <gpxtpx:hr>149</gpxtpx:hr>
          </gpxtpx:TrackPointExtension>
        </extensions>
      </trkpt>
      <trkpt lat="39.875602394104675" lon="116.34371309254655">
        <ele>37.0</ele>
        <time>2026-09-16T22:38:53.973000Z</time>
        <extensions>
          <gpxtpx:TrackPointExtension>
            <gpxtpx:hr>149</gpxtpx:hr>
          </gpxtpx:TrackPointExtension>
        </extensions>
      </trkpt>
      <trkpt lat="39.875643388575334" lon="116.34371508319295">
        <ele>37.0</ele>
        <time>2026-09-16T22:38:55.973000Z</time>
        <extensions>
          <gpxtpx:TrackPointExtension>
            <gpxtpx:hr>148</gpxtpx:hr>
          </gpxtpx:TrackPointExtension>
        </extensions>
      </trkpt>
      <trkpt lat="39.87568538299624" lon="116.34371707371302">
        <ele>37.0</ele>
        <time>2026-09-16T22:38:57.973000Z</time>
        <extensions>
          <gpxtpx:TrackPointExtension>
            <gpxtpx:hr>148</gpxtpx:hr>
          </gpxtpx:TrackPointExtension>
        </extensions>
      </trkpt>
      <trkpt lat="39.87572838430229" lon="116.34371507245002">
        <ele>36.9</ele>
        <time>2026-09-16T22:38:59.973000Z</time>
        <extensions>
          <gpxtpx:TrackPointExtension>
            <gpxtpx:hr>148</gpxtpx:hr>
          </gpxtpx:TrackPointExtension>
        </extensions>
      </trkpt>
      <trkpt lat="39.875772385558655" lon="116.34371307106072">
        <ele>36.9</ele>
        <time>2026-09-16T22:39:01.973000Z</time>
        <extensions>
          <gpxtpx:TrackPointExtension>
            <gpxtpx:hr>148</gpxtpx:hr>
          </gpxtpx:TrackPointExtension>
        </extensions>
      </trkpt>
      <trkpt lat="39.87581638681562" lon="116.3437110696715">
        <ele>36.6</ele>
        <time>2026-09-16T22:39:03.973000Z</time>
        <extensions>
          <gpxtpx:TrackPointExtension>
            <gpxtpx:hr>148</gpxtpx:hr>
          </gpxtpx:TrackPointExtension>
        </extensions>
      </trkpt>
      <trkpt lat="39.87586039154091" lon="116.34370707245434">
        <ele>36.6</ele>
        <time>2026-09-16T22:39:05.973000Z</time>
        <extensions>
          <gpxtpx:TrackPointExtension>
            <gpxtpx:hr>147</gpxtpx:hr>
          </gpxtpx:TrackPointExtension>
        </extensions>
      </trkpt>
      <trkpt lat="39.87590439973492" lon="116.34370107940977">
        <ele>36.6</ele>
        <time>2026-09-16T22:39:07.973000Z</time>
        <extensions>
          <gpxtpx:TrackPointExtension>
            <gpxtpx:hr>147</gpxtpx:hr>
          </gpxtpx:TrackPointExtension>
        </extensions>
      </trkpt>
      <trkpt lat="39.87595041129788" lon="116.34369309028575">
        <ele>36.9</ele>
        <time>2026-09-16T22:39:09.973000Z</time>
        <extensions>
          <gpxtpx:TrackPointExtension>
            <gpxtpx:hr>149</gpxtpx:hr>
          </gpxtpx:TrackPointExtension>
        </extensions>
      </trkpt>
      <trkpt lat="39.87599642286249" lon="116.34368510116303">
        <ele>36.9</ele>
        <time>2026-09-16T22:39:11.973000Z</time>
        <extensions>
          <gpxtpx:TrackPointExtension>
            <gpxtpx:hr>149</gpxtpx:hr>
          </gpxtpx:TrackPointExtension>
        </extensions>
      </trkpt>
      <trkpt lat="39.876040429326025" lon="116.3436801060346">
        <ele>36.8</ele>
        <time>2026-09-16T22:39:13.973000Z</time>
        <extensions>
          <gpxtpx:TrackPointExtension>
            <gpxtpx:hr>149</gpxtpx:hr>
          </gpxtpx:TrackPointExtension>
        </extensions>
      </trkpt>
      <trkpt lat="39.87607943083813" lon="116.34367810527866">
        <ele>36.8</ele>
        <time>2026-09-16T22:39:15.973000Z</time>
        <extensions>
          <gpxtpx:TrackPointExtension>
            <gpxtpx:hr>147</gpxtpx:hr>
          </gpxtpx:TrackPointExtension>
        </extensions>
      </trkpt>
      <trkpt lat="39.876114427348206" lon="116.34367909876845">
        <ele>36.8</ele>
        <time>2026-09-16T22:39:17.973000Z</time>
        <extensions>
          <gpxtpx:TrackPointExtension>
            <gpxtpx:hr>147</gpxtpx:hr>
          </gpxtpx:TrackPointExtension>
        </extensions>
      </trkpt>
      <trkpt lat="39.876147422224584" lon="116.34368109042447">
        <ele>36.1</ele>
        <time>2026-09-16T22:39:19.973000Z</time>
        <extensions>
          <gpxtpx:TrackPointExtension>
            <gpxtpx:hr>146</gpxtpx:hr>
          </gpxtpx:TrackPointExtension>
        </extensions>
      </trkpt>
      <trkpt lat="39.87618241873535" lon="116.3436820839143">
        <ele>36.1</ele>
        <time>2026-09-16T22:39:21.973000Z</time>
        <extensions>
          <gpxtpx:TrackPointExtension>
            <gpxtpx:hr>146</gpxtpx:hr>
          </gpxtpx:TrackPointExtension>
        </extensions>
      </trkpt>
      <trkpt lat="39.876216418765196" lon="116.34368108170364">
        <ele>35.7</ele>
        <time>2026-09-16T22:39:23.973000Z</time>
        <extensions>
          <gpxtpx:TrackPointExtension>
            <gpxtpx:hr>146</gpxtpx:hr>
          </gpxtpx:TrackPointExtension>
        </extensions>
      </trkpt>
      <trkpt lat="39.87625041879538" lon="116.34368007949296">
        <ele>35.7</ele>
        <time>2026-09-16T22:39:25.973000Z</time>
        <extensions>
          <gpxtpx:TrackPointExtension>
            <gpxtpx:hr>146</gpxtpx:hr>
          </gpxtpx:TrackPointExtension>
        </extensions>
      </trkpt>
      <trkpt lat="39.87628742214431" lon="116.34367708107641">
        <ele>35.7</ele>
        <time>2026-09-16T22:39:27.973000Z</time>
        <extensions>
          <gpxtpx:TrackPointExtension>
            <gpxtpx:hr>146</gpxtpx:hr>
          </gpxtpx:TrackPointExtension>
        </extensions>
      </trkpt>
      <trkpt lat="39.87632642886248" lon="116.34367208658072">
        <ele>35.7</ele>
        <time>2026-09-16T22:39:29.973000Z</time>
        <extensions>
          <gpxtpx:TrackPointExtension>
            <gpxtpx:hr>145</gpxtpx:hr>
          </gpxtpx:TrackPointExtension>
        </extensions>
      </trkpt>
      <trkpt lat="39.87636742333983" lon="116.34367407722527">
        <ele>35.7</ele>
        <time>2026-09-16T22:39:31.973000Z</time>
        <extensions>
          <gpxtpx:TrackPointExtension>
            <gpxtpx:hr>145</gpxtpx:hr>
          </gpxtpx:TrackPointExtension>
        </extensions>
      </trkpt>
      <trkpt lat="39.87641640354241" lon="116.34368405016606">
        <ele>35.7</ele>
        <time>2026-09-16T22:39:33.973000Z</time>
        <extensions>
          <gpxtpx:TrackPointExtension>
            <gpxtpx:hr>145</gpxtpx:hr>
          </gpxtpx:TrackPointExtension>
        </extensions>
      </trkpt>
      <trkpt lat="39.87647537804453" lon="116.3436970155861">
        <ele>35.7</ele>
        <time>2026-09-16T22:39:35.973000Z</time>
        <extensions>
          <gpxtpx:TrackPointExtension>
            <gpxtpx:hr>145</gpxtpx:hr>
          </gpxtpx:TrackPointExtension>
        </extensions>
      </trkpt>
      <trkpt lat="39.87653636285366" lon="116.34370399327301">
        <ele>35.7</ele>
        <time>2026-09-16T22:39:37.973000Z</time>
        <extensions>
          <gpxtpx:TrackPointExtension>
            <gpxtpx:hr>145</gpxtpx:hr>
          </gpxtpx:TrackPointExtension>
        </extensions>
      </trkpt>
      <trkpt lat="39.876587365503845" lon="116.34370099308543">
        <ele>35.9</ele>
        <time>2026-09-16T22:39:39.973000Z</time>
        <extensions>
          <gpxtpx:TrackPointExtension>
            <gpxtpx:hr>145</gpxtpx:hr>
          </gpxtpx:TrackPointExtension>
        </extensions>
      </trkpt>
      <trkpt lat="39.87663137717535" lon="116.3436930042142">
        <ele>35.9</ele>
        <time>2026-09-16T22:39:41.973000Z</time>
        <extensions>
          <gpxtpx:TrackPointExtension>
            <gpxtpx:hr>145</gpxtpx:hr>
          </gpxtpx:TrackPointExtension>
        </extensions>
      </trkpt>
      <trkpt lat="39.87667439063273" lon="116.34368401755717">
        <ele>36.4</ele>
        <time>2026-09-16T22:39:43.973000Z</time>
        <extensions>
          <gpxtpx:TrackPointExtension>
            <gpxtpx:hr>145</gpxtpx:hr>
          </gpxtpx:TrackPointExtension>
        </extensions>
      </trkpt>
      <trkpt lat="39.87671940746087" lon="116.34367303482246">
        <ele>36.4</ele>
        <time>2026-09-16T22:39:45.973000Z</time>
        <extensions>
          <gpxtpx:TrackPointExtension>
            <gpxtpx:hr>146</gpxtpx:hr>
          </gpxtpx:TrackPointExtension>
        </extensions>
      </trkpt>
      <trkpt lat="39.87676542077237" lon="116.34366404778997">
        <ele>36.4</ele>
        <time>2026-09-16T22:39:47.973000Z</time>
        <extensions>
          <gpxtpx:TrackPointExtension>
            <gpxtpx:hr>146</gpxtpx:hr>
          </gpxtpx:TrackPointExtension>
        </extensions>
      </trkpt>
      <trkpt lat="39.876812435770624" lon="116.34365406271986">
        <ele>36.7</ele>
        <time>2026-09-16T22:39:49.973000Z</time>
        <extensions>
          <gpxtpx:TrackPointExtension>
            <gpxtpx:hr>145</gpxtpx:hr>
          </gpxtpx:TrackPointExtension>
        </extensions>
      </trkpt>
      <trkpt lat="39.87685844561635" lon="116.34364707151627">
        <ele>36.7</ele>
        <time>2026-09-16T22:39:51.973000Z</time>
        <extensions>
          <gpxtpx:TrackPointExtension>
            <gpxtpx:hr>145</gpxtpx:hr>
          </gpxtpx:TrackPointExtension>
        </extensions>
      </trkpt>
      <trkpt lat="39.87690445025851" lon="116.34364307405154">
        <ele>36.7</ele>
        <time>2026-09-16T22:39:53.973000Z</time>
        <extensions>
          <gpxtpx:TrackPointExtension>
            <gpxtpx:hr>145</gpxtpx:hr>
          </gpxtpx:TrackPointExtension>
        </extensions>
      </trkpt>
      <trkpt lat="39.876948453266344" lon="116.34364007475247">
        <ele>36.6</ele>
        <time>2026-09-16T22:39:55.973000Z</time>
        <extensions>
          <gpxtpx:TrackPointExtension>
            <gpxtpx:hr>146</gpxtpx:hr>
          </gpxtpx:TrackPointExtension>
        </extensions>
      </trkpt>
      <trkpt lat="39.87699245627485" lon="116.34363707545359">
        <ele>36.6</ele>
        <time>2026-09-16T22:39:57.973000Z</time>
        <extensions>
          <gpxtpx:TrackPointExtension>
            <gpxtpx:hr>146</gpxtpx:hr>
          </gpxtpx:TrackPointExtension>
        </extensions>
      </trkpt>
      <trkpt lat="39.87703346290401" lon="116.3436320807092">
        <ele>36.9</ele>
        <time>2026-09-16T22:39:59.973000Z</time>
        <extensions>
          <gpxtpx:TrackPointExtension>
            <gpxtpx:hr>145</gpxtpx:hr>
          </gpxtpx:TrackPointExtension>
        </extensions>
      </trkpt>
      <trkpt lat="39.87707446779882" lon="116.34362808387763">
        <ele>36.9</ele>
        <time>2026-09-16T22:40:01.973000Z</time>
        <extensions>
          <gpxtpx:TrackPointExtension>
            <gpxtpx:hr>145</gpxtpx:hr>
          </gpxtpx:TrackPointExtension>
        </extensions>
      </trkpt>
      <trkpt lat="39.877115470959076" lon="116.34362508495866">
        <ele>36.9</ele>
        <time>2026-09-16T22:40:03.973000Z</time>
        <extensions>
          <gpxtpx:TrackPointExtension>
            <gpxtpx:hr>145</gpxtpx:hr>
          </gpxtpx:TrackPointExtension>
        </extensions>
      </trkpt>
      <trkpt lat="39.87715948091172" lon="116.34361809401202">
        <ele>36.8</ele>
        <time>2026-09-16T22:40:05.973000Z</time>
        <extensions>
          <gpxtpx:TrackPointExtension>
            <gpxtpx:hr>146</gpxtpx:hr>
          </gpxtpx:TrackPointExtension>
        </extensions>
      </trkpt>
      <trkpt lat="39.8772025030645" lon="116.34360411780943">
        <ele>36.8</ele>
        <time>2026-09-16T22:40:07.973000Z</time>
        <extensions>
          <gpxtpx:TrackPointExtension>
            <gpxtpx:hr>146</gpxtpx:hr>
          </gpxtpx:TrackPointExtension>
        </extensions>
      </trkpt>
      <trkpt lat="39.87724552522109" lon="116.34359014161086">
        <ele>37.1</ele>
        <time>2026-09-16T22:40:09.973000Z</time>
        <extensions>
          <gpxtpx:TrackPointExtension>
            <gpxtpx:hr>145</gpxtpx:hr>
          </gpxtpx:TrackPointExtension>
        </extensions>
      </trkpt>
      <trkpt lat="39.8772895403874" lon="116.34358015693513">
        <ele>37.1</ele>
        <time>2026-09-16T22:40:11.973000Z</time>
        <extensions>
          <gpxtpx:TrackPointExtension>
            <gpxtpx:hr>145</gpxtpx:hr>
          </gpxtpx:TrackPointExtension>
        </extensions>
      </trkpt>
      <trkpt lat="39.877335541567255" lon="116.34357815529845">
        <ele>37.1</ele>
        <time>2026-09-16T22:40:13.973000Z</time>
        <extensions>
          <gpxtpx:TrackPointExtension>
            <gpxtpx:hr>145</gpxtpx:hr>
          </gpxtpx:TrackPointExtension>
        </extensions>
      </trkpt>
      <trkpt lat="39.87738355132879" lon="116.34357116385299">
        <ele>37.0</ele>
        <time>2026-09-16T22:40:15.973000Z</time>
        <extensions>
          <gpxtpx:TrackPointExtension>
            <gpxtpx:hr>145</gpxtpx:hr>
          </gpxtpx:TrackPointExtension>
        </extensions>
      </trkpt>
      <trkpt lat="39.877430561141566" lon="116.34356417253494">
        <ele>37.0</ele>
        <time>2026-09-16T22:40:17.973000Z</time>
        <extensions>
          <gpxtpx:TrackPointExtension>
            <gpxtpx:hr>145</gpxtpx:hr>
          </gpxtpx:TrackPointExtension>
        </extensions>
      </trkpt>
      <trkpt lat="39.877478572642396" lon="116.34355618318062">
        <ele>36.6</ele>
        <time>2026-09-16T22:40:19.973000Z</time>
        <extensions>
          <gpxtpx:TrackPointExtension>
            <gpxtpx:hr>144</gpxtpx:hr>
          </gpxtpx:TrackPointExtension>
        </extensions>
      </trkpt>
      <trkpt lat="39.87752658414492" lon="116.34354819382763">
        <ele>36.6</ele>
        <time>2026-09-16T22:40:21.973000Z</time>
        <extensions>
          <gpxtpx:TrackPointExtension>
            <gpxtpx:hr>144</gpxtpx:hr>
          </gpxtpx:TrackPointExtension>
        </extensions>
      </trkpt>
      <trkpt lat="39.87757459217576" lon="116.34354220029702">
        <ele>36.6</ele>
        <time>2026-09-16T22:40:23.973000Z</time>
        <extensions>
          <gpxtpx:TrackPointExtension>
            <gpxtpx:hr>144</gpxtpx:hr>
          </gpxtpx:TrackPointExtension>
        </extensions>
      </trkpt>
      <trkpt lat="39.877620600307324" lon="116.34353620701995">
        <ele>36.9</ele>
        <time>2026-09-16T22:40:25.973000Z</time>
        <extensions>
          <gpxtpx:TrackPointExtension>
            <gpxtpx:hr>136</gpxtpx:hr>
          </gpxtpx:TrackPointExtension>
        </extensions>
      </trkpt>
      <trkpt lat="39.87766660496636" lon="116.34353220956429">
        <ele>36.9</ele>
        <time>2026-09-16T22:40:27.973000Z</time>
        <extensions>
          <gpxtpx:TrackPointExtension>
            <gpxtpx:hr>136</gpxtpx:hr>
          </gpxtpx:TrackPointExtension>
        </extensions>
      </trkpt>
      <trkpt lat="39.87771161488673" lon="116.3435252185046">
        <ele>36.9</ele>
        <time>2026-09-16T22:40:29.973000Z</time>
        <extensions>
          <gpxtpx:TrackPointExtension>
            <gpxtpx:hr>134</gpxtpx:hr>
          </gpxtpx:TrackPointExtension>
        </extensions>
      </trkpt>
      <trkpt lat="39.877758622971974" lon="116.34351922510321">
        <ele>36.9</ele>
        <time>2026-09-16T22:40:31.973000Z</time>
        <extensions>
          <gpxtpx:TrackPointExtension>
            <gpxtpx:hr>134</gpxtpx:hr>
          </gpxtpx:TrackPointExtension>
        </extensions>
      </trkpt>
      <trkpt lat="39.877806629271575" lon="116.34351422948615">
        <ele>36.9</ele>
        <time>2026-09-16T22:40:33.973000Z</time>
        <extensions>
          <gpxtpx:TrackPointExtension>
            <gpxtpx:hr>134</gpxtpx:hr>
          </gpxtpx:TrackPointExtension>
        </extensions>
      </trkpt>
      <trkpt lat="39.877853628673144" lon="116.3435132256357">
        <ele>36.5</ele>
        <time>2026-09-16T22:40:35.973000Z</time>
        <extensions>
          <gpxtpx:TrackPointExtension>
            <gpxtpx:hr>138</gpxtpx:hr>
          </gpxtpx:TrackPointExtension>
        </extensions>
      </trkpt>
      <trkpt lat="39.877899624650695" lon="116.3435142177316">
        <ele>36.5</ele>
        <time>2026-09-16T22:40:37.973000Z</time>
        <extensions>
          <gpxtpx:TrackPointExtension>
            <gpxtpx:hr>138</gpxtpx:hr>
          </gpxtpx:TrackPointExtension>
        </extensions>
      </trkpt>
      <trkpt lat="39.87794461894137" lon="116.3435162078639">
        <ele>36.5</ele>
        <time>2026-09-16T22:40:39.973000Z</time>
        <extensions>
          <gpxtpx:TrackPointExtension>
            <gpxtpx:hr>135</gpxtpx:hr>
          </gpxtpx:TrackPointExtension>
        </extensions>
      </trkpt>
      <trkpt lat="39.87798961496973" lon="116.34351720008623">
        <ele>36.5</ele>
        <time>2026-09-16T22:40:41.973000Z</time>
        <extensions>
          <gpxtpx:TrackPointExtension>
            <gpxtpx:hr>135</gpxtpx:hr>
          </gpxtpx:TrackPointExtension>
        </extensions>
      </trkpt>
      <trkpt lat="39.87803461794705" lon="116.34351420066845">
        <ele>36.5</ele>
        <time>2026-09-16T22:40:43.973000Z</time>
        <extensions>
          <gpxtpx:TrackPointExtension>
            <gpxtpx:hr>135</gpxtpx:hr>
          </gpxtpx:TrackPointExtension>
        </extensions>
      </trkpt>
      <trkpt lat="39.878082627725064" lon="116.34350720923216">
        <ele>36.8</ele>
        <time>2026-09-16T22:40:45.973000Z</time>
        <extensions>
          <gpxtpx:TrackPointExtension>
            <gpxtpx:hr>135</gpxtpx:hr>
          </gpxtpx:TrackPointExtension>
        </extensions>
      </trkpt>
      <trkpt lat="39.87813264088006" lon="116.3434982217247">
        <ele>36.8</ele>
        <time>2026-09-16T22:40:47.973000Z</time>
        <extensions>
          <gpxtpx:TrackPointExtension>
            <gpxtpx:hr>135</gpxtpx:hr>
          </gpxtpx:TrackPointExtension>
        </extensions>
      </trkpt>
      <trkpt lat="39.878182648824485" lon="116.34349222794741">
        <ele>36.8</ele>
        <time>2026-09-16T22:40:49.973000Z</time>
        <extensions>
          <gpxtpx:TrackPointExtension>
            <gpxtpx:hr>135</gpxtpx:hr>
          </gpxtpx:TrackPointExtension>
        </extensions>
      </trkpt>
      <trkpt lat="39.87823064991906" lon="116.34349022606146">
        <ele>36.8</ele>
        <time>2026-09-16T22:40:51.973000Z</time>
        <extensions>
          <gpxtpx:TrackPointExtension>
            <gpxtpx:hr>135</gpxtpx:hr>
          </gpxtpx:TrackPointExtension>
        </extensions>
      </trkpt>
      <trkpt lat="39.87827665285104" lon="116.34348722651893">
        <ele>36.8</ele>
        <time>2026-09-16T22:40:53.973000Z</time>
        <extensions>
          <gpxtpx:TrackPointExtension>
            <gpxtpx:hr>135</gpxtpx:hr>
          </gpxtpx:TrackPointExtension>
        </extensions>
      </trkpt>
      <trkpt lat="39.87832265578373" lon="116.34348422697659">
        <ele>36.9</ele>
        <time>2026-09-16T22:40:55.973000Z</time>
        <extensions>
          <gpxtpx:TrackPointExtension>
            <gpxtpx:hr>134</gpxtpx:hr>
          </gpxtpx:TrackPointExtension>
        </extensions>
      </trkpt>
      <trkpt lat="39.87836966040528" lon="116.34348022939872">
        <ele>36.9</ele>
        <time>2026-09-16T22:40:57.973000Z</time>
        <extensions>
          <gpxtpx:TrackPointExtension>
            <gpxtpx:hr>134</gpxtpx:hr>
          </gpxtpx:TrackPointExtension>
        </extensions>
      </trkpt>
      <trkpt lat="39.878416663289926" lon="116.34347722973038">
        <ele>36.7</ele>
        <time>2026-09-16T22:40:59.973000Z</time>
        <extensions>
          <gpxtpx:TrackPointExtension>
            <gpxtpx:hr>136</gpxtpx:hr>
          </gpxtpx:TrackPointExtension>
        </extensions>
      </trkpt>
      <trkpt lat="39.87846466091243" lon="116.34347722366343">
        <ele>36.7</ele>
        <time>2026-09-16T22:41:01.973000Z</time>
        <extensions>
          <gpxtpx:TrackPointExtension>
            <gpxtpx:hr>136</gpxtpx:hr>
          </gpxtpx:TrackPointExtension>
        </extensions>
      </trkpt>
      <trkpt lat="39.87850965347088" lon="116.3434802117034">
        <ele>36.7</ele>
        <time>2026-09-16T22:41:03.973000Z</time>
        <extensions>
          <gpxtpx:TrackPointExtension>
            <gpxtpx:hr>136</gpxtpx:hr>
          </gpxtpx:TrackPointExtension>
        </extensions>
      </trkpt>
      <trkpt lat="39.87855364955487" lon="116.34348120405127">
        <ele>36.6</ele>
        <time>2026-09-16T22:41:05.973000Z</time>
        <extensions>
          <gpxtpx:TrackPointExtension>
            <gpxtpx:hr>138</gpxtpx:hr>
          </gpxtpx:TrackPointExtension>
        </extensions>
      </trkpt>
      <trkpt lat="39.87859665090196" lon="116.3434792027977">
        <ele>36.6</ele>
        <time>2026-09-16T22:41:07.973000Z</time>
        <extensions>
          <gpxtpx:TrackPointExtension>
            <gpxtpx:hr>138</gpxtpx:hr>
          </gpxtpx:TrackPointExtension>
        </extensions>
      </trkpt>
      <trkpt lat="39.878640655675675" lon="116.34347520559939">
        <ele>36.5</ele>
        <time>2026-09-16T22:41:09.973000Z</time>
        <extensions>
          <gpxtpx:TrackPointExtension>
            <gpxtpx:hr>139</gpxtpx:hr>
          </gpxtpx:TrackPointExtension>
        </extensions>
      </trkpt>
      <trkpt lat="39.87868666208911" lon="116.34347021023953">
        <ele>36.5</ele>
        <time>2026-09-16T22:41:11.973000Z</time>
        <extensions>
          <gpxtpx:TrackPointExtension>
            <gpxtpx:hr>139</gpxtpx:hr>
          </gpxtpx:TrackPointExtension>
        </extensions>
      </trkpt>
      <trkpt lat="39.87873366845405" lon="116.34346521475379">
        <ele>36.5</ele>
        <time>2026-09-16T22:41:13.973000Z</time>
        <extensions>
          <gpxtpx:TrackPointExtension>
            <gpxtpx:hr>139</gpxtpx:hr>
          </gpxtpx:TrackPointExtension>
        </extensions>
      </trkpt>
      <trkpt lat="39.87878267298309" lon="116.34346121692464">
        <ele>36.2</ele>
        <time>2026-09-16T22:41:15.973000Z</time>
        <extensions>
          <gpxtpx:TrackPointExtension>
            <gpxtpx:hr>139</gpxtpx:hr>
          </gpxtpx:TrackPointExtension>
        </extensions>
      </trkpt>
      <trkpt lat="39.87883167577494" lon="116.34345821700464">
        <ele>36.2</ele>
        <time>2026-09-16T22:41:17.973000Z</time>
        <extensions>
          <gpxtpx:TrackPointExtension>
            <gpxtpx:hr>139</gpxtpx:hr>
          </gpxtpx:TrackPointExtension>
        </extensions>
      </trkpt>
      <trkpt lat="39.87888067682946" lon="116.34345621499358">
        <ele>36.7</ele>
        <time>2026-09-16T22:41:19.973000Z</time>
        <extensions>
          <gpxtpx:TrackPointExtension>
            <gpxtpx:hr>140</gpxtpx:hr>
          </gpxtpx:TrackPointExtension>
        </extensions>
      </trkpt>
      <trkpt lat="39.87892767972163" lon="116.34345321532666">
        <ele>36.7</ele>
        <time>2026-09-16T22:41:21.973000Z</time>
        <extensions>
          <gpxtpx:TrackPointExtension>
            <gpxtpx:hr>140</gpxtpx:hr>
          </gpxtpx:TrackPointExtension>
        </extensions>
      </trkpt>
      <trkpt lat="39.878975687779835" lon="116.34344722180762">
        <ele>36.7</ele>
        <time>2026-09-16T22:41:23.973000Z</time>
        <extensions>
          <gpxtpx:TrackPointExtension>
            <gpxtpx:hr>140</gpxtpx:hr>
          </gpxtpx:TrackPointExtension>
        </extensions>
      </trkpt>
      <trkpt lat="39.879023695839265" lon="116.34344122828932">
        <ele>36.8</ele>
        <time>2026-09-16T22:41:25.973000Z</time>
        <extensions>
          <gpxtpx:TrackPointExtension>
            <gpxtpx:hr>140</gpxtpx:hr>
          </gpxtpx:TrackPointExtension>
        </extensions>
      </trkpt>
      <trkpt lat="39.8790737020627" lon="116.34343623242732">
        <ele>36.8</ele>
        <time>2026-09-16T22:41:27.973000Z</time>
        <extensions>
          <gpxtpx:TrackPointExtension>
            <gpxtpx:hr>140</gpxtpx:hr>
          </gpxtpx:TrackPointExtension>
        </extensions>
      </trkpt>
      <trkpt lat="39.879122706598054" lon="116.3434322346005">
        <ele>36.7</ele>
        <time>2026-09-16T22:41:29.973000Z</time>
        <extensions>
          <gpxtpx:TrackPointExtension>
            <gpxtpx:hr>142</gpxtpx:hr>
          </gpxtpx:TrackPointExtension>
        </extensions>
      </trkpt>
      <trkpt lat="39.879169709494406" lon="116.34342923493504">
        <ele>36.7</ele>
        <time>2026-09-16T22:41:31.973000Z</time>
        <extensions>
          <gpxtpx:TrackPointExtension>
            <gpxtpx:hr>142</gpxtpx:hr>
          </gpxtpx:TrackPointExtension>
        </extensions>
      </trkpt>
      <trkpt lat="39.8792167089143" lon="116.34342823108612">
        <ele>36.7</ele>
        <time>2026-09-16T22:41:33.973000Z</time>
        <extensions>
          <gpxtpx:TrackPointExtension>
            <gpxtpx:hr>142</gpxtpx:hr>
          </gpxtpx:TrackPointExtension>
        </extensions>
      </trkpt>
      <trkpt lat="39.87926270142986" lon="116.34343121899653">
        <ele>36.4</ele>
        <time>2026-09-16T22:41:35.973000Z</time>
        <extensions>
          <gpxtpx:TrackPointExtension>
            <gpxtpx:hr>142</gpxtpx:hr>
          </gpxtpx:TrackPointExtension>
        </extensions>
      </trkpt>
      <trkpt lat="39.879306700998775" lon="116.34343021552675">
        <ele>36.4</ele>
        <time>2026-09-16T22:41:37.973000Z</time>
        <extensions>
          <gpxtpx:TrackPointExtension>
            <gpxtpx:hr>142</gpxtpx:hr>
          </gpxtpx:TrackPointExtension>
        </extensions>
      </trkpt>
      <trkpt lat="39.87935070404537" lon="116.34342721624056">
        <ele>36.6</ele>
        <time>2026-09-16T22:41:39.973000Z</time>
        <extensions>
          <gpxtpx:TrackPointExtension>
            <gpxtpx:hr>142</gpxtpx:hr>
          </gpxtpx:TrackPointExtension>
        </extensions>
      </trkpt>
      <trkpt lat="39.879395712259345" lon="116.34342122310387">
        <ele>36.6</ele>
        <time>2026-09-16T22:41:41.973000Z</time>
        <extensions>
          <gpxtpx:TrackPointExtension>
            <gpxtpx:hr>142</gpxtpx:hr>
          </gpxtpx:TrackPointExtension>
        </extensions>
      </trkpt>
      <trkpt lat="39.879444723755" lon="116.34341323364649">
        <ele>36.6</ele>
        <time>2026-09-16T22:41:43.973000Z</time>
        <extensions>
          <gpxtpx:TrackPointExtension>
            <gpxtpx:hr>142</gpxtpx:hr>
          </gpxtpx:TrackPointExtension>
        </extensions>
      </trkpt>
      <trkpt lat="39.87949674032155" lon="116.34340225008808">
        <ele>36.5</ele>
        <time>2026-09-16T22:41:45.973000Z</time>
        <extensions>
          <gpxtpx:TrackPointExtension>
            <gpxtpx:hr>143</gpxtpx:hr>
          </gpxtpx:TrackPointExtension>
        </extensions>
      </trkpt>
      <trkpt lat="39.87954876036925" lon="116.34338927071725">
        <ele>36.5</ele>
        <time>2026-09-16T22:41:47.973000Z</time>
        <extensions>
          <gpxtpx:TrackPointExtension>
            <gpxtpx:hr>143</gpxtpx:hr>
          </gpxtpx:TrackPointExtension>
        </extensions>
      </trkpt>
      <trkpt lat="39.87959877704007" lon="116.34337828741701">
        <ele>36.9</ele>
        <time>2026-09-16T22:41:49.973000Z</time>
        <extensions>
          <gpxtpx:TrackPointExtension>
            <gpxtpx:hr>144</gpxtpx:hr>
          </gpxtpx:TrackPointExtension>
        </extensions>
      </trkpt>
      <trkpt lat="39.87964779376278" lon="116.3433673042456">
        <ele>36.9</ele>
        <time>2026-09-16T22:41:51.973000Z</time>
        <extensions>
          <gpxtpx:TrackPointExtension>
            <gpxtpx:hr>144</gpxtpx:hr>
          </gpxtpx:TrackPointExtension>
        </extensions>
      </trkpt>
      <trkpt lat="39.879698803430735" lon="116.343360312451">
        <ele>36.9</ele>
        <time>2026-09-16T22:41:53.973000Z</time>
        <extensions>
          <gpxtpx:TrackPointExtension>
            <gpxtpx:hr>144</gpxtpx:hr>
          </gpxtpx:TrackPointExtension>
        </extensions>
      </trkpt>
      <trkpt lat="39.87974980962057" lon="116.3433553164708">
        <ele>36.8</ele>
        <time>2026-09-16T22:41:55.973000Z</time>
        <extensions>
          <gpxtpx:TrackPointExtension>
            <gpxtpx:hr>142</gpxtpx:hr>
          </gpxtpx:TrackPointExtension>
        </extensions>
      </trkpt>
      <trkpt lat="39.879800808852096" lon="116.34335431211775">
        <ele>36.8</ele>
        <time>2026-09-16T22:41:57.973000Z</time>
        <extensions>
          <gpxtpx:TrackPointExtension>
            <gpxtpx:hr>142</gpxtpx:hr>
          </gpxtpx:TrackPointExtension>
        </extensions>
      </trkpt>
      <trkpt lat="39.879850808133476" lon="116.34335330789112">
        <ele>36.9</ele>
        <time>2026-09-16T22:41:59.973000Z</time>
        <extensions>
          <gpxtpx:TrackPointExtension>
            <gpxtpx:hr>142</gpxtpx:hr>
          </gpxtpx:TrackPointExtension>
        </extensions>
      </trkpt>
      <trkpt lat="39.87989780930283" lon="116.34335130613705">
        <ele>36.9</ele>
        <time>2026-09-16T22:42:01.973000Z</time>
        <extensions>
          <gpxtpx:TrackPointExtension>
            <gpxtpx:hr>142</gpxtpx:hr>
          </gpxtpx:TrackPointExtension>
        </extensions>
      </trkpt>
      <trkpt lat="39.87994280883121" lon="116.34335030254245">
        <ele>36.9</ele>
        <time>2026-09-16T22:42:03.973000Z</time>
        <extensions>
          <gpxtpx:TrackPointExtension>
            <gpxtpx:hr>142</gpxtpx:hr>
          </gpxtpx:TrackPointExtension>
        </extensions>
      </trkpt>
      <trkpt lat="39.87998880483124" lon="116.34335129463469">
        <ele>36.7</ele>
        <time>2026-09-16T22:42:05.973000Z</time>
        <extensions>
          <gpxtpx:TrackPointExtension>
            <gpxtpx:hr>144</gpxtpx:hr>
          </gpxtpx:TrackPointExtension>
        </extensions>
      </trkpt>
      <trkpt lat="39.88003879715573" lon="116.34335428203468">
        <ele>36.7</ele>
        <time>2026-09-16T22:42:07.973000Z</time>
        <extensions>
          <gpxtpx:TrackPointExtension>
            <gpxtpx:hr>144</gpxtpx:hr>
          </gpxtpx:TrackPointExtension>
        </extensions>
      </trkpt>
      <trkpt lat="39.88008879122077" lon="116.34335627152811">
        <ele>36.7</ele>
        <time>2026-09-16T22:42:09.973000Z</time>
        <extensions>
          <gpxtpx:TrackPointExtension>
            <gpxtpx:hr>144</gpxtpx:hr>
          </gpxtpx:TrackPointExtension>
        </extensions>
      </trkpt>
      <trkpt lat="39.88013778881515" lon="116.34335626533448">
        <ele>36.4</ele>
        <time>2026-09-16T22:42:11.973000Z</time>
        <extensions>
          <gpxtpx:TrackPointExtension>
            <gpxtpx:hr>144</gpxtpx:hr>
          </gpxtpx:TrackPointExtension>
        </extensions>
      </trkpt>
      <trkpt lat="39.880184791727714" lon="116.34335326567353">
        <ele>36.4</ele>
        <time>2026-09-16T22:42:13.973000Z</time>
        <extensions>
          <gpxtpx:TrackPointExtension>
            <gpxtpx:hr>144</gpxtpx:hr>
          </gpxtpx:TrackPointExtension>
        </extensions>
      </trkpt>
      <trkpt lat="39.88023079295019" lon="116.3433512640458">
        <ele>36.7</ele>
        <time>2026-09-16T22:42:15.973000Z</time>
        <extensions>
          <gpxtpx:TrackPointExtension>
            <gpxtpx:hr>145</gpxtpx:hr>
          </gpxtpx:TrackPointExtension>
        </extensions>
      </trkpt>
      <trkpt lat="39.88027879581508" lon="116.34334826425874">
        <ele>36.7</ele>
        <time>2026-09-16T22:42:17.973000Z</time>
        <extensions>
          <gpxtpx:TrackPointExtension>
            <gpxtpx:hr>145</gpxtpx:hr>
          </gpxtpx:TrackPointExtension>
        </extensions>
      </trkpt>
      <trkpt lat="39.88032779689173" lon="116.34334626225198">
        <ele>36.7</ele>
        <time>2026-09-16T22:42:19.973000Z</time>
        <extensions>
          <gpxtpx:TrackPointExtension>
            <gpxtpx:hr>144</gpxtpx:hr>
          </gpxtpx:TrackPointExtension>
        </extensions>
      </trkpt>
      <trkpt lat="39.88037579279821" lon="116.34334725409124">
        <ele>36.2</ele>
        <time>2026-09-16T22:42:21.973000Z</time>
        <extensions>
          <gpxtpx:TrackPointExtension>
            <gpxtpx:hr>144</gpxtpx:hr>
          </gpxtpx:TrackPointExtension>
        </extensions>
      </trkpt>
      <trkpt lat="39.88042379044523" lon="116.34334724802395">
        <ele>36.2</ele>
        <time>2026-09-16T22:42:23.973000Z</time>
        <extensions>
          <gpxtpx:TrackPointExtension>
            <gpxtpx:hr>144</gpxtpx:hr>
          </gpxtpx:TrackPointExtension>
        </extensions>
      </trkpt>
      <trkpt lat="39.88047278804383" lon="116.34334724183024">
        <ele>36.7</ele>
        <time>2026-09-16T22:42:25.973000Z</time>
        <extensions>
          <gpxtpx:TrackPointExtension>
            <gpxtpx:hr>144</gpxtpx:hr>
          </gpxtpx:TrackPointExtension>
        </extensions>
      </trkpt>
      <trkpt lat="39.880523790764954" lon="116.3433442416642">
        <ele>36.7</ele>
        <time>2026-09-16T22:42:27.973000Z</time>
        <extensions>
          <gpxtpx:TrackPointExtension>
            <gpxtpx:hr>144</gpxtpx:hr>
          </gpxtpx:TrackPointExtension>
        </extensions>
      </trkpt>
      <trkpt lat="39.880573797015956" lon="116.34333924581193">
        <ele>36.7</ele>
        <time>2026-09-16T22:42:29.973000Z</time>
        <extensions>
          <gpxtpx:TrackPointExtension>
            <gpxtpx:hr>145</gpxtpx:hr>
          </gpxtpx:TrackPointExtension>
        </extensions>
      </trkpt>
      <trkpt lat="39.88062080863543" lon="116.34333125662063">
        <ele>36.4</ele>
        <time>2026-09-16T22:42:31.973000Z</time>
        <extensions>
          <gpxtpx:TrackPointExtension>
            <gpxtpx:hr>145</gpxtpx:hr>
          </gpxtpx:TrackPointExtension>
        </extensions>
      </trkpt>
      <trkpt lat="39.88066682030548" lon="116.34332326755704">
        <ele>36.4</ele>
        <time>2026-09-16T22:42:33.973000Z</time>
        <extensions>
          <gpxtpx:TrackPointExtension>
            <gpxtpx:hr>145</gpxtpx:hr>
          </gpxtpx:TrackPointExtension>
        </extensions>
      </trkpt>
      <trkpt lat="39.88071182680476" lon="116.34331827233892">
        <ele>36.4</ele>
        <time>2026-09-16T22:42:35.973000Z</time>
        <extensions>
          <gpxtpx:TrackPointExtension>
            <gpxtpx:hr>144</gpxtpx:hr>
          </gpxtpx:TrackPointExtension>
        </extensions>
      </trkpt>
      <trkpt lat="39.88075682982403" lon="116.34331527293304">
        <ele>36.4</ele>
        <time>2026-09-16T22:42:37.973000Z</time>
        <extensions>
          <gpxtpx:TrackPointExtension>
            <gpxtpx:hr>144</gpxtpx:hr>
          </gpxtpx:TrackPointExtension>
        </extensions>
      </trkpt>
      <trkpt lat="39.88080283279505" lon="116.34331227340091">
        <ele>36.4</ele>
        <time>2026-09-16T22:42:39.973000Z</time>
        <extensions>
          <gpxtpx:TrackPointExtension>
            <gpxtpx:hr>145</gpxtpx:hr>
          </gpxtpx:TrackPointExtension>
        </extensions>
      </trkpt>
      <trkpt lat="39.88084983745841" lon="116.34330827583682">
        <ele>36.8</ele>
        <time>2026-09-16T22:42:41.973000Z</time>
        <extensions>
          <gpxtpx:TrackPointExtension>
            <gpxtpx:hr>145</gpxtpx:hr>
          </gpxtpx:TrackPointExtension>
        </extensions>
      </trkpt>
      <trkpt lat="39.88089983501349" lon="116.34330826951665">
        <ele>36.8</ele>
        <time>2026-09-16T22:42:43.973000Z</time>
        <extensions>
          <gpxtpx:TrackPointExtension>
            <gpxtpx:hr>145</gpxtpx:hr>
          </gpxtpx:TrackPointExtension>
        </extensions>
      </trkpt>
      <trkpt lat="39.880948829136955" lon="116.34331025913441">
        <ele>36.8</ele>
        <time>2026-09-16T22:42:45.973000Z</time>
        <extensions>
          <gpxtpx:TrackPointExtension>
            <gpxtpx:hr>145</gpxtpx:hr>
          </gpxtpx:TrackPointExtension>
        </extensions>
      </trkpt>
      <trkpt lat="39.88099882147172" lon="116.34331324653165">
        <ele>36.8</ele>
        <time>2026-09-16T22:42:47.973000Z</time>
        <extensions>
          <gpxtpx:TrackPointExtension>
            <gpxtpx:hr>145</gpxtpx:hr>
          </gpxtpx:TrackPointExtension>
        </extensions>
      </trkpt>
      <trkpt lat="39.88104782255858" lon="116.3433112445262">
        <ele>36.8</ele>
        <time>2026-09-16T22:42:49.973000Z</time>
        <extensions>
          <gpxtpx:TrackPointExtension>
            <gpxtpx:hr>146</gpxtpx:hr>
          </gpxtpx:TrackPointExtension>
        </extensions>
      </trkpt>
      <trkpt lat="39.88109582717612" lon="116.34330724683575">
        <ele>36.9</ele>
        <time>2026-09-16T22:42:51.973000Z</time>
        <extensions>
          <gpxtpx:TrackPointExtension>
            <gpxtpx:hr>146</gpxtpx:hr>
          </gpxtpx:TrackPointExtension>
        </extensions>
      </trkpt>
      <trkpt lat="39.881140835422364" lon="116.34330125371359">
        <ele>36.9</ele>
        <time>2026-09-16T22:42:53.973000Z</time>
        <extensions>
          <gpxtpx:TrackPointExtension>
            <gpxtpx:hr>146</gpxtpx:hr>
          </gpxtpx:TrackPointExtension>
        </extensions>
      </trkpt>
      <trkpt lat="39.88118484023698" lon="116.34329725652957">
        <ele>36.8</ele>
        <time>2026-09-16T22:42:55.973000Z</time>
        <extensions>
          <gpxtpx:TrackPointExtension>
            <gpxtpx:hr>146</gpxtpx:hr>
          </gpxtpx:TrackPointExtension>
        </extensions>
      </trkpt>
      <trkpt lat="39.88122984500355" lon="116.34329325921946">
        <ele>36.8</ele>
        <time>2026-09-16T22:42:57.973000Z</time>
        <extensions>
          <gpxtpx:TrackPointExtension>
            <gpxtpx:hr>146</gpxtpx:hr>
          </gpxtpx:TrackPointExtension>
        </extensions>
      </trkpt>
      <trkpt lat="39.88127384807882" lon="116.34329025994143">
        <ele>36.8</ele>
        <time>2026-09-16T22:42:59.973000Z</time>
        <extensions>
          <gpxtpx:TrackPointExtension>
            <gpxtpx:hr>145</gpxtpx:hr>
          </gpxtpx:TrackPointExtension>
        </extensions>
      </trkpt>
      <trkpt lat="39.881317849413804" lon="116.3432882585689">
        <ele>37.0</ele>
        <time>2026-09-16T22:43:01.973000Z</time>
        <extensions>
          <gpxtpx:TrackPointExtension>
            <gpxtpx:hr>145</gpxtpx:hr>
          </gpxtpx:TrackPointExtension>
        </extensions>
      </trkpt>
      <trkpt lat="39.88136484538025" lon="116.3432892505332">
        <ele>37.0</ele>
        <time>2026-09-16T22:43:03.973000Z</time>
        <extensions>
          <gpxtpx:TrackPointExtension>
            <gpxtpx:hr>145</gpxtpx:hr>
          </gpxtpx:TrackPointExtension>
        </extensions>
      </trkpt>
      <trkpt lat="39.88141384124977" lon="116.34329024224468">
        <ele>36.7</ele>
        <time>2026-09-16T22:43:05.973000Z</time>
        <extensions>
          <gpxtpx:TrackPointExtension>
            <gpxtpx:hr>146</gpxtpx:hr>
          </gpxtpx:TrackPointExtension>
        </extensions>
      </trkpt>
      <trkpt lat="39.881465835232795" lon="116.34329223148235">
        <ele>36.7</ele>
        <time>2026-09-16T22:43:07.973000Z</time>
        <extensions>
          <gpxtpx:TrackPointExtension>
            <gpxtpx:hr>146</gpxtpx:hr>
          </gpxtpx:TrackPointExtension>
        </extensions>
      </trkpt>
      <trkpt lat="39.88151583279572" lon="116.34329222516203">
        <ele>36.7</ele>
        <time>2026-09-16T22:43:09.973000Z</time>
        <extensions>
          <gpxtpx:TrackPointExtension>
            <gpxtpx:hr>145</gpxtpx:hr>
          </gpxtpx:TrackPointExtension>
        </extensions>
      </trkpt>
      <trkpt lat="39.88156783026182" lon="116.3432922185889">
        <ele>36.8</ele>
        <time>2026-09-16T22:43:11.973000Z</time>
        <extensions>
          <gpxtpx:TrackPointExtension>
            <gpxtpx:hr>145</gpxtpx:hr>
          </gpxtpx:TrackPointExtension>
        </extensions>
      </trkpt>
      <trkpt lat="39.881617827826034" lon="116.34329221226855">
        <ele>36.8</ele>
        <time>2026-09-16T22:43:13.973000Z</time>
        <extensions>
          <gpxtpx:TrackPointExtension>
            <gpxtpx:hr>145</gpxtpx:hr>
          </gpxtpx:TrackPointExtension>
        </extensions>
      </trkpt>
      <trkpt lat="39.881667825390885" lon="116.3432922059482">
        <ele>36.8</ele>
        <time>2026-09-16T22:43:15.973000Z</time>
        <extensions>
          <gpxtpx:TrackPointExtension>
            <gpxtpx:hr>146</gpxtpx:hr>
          </gpxtpx:TrackPointExtension>
        </extensions>
      </trkpt>
      <trkpt lat="39.88171482136158" lon="116.34329319791247">
        <ele>36.8</ele>
        <time>2026-09-16T22:43:17.973000Z</time>
        <extensions>
          <gpxtpx:TrackPointExtension>
            <gpxtpx:hr>146</gpxtpx:hr>
          </gpxtpx:TrackPointExtension>
        </extensions>
      </trkpt>
      <trkpt lat="39.88176081912234" lon="116.34329319209773">
        <ele>36.8</ele>
        <time>2026-09-16T22:43:19.973000Z</time>
        <extensions>
          <gpxtpx:TrackPointExtension>
            <gpxtpx:hr>146</gpxtpx:hr>
          </gpxtpx:TrackPointExtension>
        </extensions>
      </trkpt>
      <trkpt lat="39.88180481698097" lon="116.34329318653577">
        <ele>37.0</ele>
        <time>2026-09-16T22:43:21.973000Z</time>
        <extensions>
          <gpxtpx:TrackPointExtension>
            <gpxtpx:hr>146</gpxtpx:hr>
          </gpxtpx:TrackPointExtension>
        </extensions>
      </trkpt>
      <trkpt lat="39.881848820062636" lon="116.34329018725767">
        <ele>37.0</ele>
        <time>2026-09-16T22:43:23.973000Z</time>
        <extensions>
          <gpxtpx:TrackPointExtension>
            <gpxtpx:hr>146</gpxtpx:hr>
          </gpxtpx:TrackPointExtension>
        </extensions>
      </trkpt>
      <trkpt lat="39.88188982329088" lon="116.34328718835896">
        <ele>37.0</ele>
        <time>2026-09-16T22:43:25.973000Z</time>
        <extensions>
          <gpxtpx:TrackPointExtension>
            <gpxtpx:hr>147</gpxtpx:hr>
          </gpxtpx:TrackPointExtension>
        </extensions>
      </trkpt>
      <trkpt lat="39.88193182647106" lon="116.34328418933401">
        <ele>37.0</ele>
        <time>2026-09-16T22:43:27.973000Z</time>
        <extensions>
          <gpxtpx:TrackPointExtension>
            <gpxtpx:hr>147</gpxtpx:hr>
          </gpxtpx:TrackPointExtension>
        </extensions>
      </trkpt>
      <trkpt lat="39.88197282621842" lon="116.34328318624605">
        <ele>37.0</ele>
        <time>2026-09-16T22:43:29.973000Z</time>
        <extensions>
          <gpxtpx:TrackPointExtension>
            <gpxtpx:hr>148</gpxtpx:hr>
          </gpxtpx:TrackPointExtension>
        </extensions>
      </trkpt>
      <trkpt lat="39.88202182383637" lon="116.34328318005203">
        <ele>36.8</ele>
        <time>2026-09-16T22:43:31.973000Z</time>
        <extensions>
          <gpxtpx:TrackPointExtension>
            <gpxtpx:hr>148</gpxtpx:hr>
          </gpxtpx:TrackPointExtension>
        </extensions>
      </trkpt>
      <trkpt lat="39.88207581947095" lon="116.34328417113115">
        <ele>36.8</ele>
        <time>2026-09-16T22:43:33.973000Z</time>
        <extensions>
          <gpxtpx:TrackPointExtension>
            <gpxtpx:hr>148</gpxtpx:hr>
          </gpxtpx:TrackPointExtension>
        </extensions>
      </trkpt>
      <trkpt lat="39.88213481312243" lon="116.34328615948348">
        <ele>36.4</ele>
        <time>2026-09-16T22:43:35.973000Z</time>
        <extensions>
          <gpxtpx:TrackPointExtension>
            <gpxtpx:hr>147</gpxtpx:hr>
          </gpxtpx:TrackPointExtension>
        </extensions>
      </trkpt>
      <trkpt lat="39.882189803487314" lon="116.34329014415216">
        <ele>36.4</ele>
        <time>2026-09-16T22:43:37.973000Z</time>
        <extensions>
          <gpxtpx:TrackPointExtension>
            <gpxtpx:hr>147</gpxtpx:hr>
          </gpxtpx:TrackPointExtension>
        </extensions>
      </trkpt>
      <trkpt lat="39.88223979235517" lon="116.34329512735862">
        <ele>36.4</ele>
        <time>2026-09-16T22:43:39.973000Z</time>
        <extensions>
          <gpxtpx:TrackPointExtension>
            <gpxtpx:hr>147</gpxtpx:hr>
          </gpxtpx:TrackPointExtension>
        </extensions>
      </trkpt>
      <trkpt lat="39.882282788526865" lon="116.34329611982841">
        <ele>36.4</ele>
        <time>2026-09-16T22:43:41.973000Z</time>
        <extensions>
          <gpxtpx:TrackPointExtension>
            <gpxtpx:hr>147</gpxtpx:hr>
          </gpxtpx:TrackPointExtension>
        </extensions>
      </trkpt>
      <trkpt lat="39.88232378653686" lon="116.34329611464555">
        <ele>36.4</ele>
        <time>2026-09-16T22:43:43.973000Z</time>
        <extensions>
          <gpxtpx:TrackPointExtension>
            <gpxtpx:hr>147</gpxtpx:hr>
          </gpxtpx:TrackPointExtension>
        </extensions>
      </trkpt>
      <trkpt lat="39.88236479151054" lon="116.34329211784103">
        <ele>37.0</ele>
        <time>2026-09-16T22:43:45.973000Z</time>
        <extensions>
          <gpxtpx:TrackPointExtension>
            <gpxtpx:hr>146</gpxtpx:hr>
          </gpxtpx:TrackPointExtension>
        </extensions>
      </trkpt>
      <trkpt lat="39.88240779638789" lon="116.34328812078401">
        <ele>37.0</ele>
        <time>2026-09-16T22:43:47.973000Z</time>
        <extensions>
          <gpxtpx:TrackPointExtension>
            <gpxtpx:hr>146</gpxtpx:hr>
          </gpxtpx:TrackPointExtension>
        </extensions>
      </trkpt>
      <trkpt lat="39.88245480281295" lon="116.34328312531645">
        <ele>37.0</ele>
        <time>2026-09-16T22:43:49.973000Z</time>
        <extensions>
          <gpxtpx:TrackPointExtension>
            <gpxtpx:hr>147</gpxtpx:hr>
          </gpxtpx:TrackPointExtension>
        </extensions>
      </trkpt>
      <trkpt lat="39.882503809142015" lon="116.34327812959657">
        <ele>36.4</ele>
        <time>2026-09-16T22:43:51.973000Z</time>
        <extensions>
          <gpxtpx:TrackPointExtension>
            <gpxtpx:hr>147</gpxtpx:hr>
          </gpxtpx:TrackPointExtension>
        </extensions>
      </trkpt>
      <trkpt lat="39.8825538084591" lon="116.34327712537092">
        <ele>36.4</ele>
        <time>2026-09-16T22:43:53.973000Z</time>
        <extensions>
          <gpxtpx:TrackPointExtension>
            <gpxtpx:hr>147</gpxtpx:hr>
          </gpxtpx:TrackPointExtension>
        </extensions>
      </trkpt>
      <trkpt lat="39.882600807922216" lon="116.3432761215245">
        <ele>36.5</ele>
        <time>2026-09-16T22:43:55.973000Z</time>
        <extensions>
          <gpxtpx:TrackPointExtension>
            <gpxtpx:hr>147</gpxtpx:hr>
          </gpxtpx:TrackPointExtension>
        </extensions>
      </trkpt>
      <trkpt lat="39.88265081246401" lon="116.34327212358386">
        <ele>36.5</ele>
        <time>2026-09-16T22:43:57.973000Z</time>
        <extensions>
          <gpxtpx:TrackPointExtension>
            <gpxtpx:hr>147</gpxtpx:hr>
          </gpxtpx:TrackPointExtension>
        </extensions>
      </trkpt>
      <trkpt lat="39.88269982402026" lon="116.34326413415056">
        <ele>36.5</ele>
        <time>2026-09-16T22:43:59.973000Z</time>
        <extensions>
          <gpxtpx:TrackPointExtension>
            <gpxtpx:hr>148</gpxtpx:hr>
          </gpxtpx:TrackPointExtension>
        </extensions>
      </trkpt>
      <trkpt lat="39.88275083548131" lon="116.34325614446574">
        <ele>36.7</ele>
        <time>2026-09-16T22:44:01.973000Z</time>
        <extensions>
          <gpxtpx:TrackPointExtension>
            <gpxtpx:hr>148</gpxtpx:hr>
          </gpxtpx:TrackPointExtension>
        </extensions>
      </trkpt>
      <trkpt lat="39.88279884360619" lon="116.34325015097045">
        <ele>36.7</ele>
        <time>2026-09-16T22:44:03.973000Z</time>
        <extensions>
          <gpxtpx:TrackPointExtension>
            <gpxtpx:hr>148</gpxtpx:hr>
          </gpxtpx:TrackPointExtension>
        </extensions>
      </trkpt>
      <trkpt lat="39.88284684999061" lon="116.3432451553803">
        <ele>36.7</ele>
        <time>2026-09-16T22:44:05.973000Z</time>
        <extensions>
          <gpxtpx:TrackPointExtension>
            <gpxtpx:hr>149</gpxtpx:hr>
          </gpxtpx:TrackPointExtension>
        </extensions>
      </trkpt>
      <trkpt lat="39.88289085482786" lon="116.34324115820063">
        <ele>36.8</ele>
        <time>2026-09-16T22:44:07.973000Z</time>
        <extensions>
          <gpxtpx:TrackPointExtension>
            <gpxtpx:hr>149</gpxtpx:hr>
          </gpxtpx:TrackPointExtension>
        </extensions>
      </trkpt>
      <trkpt lat="39.88293385448904" lon="116.34324015486057">
        <ele>36.8</ele>
        <time>2026-09-16T22:44:09.973000Z</time>
        <extensions>
          <gpxtpx:TrackPointExtension>
            <gpxtpx:hr>147</gpxtpx:hr>
          </gpxtpx:TrackPointExtension>
        </extensions>
      </trkpt>
      <trkpt lat="39.882977852360604" lon="116.3432401492984">
        <ele>36.8</ele>
        <time>2026-09-16T22:44:11.973000Z</time>
        <extensions>
          <gpxtpx:TrackPointExtension>
            <gpxtpx:hr>147</gpxtpx:hr>
          </gpxtpx:TrackPointExtension>
        </extensions>
      </trkpt>
      <trkpt lat="39.88302385013594" lon="116.3432401434834">
        <ele>36.8</ele>
        <time>2026-09-16T22:44:13.973000Z</time>
        <extensions>
          <gpxtpx:TrackPointExtension>
            <gpxtpx:hr>147</gpxtpx:hr>
          </gpxtpx:TrackPointExtension>
        </extensions>
      </trkpt>
      <trkpt lat="39.883069849653516" lon="116.3432391397641">
        <ele>36.8</ele>
        <time>2026-09-16T22:44:15.973000Z</time>
        <extensions>
          <gpxtpx:TrackPointExtension>
            <gpxtpx:hr>151</gpxtpx:hr>
          </gpxtpx:TrackPointExtension>
        </extensions>
      </trkpt>
      <trkpt lat="39.883116845639854" lon="116.34324013172696">
        <ele>36.5</ele>
        <time>2026-09-16T22:44:17.973000Z</time>
        <extensions>
          <gpxtpx:TrackPointExtension>
            <gpxtpx:hr>151</gpxtpx:hr>
          </gpxtpx:TrackPointExtension>
        </extensions>
      </trkpt>
      <trkpt lat="39.88316283296681" lon="116.34324611333815">
        <ele>36.5</ele>
        <time>2026-09-16T22:44:19.973000Z</time>
        <extensions>
          <gpxtpx:TrackPointExtension>
            <gpxtpx:hr>148</gpxtpx:hr>
          </gpxtpx:TrackPointExtension>
        </extensions>
      </trkpt>
      <trkpt lat="39.88320981850507" lon="116.34325309272819">
        <ele>36.1</ele>
        <time>2026-09-16T22:44:21.973000Z</time>
        <extensions>
          <gpxtpx:TrackPointExtension>
            <gpxtpx:hr>148</gpxtpx:hr>
          </gpxtpx:TrackPointExtension>
        </extensions>
      </trkpt>
      <trkpt lat="39.88325780747919" lon="116.34325807618339">
        <ele>36.1</ele>
        <time>2026-09-16T22:44:23.973000Z</time>
        <extensions>
          <gpxtpx:TrackPointExtension>
            <gpxtpx:hr>148</gpxtpx:hr>
          </gpxtpx:TrackPointExtension>
        </extensions>
      </trkpt>
      <trkpt lat="39.88330679988869" lon="116.34326106370315">
        <ele>36.1</ele>
        <time>2026-09-16T22:44:25.973000Z</time>
        <extensions>
          <gpxtpx:TrackPointExtension>
            <gpxtpx:hr>148</gpxtpx:hr>
          </gpxtpx:TrackPointExtension>
        </extensions>
      </trkpt>
      <trkpt lat="39.88335279070247" lon="116.34326504950711">
        <ele>36.4</ele>
        <time>2026-09-16T22:44:27.973000Z</time>
        <extensions>
          <gpxtpx:TrackPointExtension>
            <gpxtpx:hr>148</gpxtpx:hr>
          </gpxtpx:TrackPointExtension>
        </extensions>
      </trkpt>
      <trkpt lat="39.883397781565286" lon="116.34326903543776">
        <ele>36.4</ele>
        <time>2026-09-16T22:44:29.973000Z</time>
        <extensions>
          <gpxtpx:TrackPointExtension>
            <gpxtpx:hr>147</gpxtpx:hr>
          </gpxtpx:TrackPointExtension>
        </extensions>
      </trkpt>
      <trkpt lat="39.88344277417005" lon="116.34327202346378">
        <ele>36.4</ele>
        <time>2026-09-16T22:44:31.973000Z</time>
        <extensions>
          <gpxtpx:TrackPointExtension>
            <gpxtpx:hr>147</gpxtpx:hr>
          </gpxtpx:TrackPointExtension>
        </extensions>
      </trkpt>
      <trkpt lat="39.88348877020951" lon="116.34327301555356">
        <ele>36.4</ele>
        <time>2026-09-16T22:44:33.973000Z</time>
        <extensions>
          <gpxtpx:TrackPointExtension>
            <gpxtpx:hr>147</gpxtpx:hr>
          </gpxtpx:TrackPointExtension>
        </extensions>
      </trkpt>
      <trkpt lat="39.883536769635384" lon="116.34327201158061">
        <ele>36.4</ele>
        <time>2026-09-16T22:44:35.973000Z</time>
        <extensions>
          <gpxtpx:TrackPointExtension>
            <gpxtpx:hr>148</gpxtpx:hr>
          </gpxtpx:TrackPointExtension>
        </extensions>
      </trkpt>
      <trkpt lat="39.88358677418907" lon="116.34326801364016">
        <ele>36.3</ele>
        <time>2026-09-16T22:44:37.973000Z</time>
        <extensions>
          <gpxtpx:TrackPointExtension>
            <gpxtpx:hr>148</gpxtpx:hr>
          </gpxtpx:TrackPointExtension>
        </extensions>
      </trkpt>
      <trkpt lat="39.88363777869544" lon="116.3432640155736">
        <ele>36.3</ele>
        <time>2026-09-16T22:44:39.973000Z</time>
        <extensions>
          <gpxtpx:TrackPointExtension>
            <gpxtpx:hr>149</gpxtpx:hr>
          </gpxtpx:TrackPointExtension>
        </extensions>
      </trkpt>
      <trkpt lat="39.88368678329909" lon="116.34326001776022">
        <ele>36.5</ele>
        <time>2026-09-16T22:44:41.973000Z</time>
        <extensions>
          <gpxtpx:TrackPointExtension>
            <gpxtpx:hr>149</gpxtpx:hr>
          </gpxtpx:TrackPointExtension>
        </extensions>
      </trkpt>
      <trkpt lat="39.883734789693236" lon="116.34325502216895">
        <ele>36.5</ele>
        <time>2026-09-16T22:44:43.973000Z</time>
        <extensions>
          <gpxtpx:TrackPointExtension>
            <gpxtpx:hr>149</gpxtpx:hr>
          </gpxtpx:TrackPointExtension>
        </extensions>
      </trkpt>
      <trkpt lat="39.883780794443176" lon="116.34325102473552">
        <ele>36.5</ele>
        <time>2026-09-16T22:44:45.973000Z</time>
        <extensions>
          <gpxtpx:TrackPointExtension>
            <gpxtpx:hr>148</gpxtpx:hr>
          </gpxtpx:TrackPointExtension>
        </extensions>
      </trkpt>
      <trkpt lat="39.883825797500464" lon="116.34324802533328">
        <ele>36.5</ele>
        <time>2026-09-16T22:44:47.973000Z</time>
        <extensions>
          <gpxtpx:TrackPointExtension>
            <gpxtpx:hr>148</gpxtpx:hr>
          </gpxtpx:TrackPointExtension>
        </extensions>
      </trkpt>
      <trkpt lat="39.883870797075176" lon="116.34324702174003">
        <ele>36.5</ele>
        <time>2026-09-16T22:44:49.973000Z</time>
        <extensions>
          <gpxtpx:TrackPointExtension>
            <gpxtpx:hr>149</gpxtpx:hr>
          </gpxtpx:TrackPointExtension>
        </extensions>
      </trkpt>
      <trkpt lat="39.883918796505995" lon="116.34324601776753">
        <ele>36.3</ele>
        <time>2026-09-16T22:44:51.973000Z</time>
        <extensions>
          <gpxtpx:TrackPointExtension>
            <gpxtpx:hr>149</gpxtpx:hr>
          </gpxtpx:TrackPointExtension>
        </extensions>
      </trkpt>
      <trkpt lat="39.883968792357926" lon="116.34324700935103">
        <ele>36.3</ele>
        <time>2026-09-16T22:44:53.973000Z</time>
        <extensions>
          <gpxtpx:TrackPointExtension>
            <gpxtpx:hr>149</gpxtpx:hr>
          </gpxtpx:TrackPointExtension>
        </extensions>
      </trkpt>
      <trkpt lat="39.88401578661325" lon="116.34324899921825">
        <ele>36.3</ele>
        <time>2026-09-16T22:44:55.973000Z</time>
        <extensions>
          <gpxtpx:TrackPointExtension>
            <gpxtpx:hr>152</gpxtpx:hr>
          </gpxtpx:TrackPointExtension>
        </extensions>
      </trkpt>
      <trkpt lat="39.88406177569277" lon="116.34325398292555">
        <ele>36.3</ele>
        <time>2026-09-16T22:44:57.973000Z</time>
        <extensions>
          <gpxtpx:TrackPointExtension>
            <gpxtpx:hr>152</gpxtpx:hr>
          </gpxtpx:TrackPointExtension>
        </extensions>
      </trkpt>
      <trkpt lat="39.88410576835222" lon="116.34325697107685">
        <ele>36.3</ele>
        <time>2026-09-16T22:44:59.973000Z</time>
        <extensions>
          <gpxtpx:TrackPointExtension>
            <gpxtpx:hr>150</gpxtpx:hr>
          </gpxtpx:TrackPointExtension>
        </extensions>
      </trkpt>
      <trkpt lat="39.8841497610123" lon="116.34325995922835">
        <ele>36.5</ele>
        <time>2026-09-16T22:45:01.973000Z</time>
        <extensions>
          <gpxtpx:TrackPointExtension>
            <gpxtpx:hr>150</gpxtpx:hr>
          </gpxtpx:TrackPointExtension>
        </extensions>
      </trkpt>
      <trkpt lat="39.88419375889708" lon="116.34325995366586">
        <ele>36.5</ele>
        <time>2026-09-16T22:45:03.973000Z</time>
        <extensions>
          <gpxtpx:TrackPointExtension>
            <gpxtpx:hr>149</gpxtpx:hr>
          </gpxtpx:TrackPointExtension>
        </extensions>
      </trkpt>
      <trkpt lat="39.88423875325153" lon="116.34326194378633">
        <ele>36.5</ele>
        <time>2026-09-16T22:45:05.973000Z</time>
        <extensions>
          <gpxtpx:TrackPointExtension>
            <gpxtpx:hr>149</gpxtpx:hr>
          </gpxtpx:TrackPointExtension>
        </extensions>
      </trkpt>
      <trkpt lat="39.88428374934787" lon="116.34326293600212">
        <ele>36.7</ele>
        <time>2026-09-16T22:45:07.973000Z</time>
        <extensions>
          <gpxtpx:TrackPointExtension>
            <gpxtpx:hr>149</gpxtpx:hr>
          </gpxtpx:TrackPointExtension>
        </extensions>
      </trkpt>
      <trkpt lat="39.88432874370342" lon="116.3432649261227">
        <ele>36.7</ele>
        <time>2026-09-16T22:45:09.973000Z</time>
        <extensions>
          <gpxtpx:TrackPointExtension>
            <gpxtpx:hr>149</gpxtpx:hr>
          </gpxtpx:TrackPointExtension>
        </extensions>
      </trkpt>
      <trkpt lat="39.88437674139802" lon="116.34326492005448">
        <ele>36.0</ele>
        <time>2026-09-16T22:45:11.973000Z</time>
        <extensions>
          <gpxtpx:TrackPointExtension>
            <gpxtpx:hr>149</gpxtpx:hr>
          </gpxtpx:TrackPointExtension>
        </extensions>
      </trkpt>
      <trkpt lat="39.88442573730388" lon="116.3432659117646">
        <ele>36.0</ele>
        <time>2026-09-16T22:45:13.973000Z</time>
        <extensions>
          <gpxtpx:TrackPointExtension>
            <gpxtpx:hr>149</gpxtpx:hr>
          </gpxtpx:TrackPointExtension>
        </extensions>
      </trkpt>
      <trkpt lat="39.8844737367409" lon="116.34326490779158">
        <ele>36.0</ele>
        <time>2026-09-16T22:45:15.973000Z</time>
        <extensions>
          <gpxtpx:TrackPointExtension>
            <gpxtpx:hr>148</gpxtpx:hr>
          </gpxtpx:TrackPointExtension>
        </extensions>
      </trkpt>
      <trkpt lat="39.88451873283987" lon="116.34326590000735">
        <ele>36.4</ele>
        <time>2026-09-16T22:45:17.973000Z</time>
        <extensions>
          <gpxtpx:TrackPointExtension>
            <gpxtpx:hr>148</gpxtpx:hr>
          </gpxtpx:TrackPointExtension>
        </extensions>
      </trkpt>
      <trkpt lat="39.88456173251787" lon="116.34326489666643">
        <ele>36.4</ele>
        <time>2026-09-16T22:45:19.973000Z</time>
        <extensions>
          <gpxtpx:TrackPointExtension>
            <gpxtpx:hr>150</gpxtpx:hr>
          </gpxtpx:TrackPointExtension>
        </extensions>
      </trkpt>
      <trkpt lat="39.8846037322443" lon="116.3432638934519">
        <ele>36.5</ele>
        <time>2026-09-16T22:45:21.973000Z</time>
        <extensions>
          <gpxtpx:TrackPointExtension>
            <gpxtpx:hr>150</gpxtpx:hr>
          </gpxtpx:TrackPointExtension>
        </extensions>
      </trkpt>
      <trkpt lat="39.884648733568646" lon="116.34326189195343">
        <ele>36.5</ele>
        <time>2026-09-16T22:45:23.973000Z</time>
        <extensions>
          <gpxtpx:TrackPointExtension>
            <gpxtpx:hr>150</gpxtpx:hr>
          </gpxtpx:TrackPointExtension>
        </extensions>
      </trkpt>
      <trkpt lat="39.8846967364911" lon="116.34325889217112">
        <ele>36.5</ele>
        <time>2026-09-16T22:45:25.973000Z</time>
        <extensions>
          <gpxtpx:TrackPointExtension>
            <gpxtpx:hr>149</gpxtpx:hr>
          </gpxtpx:TrackPointExtension>
        </extensions>
      </trkpt>
      <trkpt lat="39.88474573588348" lon="116.34325788807173">
        <ele>36.4</ele>
        <time>2026-09-16T22:45:27.973000Z</time>
        <extensions>
          <gpxtpx:TrackPointExtension>
            <gpxtpx:hr>149</gpxtpx:hr>
          </gpxtpx:TrackPointExtension>
        </extensions>
      </trkpt>
      <trkpt lat="39.88479673692204" lon="116.34325588581495">
        <ele>36.4</ele>
        <time>2026-09-16T22:45:29.973000Z</time>
        <extensions>
          <gpxtpx:TrackPointExtension>
            <gpxtpx:hr>150</gpxtpx:hr>
          </gpxtpx:TrackPointExtension>
        </extensions>
      </trkpt>
      <trkpt lat="39.8848467397507" lon="116.34325288578012">
        <ele>36.8</ele>
        <time>2026-09-16T22:45:31.973000Z</time>
        <extensions>
          <gpxtpx:TrackPointExtension>
            <gpxtpx:hr>150</gpxtpx:hr>
          </gpxtpx:TrackPointExtension>
        </extensions>
      </trkpt>
      <trkpt lat="39.884897737307654" lon="116.3432528793325">
        <ele>36.8</ele>
        <time>2026-09-16T22:45:33.973000Z</time>
        <extensions>
          <gpxtpx:TrackPointExtension>
            <gpxtpx:hr>150</gpxtpx:hr>
          </gpxtpx:TrackPointExtension>
        </extensions>
      </trkpt>
      <trkpt lat="39.88494672973659" lon="116.34325586685136">
        <ele>36.8</ele>
        <time>2026-09-16T22:45:35.973000Z</time>
        <extensions>
          <gpxtpx:TrackPointExtension>
            <gpxtpx:hr>147</gpxtpx:hr>
          </gpxtpx:TrackPointExtension>
        </extensions>
      </trkpt>
      <trkpt lat="39.88499371181393" lon="116.3432648420514">
        <ele>37.1</ele>
        <time>2026-09-16T22:45:37.973000Z</time>
        <extensions>
          <gpxtpx:TrackPointExtension>
            <gpxtpx:hr>147</gpxtpx:hr>
          </gpxtpx:TrackPointExtension>
        </extensions>
      </trkpt>
      <trkpt lat="39.88503870095359" lon="116.3432698258863">
        <ele>37.1</ele>
        <time>2026-09-16T22:45:39.973000Z</time>
        <extensions>
          <gpxtpx:TrackPointExtension>
            <gpxtpx:hr>149</gpxtpx:hr>
          </gpxtpx:TrackPointExtension>
        </extensions>
      </trkpt>
      <trkpt lat="39.885086700397686" lon="116.34326882191301">
        <ele>36.5</ele>
        <time>2026-09-16T22:45:41.973000Z</time>
        <extensions>
          <gpxtpx:TrackPointExtension>
            <gpxtpx:hr>149</gpxtpx:hr>
          </gpxtpx:TrackPointExtension>
        </extensions>
      </trkpt>
      <trkpt lat="39.88513470506618" lon="116.34326482422544">
        <ele>36.5</ele>
        <time>2026-09-16T22:45:43.973000Z</time>
        <extensions>
          <gpxtpx:TrackPointExtension>
            <gpxtpx:hr>149</gpxtpx:hr>
          </gpxtpx:TrackPointExtension>
        </extensions>
      </trkpt>
      <trkpt lat="39.88518270973549" lon="116.34326082653817">
        <ele>36.5</ele>
        <time>2026-09-16T22:45:45.973000Z</time>
        <extensions>
          <gpxtpx:TrackPointExtension>
            <gpxtpx:hr>149</gpxtpx:hr>
          </gpxtpx:TrackPointExtension>
        </extensions>
      </trkpt>
      <trkpt lat="39.88522970922922" lon="116.3432598226915">
        <ele>36.8</ele>
        <time>2026-09-16T22:45:47.973000Z</time>
        <extensions>
          <gpxtpx:TrackPointExtension>
            <gpxtpx:hr>149</gpxtpx:hr>
          </gpxtpx:TrackPointExtension>
        </extensions>
      </trkpt>
      <trkpt lat="39.88527570877131" lon="116.34325881897125">
        <ele>36.8</ele>
        <time>2026-09-16T22:45:49.973000Z</time>
        <extensions>
          <gpxtpx:TrackPointExtension>
            <gpxtpx:hr>148</gpxtpx:hr>
          </gpxtpx:TrackPointExtension>
        </extensions>
      </trkpt>
      <trkpt lat="39.88531970840952" lon="116.34325781550388">
        <ele>36.5</ele>
        <time>2026-09-16T22:45:51.973000Z</time>
        <extensions>
          <gpxtpx:TrackPointExtension>
            <gpxtpx:hr>148</gpxtpx:hr>
          </gpxtpx:TrackPointExtension>
        </extensions>
      </trkpt>
      <trkpt lat="39.885366709646284" lon="116.34325581375266">
        <ele>36.5</ele>
        <time>2026-09-16T22:45:53.973000Z</time>
        <extensions>
          <gpxtpx:TrackPointExtension>
            <gpxtpx:hr>148</gpxtpx:hr>
          </gpxtpx:TrackPointExtension>
        </extensions>
      </trkpt>
      <trkpt lat="39.88541470909441" lon="116.34325480977962">
        <ele>36.5</ele>
        <time>2026-09-16T22:45:55.973000Z</time>
        <extensions>
          <gpxtpx:TrackPointExtension>
            <gpxtpx:hr>149</gpxtpx:hr>
          </gpxtpx:TrackPointExtension>
        </extensions>
      </trkpt>
      <trkpt lat="39.88546370849536" lon="116.34325380568018">
        <ele>36.3</ele>
        <time>2026-09-16T22:45:57.973000Z</time>
        <extensions>
          <gpxtpx:TrackPointExtension>
            <gpxtpx:hr>149</gpxtpx:hr>
          </gpxtpx:TrackPointExtension>
        </extensions>
      </trkpt>
      <trkpt lat="39.88551270093103" lon="116.34325679319888">
        <ele>36.3</ele>
        <time>2026-09-16T22:45:59.973000Z</time>
        <extensions>
          <gpxtpx:TrackPointExtension>
            <gpxtpx:hr>148</gpxtpx:hr>
          </gpxtpx:TrackPointExtension>
        </extensions>
      </trkpt>
      <trkpt lat="39.885559696945705" lon="116.34325778516136">
        <ele>36.4</ele>
        <time>2026-09-16T22:46:01.973000Z</time>
        <extensions>
          <gpxtpx:TrackPointExtension>
            <gpxtpx:hr>148</gpxtpx:hr>
          </gpxtpx:TrackPointExtension>
        </extensions>
      </trkpt>
      <trkpt lat="39.88560869286547" lon="116.34325877687101">
        <ele>36.4</ele>
        <time>2026-09-16T22:46:03.973000Z</time>
        <extensions>
          <gpxtpx:TrackPointExtension>
            <gpxtpx:hr>148</gpxtpx:hr>
          </gpxtpx:TrackPointExtension>
        </extensions>
      </trkpt>
      <trkpt lat="39.885657687044464" lon="116.34326076648529">
        <ele>36.4</ele>
        <time>2026-09-16T22:46:05.973000Z</time>
        <extensions>
          <gpxtpx:TrackPointExtension>
            <gpxtpx:hr>148</gpxtpx:hr>
          </gpxtpx:TrackPointExtension>
        </extensions>
      </trkpt>
      <trkpt lat="39.885706681224086" lon="116.34326275609963">
        <ele>36.3</ele>
        <time>2026-09-16T22:46:07.973000Z</time>
        <extensions>
          <gpxtpx:TrackPointExtension>
            <gpxtpx:hr>148</gpxtpx:hr>
          </gpxtpx:TrackPointExtension>
        </extensions>
      </trkpt>
      <trkpt lat="39.885754680676015" lon="116.34326175212637">
        <ele>36.3</ele>
        <time>2026-09-16T22:46:09.973000Z</time>
        <extensions>
          <gpxtpx:TrackPointExtension>
            <gpxtpx:hr>148</gpxtpx:hr>
          </gpxtpx:TrackPointExtension>
        </extensions>
      </trkpt>
      <trkpt lat="39.88580068370664" lon="116.34325875259671">
        <ele>36.3</ele>
        <time>2026-09-16T22:46:11.973000Z</time>
        <extensions>
          <gpxtpx:TrackPointExtension>
            <gpxtpx:hr>148</gpxtpx:hr>
          </gpxtpx:TrackPointExtension>
        </extensions>
      </trkpt>
      <trkpt lat="39.88584669022084" lon="116.34325375725818">
        <ele>36.3</ele>
        <time>2026-09-16T22:46:13.973000Z</time>
        <extensions>
          <gpxtpx:TrackPointExtension>
            <gpxtpx:hr>148</gpxtpx:hr>
          </gpxtpx:TrackPointExtension>
        </extensions>
      </trkpt>
      <trkpt lat="39.88589169678362" lon="116.34324876204657">
        <ele>36.3</ele>
        <time>2026-09-16T22:46:15.973000Z</time>
        <extensions>
          <gpxtpx:TrackPointExtension>
            <gpxtpx:hr>148</gpxtpx:hr>
          </gpxtpx:TrackPointExtension>
        </extensions>
      </trkpt>
      <trkpt lat="39.885937703299646" lon="116.34324376670904">
        <ele>37.2</ele>
        <time>2026-09-16T22:46:17.973000Z</time>
        <extensions>
          <gpxtpx:TrackPointExtension>
            <gpxtpx:hr>148</gpxtpx:hr>
          </gpxtpx:TrackPointExtension>
        </extensions>
      </trkpt>
      <trkpt lat="39.88598370807488" lon="116.34323976927622">
        <ele>37.2</ele>
        <time>2026-09-16T22:46:19.973000Z</time>
        <extensions>
          <gpxtpx:TrackPointExtension>
            <gpxtpx:hr>148</gpxtpx:hr>
          </gpxtpx:TrackPointExtension>
        </extensions>
      </trkpt>
      <trkpt lat="39.88602871115674" lon="116.34323676987432">
        <ele>37.2</ele>
        <time>2026-09-16T22:46:21.973000Z</time>
        <extensions>
          <gpxtpx:TrackPointExtension>
            <gpxtpx:hr>148</gpxtpx:hr>
          </gpxtpx:TrackPointExtension>
        </extensions>
      </trkpt>
      <trkpt lat="39.886074712449805" lon="116.34323476825026">
        <ele>36.4</ele>
        <time>2026-09-16T22:46:23.973000Z</time>
        <extensions>
          <gpxtpx:TrackPointExtension>
            <gpxtpx:hr>149</gpxtpx:hr>
          </gpxtpx:TrackPointExtension>
        </extensions>
      </trkpt>
      <trkpt lat="39.88612071200162" lon="116.34323376453037">
        <ele>36.4</ele>
        <time>2026-09-16T22:46:25.973000Z</time>
        <extensions>
          <gpxtpx:TrackPointExtension>
            <gpxtpx:hr>149</gpxtpx:hr>
          </gpxtpx:TrackPointExtension>
        </extensions>
      </trkpt>
      <trkpt lat="39.88616371169674" lon="116.34323276118978">
        <ele>36.5</ele>
        <time>2026-09-16T22:46:27.973000Z</time>
        <extensions>
          <gpxtpx:TrackPointExtension>
            <gpxtpx:hr>149</gpxtpx:hr>
          </gpxtpx:TrackPointExtension>
        </extensions>
      </trkpt>
      <trkpt lat="39.886205713181745" lon="116.34323076007159">
        <ele>36.5</ele>
        <time>2026-09-16T22:46:29.973000Z</time>
        <extensions>
          <gpxtpx:TrackPointExtension>
            <gpxtpx:hr>147</gpxtpx:hr>
          </gpxtpx:TrackPointExtension>
        </extensions>
      </trkpt>
      <trkpt lat="39.88624571476239" lon="116.34322875920633">
        <ele>36.5</ele>
        <time>2026-09-16T22:46:31.973000Z</time>
        <extensions>
          <gpxtpx:TrackPointExtension>
            <gpxtpx:hr>147</gpxtpx:hr>
          </gpxtpx:TrackPointExtension>
        </extensions>
      </trkpt>
      <trkpt lat="39.88628971963711" lon="116.34322476202756">
        <ele>36.7</ele>
        <time>2026-09-16T22:46:33.973000Z</time>
        <extensions>
          <gpxtpx:TrackPointExtension>
            <gpxtpx:hr>147</gpxtpx:hr>
          </gpxtpx:TrackPointExtension>
        </extensions>
      </trkpt>
      <trkpt lat="39.88634172761625" lon="116.34321876803003">
        <ele>36.7</ele>
        <time>2026-09-16T22:46:35.973000Z</time>
        <extensions>
          <gpxtpx:TrackPointExtension>
            <gpxtpx:hr>148</gpxtpx:hr>
          </gpxtpx:TrackPointExtension>
        </extensions>
      </trkpt>
      <trkpt lat="39.88639873361677" lon="116.34321377130476">
        <ele>36.6</ele>
        <time>2026-09-16T22:46:37.973000Z</time>
        <extensions>
          <gpxtpx:TrackPointExtension>
            <gpxtpx:hr>148</gpxtpx:hr>
          </gpxtpx:TrackPointExtension>
        </extensions>
      </trkpt>
      <trkpt lat="39.886455727423304" lon="116.3432157599056">
        <ele>36.6</ele>
        <time>2026-09-16T22:46:39.973000Z</time>
        <extensions>
          <gpxtpx:TrackPointExtension>
            <gpxtpx:hr>148</gpxtpx:hr>
          </gpxtpx:TrackPointExtension>
        </extensions>
      </trkpt>
      <trkpt lat="39.88650570762715" lon="116.3432257326223">
        <ele>36.6</ele>
        <time>2026-09-16T22:46:41.973000Z</time>
        <extensions>
          <gpxtpx:TrackPointExtension>
            <gpxtpx:hr>148</gpxtpx:hr>
          </gpxtpx:TrackPointExtension>
        </extensions>
      </trkpt>
      <trkpt lat="39.886554691364346" lon="116.34323370965916">
        <ele>36.3</ele>
        <time>2026-09-16T22:46:43.973000Z</time>
        <extensions>
          <gpxtpx:TrackPointExtension>
            <gpxtpx:hr>148</gpxtpx:hr>
          </gpxtpx:TrackPointExtension>
        </extensions>
      </trkpt>
      <trkpt lat="39.886601680423254" lon="116.3432386932375">
        <ele>36.3</ele>
        <time>2026-09-16T22:46:45.973000Z</time>
        <extensions>
          <gpxtpx:TrackPointExtension>
            <gpxtpx:hr>148</gpxtpx:hr>
          </gpxtpx:TrackPointExtension>
        </extensions>
      </trkpt>
      <trkpt lat="39.886647676497304" lon="116.34323968532576">
        <ele>36.2</ele>
        <time>2026-09-16T22:46:47.973000Z</time>
        <extensions>
          <gpxtpx:TrackPointExtension>
            <gpxtpx:hr>148</gpxtpx:hr>
          </gpxtpx:TrackPointExtension>
        </extensions>
      </trkpt>
      <trkpt lat="39.88669166918344" lon="116.34324267347539">
        <ele>36.2</ele>
        <time>2026-09-16T22:46:49.973000Z</time>
        <extensions>
          <gpxtpx:TrackPointExtension>
            <gpxtpx:hr>148</gpxtpx:hr>
          </gpxtpx:TrackPointExtension>
        </extensions>
      </trkpt>
      <trkpt lat="39.88673566361181" lon="116.34324466372085">
        <ele>36.2</ele>
        <time>2026-09-16T22:46:51.973000Z</time>
        <extensions>
          <gpxtpx:TrackPointExtension>
            <gpxtpx:hr>148</gpxtpx:hr>
          </gpxtpx:TrackPointExtension>
        </extensions>
      </trkpt>
      <trkpt lat="39.8867816579458" lon="116.34324665371352">
        <ele>36.3</ele>
        <time>2026-09-16T22:46:53.973000Z</time>
        <extensions>
          <gpxtpx:TrackPointExtension>
            <gpxtpx:hr>148</gpxtpx:hr>
          </gpxtpx:TrackPointExtension>
        </extensions>
      </trkpt>
      <trkpt lat="39.88682865223293" lon="116.34324864357983">
        <ele>36.3</ele>
        <time>2026-09-16T22:46:55.973000Z</time>
        <extensions>
          <gpxtpx:TrackPointExtension>
            <gpxtpx:hr>147</gpxtpx:hr>
          </gpxtpx:TrackPointExtension>
        </extensions>
      </trkpt>
      <trkpt lat="39.886876649956314" lon="116.34324863751097">
        <ele>36.5</ele>
        <time>2026-09-16T22:46:57.973000Z</time>
        <extensions>
          <gpxtpx:TrackPointExtension>
            <gpxtpx:hr>147</gpxtpx:hr>
          </gpxtpx:TrackPointExtension>
        </extensions>
      </trkpt>
      <trkpt lat="39.88692464942181" lon="116.34324763353773">
        <ele>36.5</ele>
        <time>2026-09-16T22:46:59.973000Z</time>
        <extensions>
          <gpxtpx:TrackPointExtension>
            <gpxtpx:hr>147</gpxtpx:hr>
          </gpxtpx:TrackPointExtension>
        </extensions>
      </trkpt>
      <trkpt lat="39.8869726523711" lon="116.34324463375586">
        <ele>36.5</ele>
        <time>2026-09-16T22:47:01.973000Z</time>
        <extensions>
          <gpxtpx:TrackPointExtension>
            <gpxtpx:hr>147</gpxtpx:hr>
          </gpxtpx:TrackPointExtension>
        </extensions>
      </trkpt>
      <trkpt lat="39.88702165353201" lon="116.34324263175199">
        <ele>36.5</ele>
        <time>2026-09-16T22:47:03.973000Z</time>
        <extensions>
          <gpxtpx:TrackPointExtension>
            <gpxtpx:hr>147</gpxtpx:hr>
          </gpxtpx:TrackPointExtension>
        </extensions>
      </trkpt>
      <trkpt lat="39.88707165638788" lon="116.34323963171755">
        <ele>36.5</ele>
        <time>2026-09-16T22:47:05.973000Z</time>
        <extensions>
          <gpxtpx:TrackPointExtension>
            <gpxtpx:hr>147</gpxtpx:hr>
          </gpxtpx:TrackPointExtension>
        </extensions>
      </trkpt>
      <trkpt lat="39.88712165576101" lon="116.34323862749159">
        <ele>36.2</ele>
        <time>2026-09-16T22:47:07.973000Z</time>
        <extensions>
          <gpxtpx:TrackPointExtension>
            <gpxtpx:hr>147</gpxtpx:hr>
          </gpxtpx:TrackPointExtension>
        </extensions>
      </trkpt>
      <trkpt lat="39.88716965697119" lon="116.34323662561437">
        <ele>36.2</ele>
        <time>2026-09-16T22:47:09.973000Z</time>
        <extensions>
          <gpxtpx:TrackPointExtension>
            <gpxtpx:hr>147</gpxtpx:hr>
          </gpxtpx:TrackPointExtension>
        </extensions>
      </trkpt>
      <trkpt lat="39.88721566001847" lon="116.34323362608602">
        <ele>36.2</ele>
        <time>2026-09-16T22:47:11.973000Z</time>
        <extensions>
          <gpxtpx:TrackPointExtension>
            <gpxtpx:hr>147</gpxtpx:hr>
          </gpxtpx:TrackPointExtension>
        </extensions>
      </trkpt>
      <trkpt lat="39.88725966490294" lon="116.34322962890673">
        <ele>35.9</ele>
        <time>2026-09-16T22:47:13.973000Z</time>
        <extensions>
          <gpxtpx:TrackPointExtension>
            <gpxtpx:hr>147</gpxtpx:hr>
          </gpxtpx:TrackPointExtension>
        </extensions>
      </trkpt>
      <trkpt lat="39.887304666256945" lon="116.34322762740916">
        <ele>35.9</ele>
        <time>2026-09-16T22:47:15.973000Z</time>
        <extensions>
          <gpxtpx:TrackPointExtension>
            <gpxtpx:hr>147</gpxtpx:hr>
          </gpxtpx:TrackPointExtension>
        </extensions>
      </trkpt>
      <trkpt lat="39.88735166229111" lon="116.34322861937058">
        <ele>36.5</ele>
        <time>2026-09-16T22:47:17.973000Z</time>
        <extensions>
          <gpxtpx:TrackPointExtension>
            <gpxtpx:hr>147</gpxtpx:hr>
          </gpxtpx:TrackPointExtension>
        </extensions>
      </trkpt>
      <trkpt lat="39.88739866006768" lon="116.34322861342804">
        <ele>36.5</ele>
        <time>2026-09-16T22:47:19.973000Z</time>
        <extensions>
          <gpxtpx:TrackPointExtension>
            <gpxtpx:hr>147</gpxtpx:hr>
          </gpxtpx:TrackPointExtension>
        </extensions>
      </trkpt>
      <trkpt lat="39.88744565610289" lon="116.34322960538945">
        <ele>36.5</ele>
        <time>2026-09-16T22:47:21.973000Z</time>
        <extensions>
          <gpxtpx:TrackPointExtension>
            <gpxtpx:hr>147</gpxtpx:hr>
          </gpxtpx:TrackPointExtension>
        </extensions>
      </trkpt>
      <trkpt lat="39.887491650444055" lon="116.34323159538134">
        <ele>36.5</ele>
        <time>2026-09-16T22:47:23.973000Z</time>
        <extensions>
          <gpxtpx:TrackPointExtension>
            <gpxtpx:hr>147</gpxtpx:hr>
          </gpxtpx:TrackPointExtension>
        </extensions>
      </trkpt>
      <trkpt lat="39.88753764826944" lon="116.34323158956519">
        <ele>36.5</ele>
        <time>2026-09-16T22:47:25.973000Z</time>
        <extensions>
          <gpxtpx:TrackPointExtension>
            <gpxtpx:hr>147</gpxtpx:hr>
          </gpxtpx:TrackPointExtension>
        </extensions>
      </trkpt>
      <trkpt lat="39.88758364609532" lon="116.34323158374904">
        <ele>36.5</ele>
        <time>2026-09-16T22:47:27.973000Z</time>
        <extensions>
          <gpxtpx:TrackPointExtension>
            <gpxtpx:hr>147</gpxtpx:hr>
          </gpxtpx:TrackPointExtension>
        </extensions>
      </trkpt>
      <trkpt lat="39.887630645616305" lon="116.34323057990244">
        <ele>36.5</ele>
        <time>2026-09-16T22:47:29.973000Z</time>
        <extensions>
          <gpxtpx:TrackPointExtension>
            <gpxtpx:hr>148</gpxtpx:hr>
          </gpxtpx:TrackPointExtension>
        </extensions>
      </trkpt>
      <trkpt lat="39.88767764687971" lon="116.34322857815188">
        <ele>36.5</ele>
        <time>2026-09-16T22:47:31.973000Z</time>
        <extensions>
          <gpxtpx:TrackPointExtension>
            <gpxtpx:hr>148</gpxtpx:hr>
          </gpxtpx:TrackPointExtension>
        </extensions>
      </trkpt>
      <trkpt lat="39.88772364644899" lon="116.34322757443175">
        <ele>36.4</ele>
        <time>2026-09-16T22:47:33.973000Z</time>
        <extensions>
          <gpxtpx:TrackPointExtension>
            <gpxtpx:hr>148</gpxtpx:hr>
          </gpxtpx:TrackPointExtension>
        </extensions>
      </trkpt>
      <trkpt lat="39.887770644229654" lon="116.34322756848913">
        <ele>36.4</ele>
        <time>2026-09-16T22:47:35.973000Z</time>
        <extensions>
          <gpxtpx:TrackPointExtension>
            <gpxtpx:hr>147</gpxtpx:hr>
          </gpxtpx:TrackPointExtension>
        </extensions>
      </trkpt>
      <trkpt lat="39.887817638527025" lon="116.34322955835437">
        <ele>36.1</ele>
        <time>2026-09-16T22:47:37.973000Z</time>
        <extensions>
          <gpxtpx:TrackPointExtension>
            <gpxtpx:hr>147</gpxtpx:hr>
          </gpxtpx:TrackPointExtension>
        </extensions>
      </trkpt>
      <trkpt lat="39.88786563103595" lon="116.34323254599725">
        <ele>36.1</ele>
        <time>2026-09-16T22:47:39.973000Z</time>
        <extensions>
          <gpxtpx:TrackPointExtension>
            <gpxtpx:hr>147</gpxtpx:hr>
          </gpxtpx:TrackPointExtension>
        </extensions>
      </trkpt>
      <trkpt lat="39.88791362702916" lon="116.34323353783216">
        <ele>36.1</ele>
        <time>2026-09-16T22:47:41.973000Z</time>
        <extensions>
          <gpxtpx:TrackPointExtension>
            <gpxtpx:hr>147</gpxtpx:hr>
          </gpxtpx:TrackPointExtension>
        </extensions>
      </trkpt>
      <trkpt lat="39.88796062655371" lon="116.34323253398544">
        <ele>36.2</ele>
        <time>2026-09-16T22:47:43.973000Z</time>
        <extensions>
          <gpxtpx:TrackPointExtension>
            <gpxtpx:hr>147</gpxtpx:hr>
          </gpxtpx:TrackPointExtension>
        </extensions>
      </trkpt>
      <trkpt lat="39.888005631398734" lon="116.3432285366797">
        <ele>36.2</ele>
        <time>2026-09-16T22:47:45.973000Z</time>
        <extensions>
          <gpxtpx:TrackPointExtension>
            <gpxtpx:hr>147</gpxtpx:hr>
          </gpxtpx:TrackPointExtension>
        </extensions>
      </trkpt>
      <trkpt lat="39.888049639775595" lon="116.34322254369305">
        <ele>36.2</ele>
        <time>2026-09-16T22:47:47.973000Z</time>
        <extensions>
          <gpxtpx:TrackPointExtension>
            <gpxtpx:hr>147</gpxtpx:hr>
          </gpxtpx:TrackPointExtension>
        </extensions>
      </trkpt>
      <trkpt lat="39.88809164824778" lon="116.34321655096">
        <ele>36.4</ele>
        <time>2026-09-16T22:47:49.973000Z</time>
        <extensions>
          <gpxtpx:TrackPointExtension>
            <gpxtpx:hr>146</gpxtpx:hr>
          </gpxtpx:TrackPointExtension>
        </extensions>
      </trkpt>
      <trkpt lat="39.888129655167305" lon="116.34321155663702">
        <ele>36.4</ele>
        <time>2026-09-16T22:47:51.973000Z</time>
        <extensions>
          <gpxtpx:TrackPointExtension>
            <gpxtpx:hr>146</gpxtpx:hr>
          </gpxtpx:TrackPointExtension>
        </extensions>
      </trkpt>
      <trkpt lat="39.888165660439576" lon="116.34320756047092">
        <ele>36.5</ele>
        <time>2026-09-16T22:47:53.973000Z</time>
        <extensions>
          <gpxtpx:TrackPointExtension>
            <gpxtpx:hr>146</gpxtpx:hr>
          </gpxtpx:TrackPointExtension>
        </extensions>
      </trkpt>
      <trkpt lat="39.88820366561818" lon="116.34320356405229">
        <ele>36.5</ele>
        <time>2026-09-16T22:47:55.973000Z</time>
        <extensions>
          <gpxtpx:TrackPointExtension>
            <gpxtpx:hr>146</gpxtpx:hr>
          </gpxtpx:TrackPointExtension>
        </extensions>
      </trkpt>
      <trkpt lat="39.88824466717135" lon="116.34320156306137">
        <ele>36.5</ele>
        <time>2026-09-16T22:47:57.973000Z</time>
        <extensions>
          <gpxtpx:TrackPointExtension>
            <gpxtpx:hr>146</gpxtpx:hr>
          </gpxtpx:TrackPointExtension>
        </extensions>
      </trkpt>
      <trkpt lat="39.88828966505187" lon="116.34320155737151">
        <ele>36.4</ele>
        <time>2026-09-16T22:47:59.973000Z</time>
        <extensions>
          <gpxtpx:TrackPointExtension>
            <gpxtpx:hr>147</gpxtpx:hr>
          </gpxtpx:TrackPointExtension>
        </extensions>
      </trkpt>
      <trkpt lat="39.88833665761174" lon="116.34320454513905">
        <ele>36.4</ele>
        <time>2026-09-16T22:48:01.973000Z</time>
        <extensions>
          <gpxtpx:TrackPointExtension>
            <gpxtpx:hr>147</gpxtpx:hr>
          </gpxtpx:TrackPointExtension>
        </extensions>
      </trkpt>
      <trkpt lat="39.88838465012518" lon="116.34320753278027">
        <ele>36.5</ele>
        <time>2026-09-16T22:48:03.973000Z</time>
        <extensions>
          <gpxtpx:TrackPointExtension>
            <gpxtpx:hr>147</gpxtpx:hr>
          </gpxtpx:TrackPointExtension>
        </extensions>
      </trkpt>
      <trkpt lat="39.88844062309969" lon="116.34322149635058">
        <ele>36.5</ele>
        <time>2026-09-16T22:48:05.973000Z</time>
        <extensions>
          <gpxtpx:TrackPointExtension>
            <gpxtpx:hr>148</gpxtpx:hr>
          </gpxtpx:TrackPointExtension>
        </extensions>
      </trkpt>
      <trkpt lat="39.88849759254759" lon="116.34323745560644">
        <ele>36.5</ele>
        <time>2026-09-16T22:48:07.973000Z</time>
        <extensions>
          <gpxtpx:TrackPointExtension>
            <gpxtpx:hr>148</gpxtpx:hr>
          </gpxtpx:TrackPointExtension>
        </extensions>
      </trkpt>
      <trkpt lat="39.88855655842348" lon="116.34325541042334">
        <ele>36.3</ele>
        <time>2026-09-16T22:48:09.973000Z</time>
        <extensions>
          <gpxtpx:TrackPointExtension>
            <gpxtpx:hr>146</gpxtpx:hr>
          </gpxtpx:TrackPointExtension>
        </extensions>
      </trkpt>
      <trkpt lat="39.88860654388239" lon="116.34326238943281">
        <ele>36.3</ele>
        <time>2026-09-16T22:48:11.973000Z</time>
        <extensions>
          <gpxtpx:TrackPointExtension>
            <gpxtpx:hr>146</gpxtpx:hr>
          </gpxtpx:TrackPointExtension>
        </extensions>
      </trkpt>
      <trkpt lat="39.88865553809598" lon="116.34326437904625">
        <ele>36.3</ele>
        <time>2026-09-16T22:48:13.973000Z</time>
        <extensions>
          <gpxtpx:TrackPointExtension>
            <gpxtpx:hr>146</gpxtpx:hr>
          </gpxtpx:TrackPointExtension>
        </extensions>
      </trkpt>
      <trkpt lat="39.888703537581065" lon="116.34326337507224">
        <ele>36.3</ele>
        <time>2026-09-16T22:48:15.973000Z</time>
        <extensions>
          <gpxtpx:TrackPointExtension>
            <gpxtpx:hr>147</gpxtpx:hr>
          </gpxtpx:TrackPointExtension>
        </extensions>
      </trkpt>
      <trkpt lat="39.888751537066696" lon="116.34326237109825">
        <ele>36.3</ele>
        <time>2026-09-16T22:48:17.973000Z</time>
        <extensions>
          <gpxtpx:TrackPointExtension>
            <gpxtpx:hr>147</gpxtpx:hr>
          </gpxtpx:TrackPointExtension>
        </extensions>
      </trkpt>
      <trkpt lat="39.88879953481153" lon="116.34326236502885">
        <ele>36.3</ele>
        <time>2026-09-16T22:48:19.973000Z</time>
        <extensions>
          <gpxtpx:TrackPointExtension>
            <gpxtpx:hr>147</gpxtpx:hr>
          </gpxtpx:TrackPointExtension>
        </extensions>
      </trkpt>
      <trkpt lat="39.888847534298236" lon="116.34326136105486">
        <ele>36.3</ele>
        <time>2026-09-16T22:48:21.973000Z</time>
        <extensions>
          <gpxtpx:TrackPointExtension>
            <gpxtpx:hr>147</gpxtpx:hr>
          </gpxtpx:TrackPointExtension>
        </extensions>
      </trkpt>
      <trkpt lat="39.88889653373854" lon="116.34326035695442">
        <ele>36.3</ele>
        <time>2026-09-16T22:48:23.973000Z</time>
        <extensions>
          <gpxtpx:TrackPointExtension>
            <gpxtpx:hr>147</gpxtpx:hr>
          </gpxtpx:TrackPointExtension>
        </extensions>
      </trkpt>
      <trkpt lat="39.88894653487384" lon="116.34325835482304">
        <ele>36.3</ele>
        <time>2026-09-16T22:48:25.973000Z</time>
        <extensions>
          <gpxtpx:TrackPointExtension>
            <gpxtpx:hr>148</gpxtpx:hr>
          </gpxtpx:TrackPointExtension>
        </extensions>
      </trkpt>
      <trkpt lat="39.88899553605672" lon="116.34325635281816">
        <ele>36.3</ele>
        <time>2026-09-16T22:48:27.973000Z</time>
        <extensions>
          <gpxtpx:TrackPointExtension>
            <gpxtpx:hr>148</gpxtpx:hr>
          </gpxtpx:TrackPointExtension>
        </extensions>
      </trkpt>
      <trkpt lat="39.8890425355926" lon="116.3432553489707">
        <ele>36.2</ele>
        <time>2026-09-16T22:48:29.973000Z</time>
        <extensions>
          <gpxtpx:TrackPointExtension>
            <gpxtpx:hr>149</gpxtpx:hr>
          </gpxtpx:TrackPointExtension>
        </extensions>
      </trkpt>
      <trkpt lat="39.88908852995158" lon="116.34325733896304">
        <ele>36.2</ele>
        <time>2026-09-16T22:48:31.973000Z</time>
        <extensions>
          <gpxtpx:TrackPointExtension>
            <gpxtpx:hr>149</gpxtpx:hr>
          </gpxtpx:TrackPointExtension>
        </extensions>
      </trkpt>
      <trkpt lat="39.889132522663544" lon="116.3432603271129">
        <ele>36.0</ele>
        <time>2026-09-16T22:48:33.973000Z</time>
        <extensions>
          <gpxtpx:TrackPointExtension>
            <gpxtpx:hr>149</gpxtpx:hr>
          </gpxtpx:TrackPointExtension>
        </extensions>
      </trkpt>
      <trkpt lat="39.88917551542299" lon="116.34326331538935">
        <ele>36.0</ele>
        <time>2026-09-16T22:48:35.973000Z</time>
        <extensions>
          <gpxtpx:TrackPointExtension>
            <gpxtpx:hr>148</gpxtpx:hr>
          </gpxtpx:TrackPointExtension>
        </extensions>
      </trkpt>
      <trkpt lat="39.88922050808924" lon="116.34326630341309">
        <ele>36.0</ele>
        <time>2026-09-16T22:48:37.973000Z</time>
        <extensions>
          <gpxtpx:TrackPointExtension>
            <gpxtpx:hr>148</gpxtpx:hr>
          </gpxtpx:TrackPointExtension>
        </extensions>
      </trkpt>
      <trkpt lat="39.8892655007561" lon="116.34326929143697">
        <ele>36.4</ele>
        <time>2026-09-16T22:48:39.973000Z</time>
        <extensions>
          <gpxtpx:TrackPointExtension>
            <gpxtpx:hr>148</gpxtpx:hr>
          </gpxtpx:TrackPointExtension>
        </extensions>
      </trkpt>
      <trkpt lat="39.8893094969528" lon="116.34327028377794">
        <ele>36.4</ele>
        <time>2026-09-16T22:48:41.973000Z</time>
        <extensions>
          <gpxtpx:TrackPointExtension>
            <gpxtpx:hr>148</gpxtpx:hr>
          </gpxtpx:TrackPointExtension>
        </extensions>
      </trkpt>
      <trkpt lat="39.88935149498485" lon="116.34327027846707">
        <ele>36.5</ele>
        <time>2026-09-16T22:48:43.973000Z</time>
        <extensions>
          <gpxtpx:TrackPointExtension>
            <gpxtpx:hr>148</gpxtpx:hr>
          </gpxtpx:TrackPointExtension>
        </extensions>
      </trkpt>
      <trkpt lat="39.889395494664825" lon="116.34326927499858">
        <ele>36.5</ele>
        <time>2026-09-16T22:48:45.973000Z</time>
        <extensions>
          <gpxtpx:TrackPointExtension>
            <gpxtpx:hr>148</gpxtpx:hr>
          </gpxtpx:TrackPointExtension>
        </extensions>
      </trkpt>
      <trkpt lat="39.8894414942516" lon="116.34326827127718">
        <ele>36.5</ele>
        <time>2026-09-16T22:48:47.973000Z</time>
        <extensions>
          <gpxtpx:TrackPointExtension>
            <gpxtpx:hr>148</gpxtpx:hr>
          </gpxtpx:TrackPointExtension>
        </extensions>
      </trkpt>
      <trkpt lat="39.8894874903564" lon="116.3432692633652">
        <ele>36.6</ele>
        <time>2026-09-16T22:48:49.973000Z</time>
        <extensions>
          <gpxtpx:TrackPointExtension>
            <gpxtpx:hr>146</gpxtpx:hr>
          </gpxtpx:TrackPointExtension>
        </extensions>
      </trkpt>
      <trkpt lat="39.88953448293252" lon="116.34327225113626">
        <ele>36.6</ele>
        <time>2026-09-16T22:48:51.973000Z</time>
        <extensions>
          <gpxtpx:TrackPointExtension>
            <gpxtpx:hr>146</gpxtpx:hr>
          </gpxtpx:TrackPointExtension>
        </extensions>
      </trkpt>
      <trkpt lat="39.889583473674584" lon="116.34327623655943">
        <ele>36.4</ele>
        <time>2026-09-16T22:48:53.973000Z</time>
        <extensions>
          <gpxtpx:TrackPointExtension>
            <gpxtpx:hr>146</gpxtpx:hr>
          </gpxtpx:TrackPointExtension>
        </extensions>
      </trkpt>
      <trkpt lat="39.889633467852775" lon="116.3432782260466">
        <ele>36.4</ele>
        <time>2026-09-16T22:48:55.973000Z</time>
        <extensions>
          <gpxtpx:TrackPointExtension>
            <gpxtpx:hr>147</gpxtpx:hr>
          </gpxtpx:TrackPointExtension>
        </extensions>
      </trkpt>
      <trkpt lat="39.889682463819405" lon="116.3432792177554">
        <ele>36.4</ele>
        <time>2026-09-16T22:48:57.973000Z</time>
        <extensions>
          <gpxtpx:TrackPointExtension>
            <gpxtpx:hr>147</gpxtpx:hr>
          </gpxtpx:TrackPointExtension>
        </extensions>
      </trkpt>
      <trkpt lat="39.88973046331547" lon="116.34327821378082">
        <ele>36.2</ele>
        <time>2026-09-16T22:48:59.973000Z</time>
        <extensions>
          <gpxtpx:TrackPointExtension>
            <gpxtpx:hr>146</gpxtpx:hr>
          </gpxtpx:TrackPointExtension>
        </extensions>
      </trkpt>
      <trkpt lat="39.88977746285883" lon="116.34327720993272">
        <ele>36.2</ele>
        <time>2026-09-16T22:49:01.973000Z</time>
        <extensions>
          <gpxtpx:TrackPointExtension>
            <gpxtpx:hr>146</gpxtpx:hr>
          </gpxtpx:TrackPointExtension>
        </extensions>
      </trkpt>
      <trkpt lat="39.8898244606616" lon="116.34327720398947">
        <ele>36.3</ele>
        <time>2026-09-16T22:49:03.973000Z</time>
        <extensions>
          <gpxtpx:TrackPointExtension>
            <gpxtpx:hr>146</gpxtpx:hr>
          </gpxtpx:TrackPointExtension>
        </extensions>
      </trkpt>
      <trkpt lat="39.88987045502948" lon="116.34327919398243">
        <ele>36.3</ele>
        <time>2026-09-16T22:49:05.973000Z</time>
        <extensions>
          <gpxtpx:TrackPointExtension>
            <gpxtpx:hr>146</gpxtpx:hr>
          </gpxtpx:TrackPointExtension>
        </extensions>
      </trkpt>
      <trkpt lat="39.88991845104548" lon="116.3432801858176">
        <ele>36.3</ele>
        <time>2026-09-16T22:49:07.973000Z</time>
        <extensions>
          <gpxtpx:TrackPointExtension>
            <gpxtpx:hr>146</gpxtpx:hr>
          </gpxtpx:TrackPointExtension>
        </extensions>
      </trkpt>
      <trkpt lat="39.889968441745616" lon="116.34328417111479">
        <ele>36.3</ele>
        <time>2026-09-16T22:49:09.973000Z</time>
        <extensions>
          <gpxtpx:TrackPointExtension>
            <gpxtpx:hr>145</gpxtpx:hr>
          </gpxtpx:TrackPointExtension>
        </extensions>
      </trkpt>
      <trkpt lat="39.890018435928404" lon="116.34328616060218">
        <ele>36.3</ele>
        <time>2026-09-16T22:49:11.973000Z</time>
        <extensions>
          <gpxtpx:TrackPointExtension>
            <gpxtpx:hr>145</gpxtpx:hr>
          </gpxtpx:TrackPointExtension>
        </extensions>
      </trkpt>
      <trkpt lat="39.890066428464316" lon="116.34328914824758">
        <ele>36.7</ele>
        <time>2026-09-16T22:49:13.973000Z</time>
        <extensions>
          <gpxtpx:TrackPointExtension>
            <gpxtpx:hr>145</gpxtpx:hr>
          </gpxtpx:TrackPointExtension>
        </extensions>
      </trkpt>
      <trkpt lat="39.89011142114093" lon="116.34329213627252">
        <ele>36.7</ele>
        <time>2026-09-16T22:49:15.973000Z</time>
        <extensions>
          <gpxtpx:TrackPointExtension>
            <gpxtpx:hr>145</gpxtpx:hr>
          </gpxtpx:TrackPointExtension>
        </extensions>
      </trkpt>
      <trkpt lat="39.890151415792296" lon="116.34329412702469">
        <ele>36.7</ele>
        <time>2026-09-16T22:49:17.973000Z</time>
        <extensions>
          <gpxtpx:TrackPointExtension>
            <gpxtpx:hr>145</gpxtpx:hr>
          </gpxtpx:TrackPointExtension>
        </extensions>
      </trkpt>
      <trkpt lat="39.8901874123715" lon="116.34329512037752">
        <ele>36.7</ele>
        <time>2026-09-16T22:49:19.973000Z</time>
        <extensions>
          <gpxtpx:TrackPointExtension>
            <gpxtpx:hr>145</gpxtpx:hr>
          </gpxtpx:TrackPointExtension>
        </extensions>
      </trkpt>
      <trkpt lat="39.89022441064515" lon="116.3432951156987">
        <ele>36.7</ele>
        <time>2026-09-16T22:49:21.973000Z</time>
        <extensions>
          <gpxtpx:TrackPointExtension>
            <gpxtpx:hr>145</gpxtpx:hr>
          </gpxtpx:TrackPointExtension>
        </extensions>
      </trkpt>
      <trkpt lat="39.89026541221412" lon="116.34329311470367">
        <ele>36.7</ele>
        <time>2026-09-16T22:49:23.973000Z</time>
        <extensions>
          <gpxtpx:TrackPointExtension>
            <gpxtpx:hr>145</gpxtpx:hr>
          </gpxtpx:TrackPointExtension>
        </extensions>
      </trkpt>
      <trkpt lat="39.89031640635392" lon="116.34329510406482">
        <ele>36.5</ele>
        <time>2026-09-16T22:49:25.973000Z</time>
        <extensions>
          <gpxtpx:TrackPointExtension>
            <gpxtpx:hr>146</gpxtpx:hr>
          </gpxtpx:TrackPointExtension>
        </extensions>
      </trkpt>
      <trkpt lat="39.89037440190878" lon="116.3432960946356">
        <ele>36.5</ele>
        <time>2026-09-16T22:49:27.973000Z</time>
        <extensions>
          <gpxtpx:TrackPointExtension>
            <gpxtpx:hr>146</gpxtpx:hr>
          </gpxtpx:TrackPointExtension>
        </extensions>
      </trkpt>
      <trkpt lat="39.89043539732458" lon="116.34329708482701">
        <ele>36.4</ele>
        <time>2026-09-16T22:49:29.973000Z</time>
        <extensions>
          <gpxtpx:TrackPointExtension>
            <gpxtpx:hr>145</gpxtpx:hr>
          </gpxtpx:TrackPointExtension>
        </extensions>
      </trkpt>
      <trkpt lat="39.89049039302079" lon="116.34329807577718">
        <ele>36.4</ele>
        <time>2026-09-16T22:49:31.973000Z</time>
        <extensions>
          <gpxtpx:TrackPointExtension>
            <gpxtpx:hr>145</gpxtpx:hr>
          </gpxtpx:TrackPointExtension>
        </extensions>
      </trkpt>
      <trkpt lat="39.89054038198787" lon="116.3433030589809">
        <ele>36.4</ele>
        <time>2026-09-16T22:49:33.973000Z</time>
        <extensions>
          <gpxtpx:TrackPointExtension>
            <gpxtpx:hr>145</gpxtpx:hr>
          </gpxtpx:TrackPointExtension>
        </extensions>
      </trkpt>
      <trkpt lat="39.89058736935508" lon="116.34330904046993">
        <ele>36.4</ele>
        <time>2026-09-16T22:49:35.973000Z</time>
        <extensions>
          <gpxtpx:TrackPointExtension>
            <gpxtpx:hr>146</gpxtpx:hr>
          </gpxtpx:TrackPointExtension>
        </extensions>
      </trkpt>
      <trkpt lat="39.8906333585104" lon="116.34331402418051">
        <ele>36.4</ele>
        <time>2026-09-16T22:49:37.973000Z</time>
        <extensions>
          <gpxtpx:TrackPointExtension>
            <gpxtpx:hr>146</gpxtpx:hr>
          </gpxtpx:TrackPointExtension>
        </extensions>
      </trkpt>
      <trkpt lat="39.89067835467485" lon="116.3433150163955">
        <ele>36.4</ele>
        <time>2026-09-16T22:49:39.973000Z</time>
        <extensions>
          <gpxtpx:TrackPointExtension>
            <gpxtpx:hr>146</gpxtpx:hr>
          </gpxtpx:TrackPointExtension>
        </extensions>
      </trkpt>
      <trkpt lat="39.89072535248712" lon="116.34331501045196">
        <ele>36.4</ele>
        <time>2026-09-16T22:49:41.973000Z</time>
        <extensions>
          <gpxtpx:TrackPointExtension>
            <gpxtpx:hr>146</gpxtpx:hr>
          </gpxtpx:TrackPointExtension>
        </extensions>
      </trkpt>
      <trkpt lat="39.89077435020681" lon="116.34331500425549">
        <ele>36.4</ele>
        <time>2026-09-16T22:49:43.973000Z</time>
        <extensions>
          <gpxtpx:TrackPointExtension>
            <gpxtpx:hr>146</gpxtpx:hr>
          </gpxtpx:TrackPointExtension>
        </extensions>
      </trkpt>
      <trkpt lat="39.89082434614008" lon="116.34331599583815">
        <ele>36.6</ele>
        <time>2026-09-16T22:49:45.973000Z</time>
        <extensions>
          <gpxtpx:TrackPointExtension>
            <gpxtpx:hr>144</gpxtpx:hr>
          </gpxtpx:TrackPointExtension>
        </extensions>
      </trkpt>
      <trkpt lat="39.89087234564781" lon="116.34331499186251">
        <ele>36.6</ele>
        <time>2026-09-16T22:49:47.973000Z</time>
        <extensions>
          <gpxtpx:TrackPointExtension>
            <gpxtpx:hr>144</gpxtpx:hr>
          </gpxtpx:TrackPointExtension>
        </extensions>
      </trkpt>
      <trkpt lat="39.890918346989544" lon="116.34331299023424">
        <ele>36.4</ele>
        <time>2026-09-16T22:49:49.973000Z</time>
        <extensions>
          <gpxtpx:TrackPointExtension>
            <gpxtpx:hr>145</gpxtpx:hr>
          </gpxtpx:TrackPointExtension>
        </extensions>
      </trkpt>
      <trkpt lat="39.890964344850815" lon="116.34331298441711">
        <ele>36.4</ele>
        <time>2026-09-16T22:49:51.973000Z</time>
        <extensions>
          <gpxtpx:TrackPointExtension>
            <gpxtpx:hr>145</gpxtpx:hr>
          </gpxtpx:TrackPointExtension>
        </extensions>
      </trkpt>
      <trkpt lat="39.891010340972066" lon="116.34331397650553">
        <ele>36.4</ele>
        <time>2026-09-16T22:49:53.973000Z</time>
        <extensions>
          <gpxtpx:TrackPointExtension>
            <gpxtpx:hr>145</gpxtpx:hr>
          </gpxtpx:TrackPointExtension>
        </extensions>
      </trkpt>
      <trkpt lat="39.89105733704734" lon="116.34331496846747">
        <ele>36.4</ele>
        <time>2026-09-16T22:49:55.973000Z</time>
        <extensions>
          <gpxtpx:TrackPointExtension>
            <gpxtpx:hr>145</gpxtpx:hr>
          </gpxtpx:TrackPointExtension>
        </extensions>
      </trkpt>
      <trkpt lat="39.891105336557565" lon="116.3433139644918">
        <ele>36.4</ele>
        <time>2026-09-16T22:49:57.973000Z</time>
        <extensions>
          <gpxtpx:TrackPointExtension>
            <gpxtpx:hr>145</gpxtpx:hr>
          </gpxtpx:TrackPointExtension>
        </extensions>
      </trkpt>
      <trkpt lat="39.891155337715915" lon="116.34331196235769">
        <ele>36.5</ele>
        <time>2026-09-16T22:49:59.973000Z</time>
        <extensions>
          <gpxtpx:TrackPointExtension>
            <gpxtpx:hr>145</gpxtpx:hr>
          </gpxtpx:TrackPointExtension>
        </extensions>
      </trkpt>
      <trkpt lat="39.89120633534741" lon="116.34331195590818">
        <ele>36.5</ele>
        <time>2026-09-16T22:50:01.973000Z</time>
        <extensions>
          <gpxtpx:TrackPointExtension>
            <gpxtpx:hr>145</gpxtpx:hr>
          </gpxtpx:TrackPointExtension>
        </extensions>
      </trkpt>
      <trkpt lat="39.89125633128542" lon="116.34331294749066">
        <ele>36.5</ele>
        <time>2026-09-16T22:50:03.973000Z</time>
        <extensions>
          <gpxtpx:TrackPointExtension>
            <gpxtpx:hr>145</gpxtpx:hr>
          </gpxtpx:TrackPointExtension>
        </extensions>
      </trkpt>
      <trkpt lat="39.89130532552995" lon="116.34331493710516">
        <ele>36.4</ele>
        <time>2026-09-16T22:50:05.973000Z</time>
        <extensions>
          <gpxtpx:TrackPointExtension>
            <gpxtpx:hr>145</gpxtpx:hr>
          </gpxtpx:TrackPointExtension>
        </extensions>
      </trkpt>
      <trkpt lat="39.89135331808106" lon="116.34331792475182">
        <ele>36.4</ele>
        <time>2026-09-16T22:50:07.973000Z</time>
        <extensions>
          <gpxtpx:TrackPointExtension>
            <gpxtpx:hr>145</gpxtpx:hr>
          </gpxtpx:TrackPointExtension>
        </extensions>
      </trkpt>
      <trkpt lat="39.89140131063282" lon="116.34332091239862">
        <ele>36.2</ele>
        <time>2026-09-16T22:50:09.973000Z</time>
        <extensions>
          <gpxtpx:TrackPointExtension>
            <gpxtpx:hr>145</gpxtpx:hr>
          </gpxtpx:TrackPointExtension>
        </extensions>
      </trkpt>
      <trkpt lat="39.8914513048328" lon="116.34332290188692">
        <ele>36.2</ele>
        <time>2026-09-16T22:50:11.973000Z</time>
        <extensions>
          <gpxtpx:TrackPointExtension>
            <gpxtpx:hr>145</gpxtpx:hr>
          </gpxtpx:TrackPointExtension>
        </extensions>
      </trkpt>
      <trkpt lat="39.89150129555284" lon="116.34332688718688">
        <ele>36.2</ele>
        <time>2026-09-16T22:50:13.973000Z</time>
        <extensions>
          <gpxtpx:TrackPointExtension>
            <gpxtpx:hr>145</gpxtpx:hr>
          </gpxtpx:TrackPointExtension>
        </extensions>
      </trkpt>
      <trkpt lat="39.8915512862737" lon="116.34333087248712">
        <ele>36.2</ele>
        <time>2026-09-16T22:50:15.973000Z</time>
        <extensions>
          <gpxtpx:TrackPointExtension>
            <gpxtpx:hr>146</gpxtpx:hr>
          </gpxtpx:TrackPointExtension>
        </extensions>
      </trkpt>
      <trkpt lat="39.89159828061471" lon="116.34333286235514">
        <ele>36.2</ele>
        <time>2026-09-16T22:50:17.973000Z</time>
        <extensions>
          <gpxtpx:TrackPointExtension>
            <gpxtpx:hr>146</gpxtpx:hr>
          </gpxtpx:TrackPointExtension>
        </extensions>
      </trkpt>
      <trkpt lat="39.89164628361073" lon="116.34332986256717">
        <ele>36.5</ele>
        <time>2026-09-16T22:50:19.973000Z</time>
        <extensions>
          <gpxtpx:TrackPointExtension>
            <gpxtpx:hr>146</gpxtpx:hr>
          </gpxtpx:TrackPointExtension>
        </extensions>
      </trkpt>
      <trkpt lat="39.89169529178192" lon="116.3433238689356">
        <ele>36.5</ele>
        <time>2026-09-16T22:50:21.973000Z</time>
        <extensions>
          <gpxtpx:TrackPointExtension>
            <gpxtpx:hr>146</gpxtpx:hr>
          </gpxtpx:TrackPointExtension>
        </extensions>
      </trkpt>
      <trkpt lat="39.891745301648335" lon="116.34331687727268">
        <ele>36.5</ele>
        <time>2026-09-16T22:50:23.973000Z</time>
        <extensions>
          <gpxtpx:TrackPointExtension>
            <gpxtpx:hr>146</gpxtpx:hr>
          </gpxtpx:TrackPointExtension>
        </extensions>
      </trkpt>
      <trkpt lat="39.891795306294576" lon="116.34331287932723">
        <ele>36.5</ele>
        <time>2026-09-16T22:50:25.973000Z</time>
        <extensions>
          <gpxtpx:TrackPointExtension>
            <gpxtpx:hr>145</gpxtpx:hr>
          </gpxtpx:TrackPointExtension>
        </extensions>
      </trkpt>
      <trkpt lat="39.891844309247375" lon="116.34330987941401">
        <ele>36.5</ele>
        <time>2026-09-16T22:50:27.973000Z</time>
        <extensions>
          <gpxtpx:TrackPointExtension>
            <gpxtpx:hr>145</gpxtpx:hr>
          </gpxtpx:TrackPointExtension>
        </extensions>
      </trkpt>
      <trkpt lat="39.89189531384888" lon="116.34330588134264">
        <ele>36.3</ele>
        <time>2026-09-16T22:50:29.973000Z</time>
        <extensions>
          <gpxtpx:TrackPointExtension>
            <gpxtpx:hr>146</gpxtpx:hr>
          </gpxtpx:TrackPointExtension>
        </extensions>
      </trkpt>
      <trkpt lat="39.89194932005308" lon="116.34330088498692">
        <ele>36.3</ele>
        <time>2026-09-16T22:50:31.973000Z</time>
        <extensions>
          <gpxtpx:TrackPointExtension>
            <gpxtpx:hr>146</gpxtpx:hr>
          </gpxtpx:TrackPointExtension>
        </extensions>
      </trkpt>
      <trkpt lat="39.8920033210361" lon="116.34329888234731">
        <ele>36.0</ele>
        <time>2026-09-16T22:50:35.973000Z</time>
        <extensions>
          <gpxtpx:TrackPointExtension>
            <gpxtpx:hr>146</gpxtpx:hr>
          </gpxtpx:TrackPointExtension>
        </extensions>
      </trkpt>
      <trkpt lat="39.892053318723335" lon="116.34329887602405">
        <ele>36.0</ele>
        <time>2026-09-16T22:50:37.973000Z</time>
        <extensions>
          <gpxtpx:TrackPointExtension>
            <gpxtpx:hr>146</gpxtpx:hr>
          </gpxtpx:TrackPointExtension>
        </extensions>
      </trkpt>
      <trkpt lat="39.892102325161176" lon="116.34329388030135">
        <ele>36.4</ele>
        <time>2026-09-16T22:50:39.973000Z</time>
        <extensions>
          <gpxtpx:TrackPointExtension>
            <gpxtpx:hr>148</gpxtpx:hr>
          </gpxtpx:TrackPointExtension>
        </extensions>
      </trkpt>
      <trkpt lat="39.8921523385174" lon="116.34328489283271">
        <ele>36.4</ele>
        <time>2026-09-16T22:50:41.973000Z</time>
        <extensions>
          <gpxtpx:TrackPointExtension>
            <gpxtpx:hr>148</gpxtpx:hr>
          </gpxtpx:TrackPointExtension>
        </extensions>
      </trkpt>
      <trkpt lat="39.892206348208475" lon="116.34327790066945">
        <ele>36.4</ele>
        <time>2026-09-16T22:50:43.973000Z</time>
        <extensions>
          <gpxtpx:TrackPointExtension>
            <gpxtpx:hr>148</gpxtpx:hr>
          </gpxtpx:TrackPointExtension>
        </extensions>
      </trkpt>
      <trkpt lat="39.89226035093639" lon="116.34327490012599">
        <ele>36.3</ele>
        <time>2026-09-16T22:50:45.973000Z</time>
        <extensions>
          <gpxtpx:TrackPointExtension>
            <gpxtpx:hr>147</gpxtpx:hr>
          </gpxtpx:TrackPointExtension>
        </extensions>
      </trkpt>
      <trkpt lat="39.89231035210871" lon="116.34327289799324">
        <ele>36.3</ele>
        <time>2026-09-16T22:50:47.973000Z</time>
        <extensions>
          <gpxtpx:TrackPointExtension>
            <gpxtpx:hr>147</gpxtpx:hr>
          </gpxtpx:TrackPointExtension>
        </extensions>
      </trkpt>
      <trkpt lat="39.89235736212631" lon="116.34326590671692">
        <ele>36.2</ele>
        <time>2026-09-16T22:50:49.973000Z</time>
        <extensions>
          <gpxtpx:TrackPointExtension>
            <gpxtpx:hr>147</gpxtpx:hr>
          </gpxtpx:TrackPointExtension>
        </extensions>
      </trkpt>
      <trkpt lat="39.892404368662476" lon="116.34326091125047">
        <ele>36.2</ele>
        <time>2026-09-16T22:50:51.973000Z</time>
        <extensions>
          <gpxtpx:TrackPointExtension>
            <gpxtpx:hr>147</gpxtpx:hr>
          </gpxtpx:TrackPointExtension>
        </extensions>
      </trkpt>
      <trkpt lat="39.892451376940976" lon="116.34325491788017">
        <ele>36.2</ele>
        <time>2026-09-16T22:50:53.973000Z</time>
        <extensions>
          <gpxtpx:TrackPointExtension>
            <gpxtpx:hr>147</gpxtpx:hr>
          </gpxtpx:TrackPointExtension>
        </extensions>
      </trkpt>
      <trkpt lat="39.89249738352517" lon="116.34324992254129">
        <ele>36.3</ele>
        <time>2026-09-16T22:50:55.973000Z</time>
        <extensions>
          <gpxtpx:TrackPointExtension>
            <gpxtpx:hr>148</gpxtpx:hr>
          </gpxtpx:TrackPointExtension>
        </extensions>
      </trkpt>
      <trkpt lat="39.89254538653474" lon="116.3432469227583">
        <ele>36.3</ele>
        <time>2026-09-16T22:50:57.973000Z</time>
        <extensions>
          <gpxtpx:TrackPointExtension>
            <gpxtpx:hr>148</gpxtpx:hr>
          </gpxtpx:TrackPointExtension>
        </extensions>
      </trkpt>
      <trkpt lat="39.892593386061726" lon="116.34324591878372">
        <ele>36.4</ele>
        <time>2026-09-16T22:50:59.973000Z</time>
        <extensions>
          <gpxtpx:TrackPointExtension>
            <gpxtpx:hr>148</gpxtpx:hr>
          </gpxtpx:TrackPointExtension>
        </extensions>
      </trkpt>
      <trkpt lat="39.89264238205991" lon="116.34324691049103">
        <ele>36.4</ele>
        <time>2026-09-16T22:51:01.973000Z</time>
        <extensions>
          <gpxtpx:TrackPointExtension>
            <gpxtpx:hr>148</gpxtpx:hr>
          </gpxtpx:TrackPointExtension>
        </extensions>
      </trkpt>
      <trkpt lat="39.89268937989242" lon="116.34324690454709">
        <ele>36.4</ele>
        <time>2026-09-16T22:51:03.973000Z</time>
        <extensions>
          <gpxtpx:TrackPointExtension>
            <gpxtpx:hr>148</gpxtpx:hr>
          </gpxtpx:TrackPointExtension>
        </extensions>
      </trkpt>
      <trkpt lat="39.89273737767931" lon="116.34324689847665">
        <ele>36.7</ele>
        <time>2026-09-16T22:51:05.973000Z</time>
        <extensions>
          <gpxtpx:TrackPointExtension>
            <gpxtpx:hr>149</gpxtpx:hr>
          </gpxtpx:TrackPointExtension>
        </extensions>
      </trkpt>
      <trkpt lat="39.892784378995984" lon="116.34324489672437">
        <ele>36.7</ele>
        <time>2026-09-16T22:51:07.973000Z</time>
        <extensions>
          <gpxtpx:TrackPointExtension>
            <gpxtpx:hr>149</gpxtpx:hr>
          </gpxtpx:TrackPointExtension>
        </extensions>
      </trkpt>
      <trkpt lat="39.89283138031321" lon="116.34324289497218">
        <ele>36.6</ele>
        <time>2026-09-16T22:51:09.973000Z</time>
        <extensions>
          <gpxtpx:TrackPointExtension>
            <gpxtpx:hr>150</gpxtpx:hr>
          </gpxtpx:TrackPointExtension>
        </extensions>
      </trkpt>
      <trkpt lat="39.89287638346481" lon="116.34323989556896">
        <ele>36.6</ele>
        <time>2026-09-16T22:51:11.973000Z</time>
        <extensions>
          <gpxtpx:TrackPointExtension>
            <gpxtpx:hr>150</gpxtpx:hr>
          </gpxtpx:TrackPointExtension>
        </extensions>
      </trkpt>
      <trkpt lat="39.89292038666305" lon="116.34323689629238">
        <ele>36.6</ele>
        <time>2026-09-16T22:51:13.973000Z</time>
        <extensions>
          <gpxtpx:TrackPointExtension>
            <gpxtpx:hr>150</gpxtpx:hr>
          </gpxtpx:TrackPointExtension>
        </extensions>
      </trkpt>
      <trkpt lat="39.892965389815814" lon="116.3432338968895">
        <ele>36.7</ele>
        <time>2026-09-16T22:51:15.973000Z</time>
        <extensions>
          <gpxtpx:TrackPointExtension>
            <gpxtpx:hr>149</gpxtpx:hr>
          </gpxtpx:TrackPointExtension>
        </extensions>
      </trkpt>
      <trkpt lat="39.89301038948549" lon="116.34323289329454">
        <ele>36.7</ele>
        <time>2026-09-16T22:51:17.973000Z</time>
        <extensions>
          <gpxtpx:TrackPointExtension>
            <gpxtpx:hr>149</gpxtpx:hr>
          </gpxtpx:TrackPointExtension>
        </extensions>
      </trkpt>
      <trkpt lat="39.89305738732172" lon="116.34323288735051">
        <ele>36.8</ele>
        <time>2026-09-16T22:51:19.973000Z</time>
        <extensions>
          <gpxtpx:TrackPointExtension>
            <gpxtpx:hr>148</gpxtpx:hr>
          </gpxtpx:TrackPointExtension>
        </extensions>
      </trkpt>
      <trkpt lat="39.89310738676219" lon="116.3432318831232">
        <ele>36.8</ele>
        <time>2026-09-16T22:51:21.973000Z</time>
        <extensions>
          <gpxtpx:TrackPointExtension>
            <gpxtpx:hr>148</gpxtpx:hr>
          </gpxtpx:TrackPointExtension>
        </extensions>
      </trkpt>
      <trkpt lat="39.893160384323345" lon="116.34323187642033">
        <ele>36.8</ele>
        <time>2026-09-16T22:51:23.973000Z</time>
        <extensions>
          <gpxtpx:TrackPointExtension>
            <gpxtpx:hr>148</gpxtpx:hr>
          </gpxtpx:TrackPointExtension>
        </extensions>
      </trkpt>
      <trkpt lat="39.89321238541479" lon="116.34322987403627">
        <ele>36.9</ele>
        <time>2026-09-16T22:51:25.973000Z</time>
        <extensions>
          <gpxtpx:TrackPointExtension>
            <gpxtpx:hr>148</gpxtpx:hr>
          </gpxtpx:TrackPointExtension>
        </extensions>
      </trkpt>
      <trkpt lat="39.8932623900827" lon="116.34322587609768">
        <ele>36.9</ele>
        <time>2026-09-16T22:51:27.973000Z</time>
        <extensions>
          <gpxtpx:TrackPointExtension>
            <gpxtpx:hr>148</gpxtpx:hr>
          </gpxtpx:TrackPointExtension>
        </extensions>
      </trkpt>
      <trkpt lat="39.893309396631345" lon="116.34322088063519">
        <ele>36.9</ele>
        <time>2026-09-16T22:51:29.973000Z</time>
        <extensions>
          <gpxtpx:TrackPointExtension>
            <gpxtpx:hr>149</gpxtpx:hr>
          </gpxtpx:TrackPointExtension>
        </extensions>
      </trkpt>
      <trkpt lat="39.89335740139282" lon="116.34321688295026">
        <ele>36.9</ele>
        <time>2026-09-16T22:51:31.973000Z</time>
        <extensions>
          <gpxtpx:TrackPointExtension>
            <gpxtpx:hr>149</gpxtpx:hr>
          </gpxtpx:TrackPointExtension>
        </extensions>
      </trkpt>
      <trkpt lat="39.89340440445887" lon="116.34321388329562">
        <ele>36.9</ele>
        <time>2026-09-16T22:51:33.973000Z</time>
        <extensions>
          <gpxtpx:TrackPointExtension>
            <gpxtpx:hr>149</gpxtpx:hr>
          </gpxtpx:TrackPointExtension>
        </extensions>
      </trkpt>
      <trkpt lat="39.89345140578337" lon="116.34321188154458">
        <ele>36.9</ele>
        <time>2026-09-16T22:51:35.973000Z</time>
        <extensions>
          <gpxtpx:TrackPointExtension>
            <gpxtpx:hr>148</gpxtpx:hr>
          </gpxtpx:TrackPointExtension>
        </extensions>
      </trkpt>
      <trkpt lat="39.893498405366216" lon="116.34321087769703">
        <ele>36.9</ele>
        <time>2026-09-16T22:51:37.973000Z</time>
        <extensions>
          <gpxtpx:TrackPointExtension>
            <gpxtpx:hr>148</gpxtpx:hr>
          </gpxtpx:TrackPointExtension>
        </extensions>
      </trkpt>
      <trkpt lat="39.89354540146518" lon="116.34321186965634">
        <ele>36.9</ele>
        <time>2026-09-16T22:51:39.973000Z</time>
        <extensions>
          <gpxtpx:TrackPointExtension>
            <gpxtpx:hr>147</gpxtpx:hr>
          </gpxtpx:TrackPointExtension>
        </extensions>
      </trkpt>
      <trkpt lat="39.89359339926088" lon="116.34321186358574">
        <ele>36.9</ele>
        <time>2026-09-16T22:51:41.973000Z</time>
        <extensions>
          <gpxtpx:TrackPointExtension>
            <gpxtpx:hr>147</gpxtpx:hr>
          </gpxtpx:TrackPointExtension>
        </extensions>
      </trkpt>
      <trkpt lat="39.893639398891054" lon="116.34321085986464">
        <ele>36.9</ele>
        <time>2026-09-16T22:51:43.973000Z</time>
        <extensions>
          <gpxtpx:TrackPointExtension>
            <gpxtpx:hr>147</gpxtpx:hr>
          </gpxtpx:TrackPointExtension>
        </extensions>
      </trkpt>
      <trkpt lat="39.8936834003557" lon="116.3432088584931">
        <ele>36.9</ele>
        <time>2026-09-16T22:51:45.973000Z</time>
        <extensions>
          <gpxtpx:TrackPointExtension>
            <gpxtpx:hr>146</gpxtpx:hr>
          </gpxtpx:TrackPointExtension>
        </extensions>
      </trkpt>
      <trkpt lat="39.893725405397134" lon="116.34320486156793">
        <ele>36.9</ele>
        <time>2026-09-16T22:51:47.973000Z</time>
        <extensions>
          <gpxtpx:TrackPointExtension>
            <gpxtpx:hr>146</gpxtpx:hr>
          </gpxtpx:TrackPointExtension>
        </extensions>
      </trkpt>
      <trkpt lat="39.89376941208979" lon="116.34319986648693">
        <ele>36.7</ele>
        <time>2026-09-16T22:51:49.973000Z</time>
        <extensions>
          <gpxtpx:TrackPointExtension>
            <gpxtpx:hr>148</gpxtpx:hr>
          </gpxtpx:TrackPointExtension>
        </extensions>
      </trkpt>
      <trkpt lat="39.89381442396483" lon="116.34319187757076">
        <ele>36.7</ele>
        <time>2026-09-16T22:51:51.973000Z</time>
        <extensions>
          <gpxtpx:TrackPointExtension>
            <gpxtpx:hr>148</gpxtpx:hr>
          </gpxtpx:TrackPointExtension>
        </extensions>
      </trkpt>
      <trkpt lat="39.89386043405287" lon="116.3431848864323">
        <ele>36.7</ele>
        <time>2026-09-16T22:51:53.973000Z</time>
        <extensions>
          <gpxtpx:TrackPointExtension>
            <gpxtpx:hr>148</gpxtpx:hr>
          </gpxtpx:TrackPointExtension>
        </extensions>
      </trkpt>
      <trkpt lat="39.893907442353594" lon="116.34317889307111">
        <ele>36.9</ele>
        <time>2026-09-16T22:51:55.973000Z</time>
        <extensions>
          <gpxtpx:TrackPointExtension>
            <gpxtpx:hr>148</gpxtpx:hr>
          </gpxtpx:TrackPointExtension>
        </extensions>
      </trkpt>
      <trkpt lat="39.89395644882091" lon="116.34317389736036">
        <ele>36.9</ele>
        <time>2026-09-16T22:51:57.973000Z</time>
        <extensions>
          <gpxtpx:TrackPointExtension>
            <gpxtpx:hr>148</gpxtpx:hr>
          </gpxtpx:TrackPointExtension>
        </extensions>
      </trkpt>
      <trkpt lat="39.89400545180341" lon="116.3431708974553">
        <ele>36.9</ele>
        <time>2026-09-16T22:51:59.973000Z</time>
        <extensions>
          <gpxtpx:TrackPointExtension>
            <gpxtpx:hr>148</gpxtpx:hr>
          </gpxtpx:TrackPointExtension>
        </extensions>
      </trkpt>
      <trkpt lat="39.89405345831822" lon="116.34316590187183">
        <ele>36.7</ele>
        <time>2026-09-16T22:52:01.973000Z</time>
        <extensions>
          <gpxtpx:TrackPointExtension>
            <gpxtpx:hr>148</gpxtpx:hr>
          </gpxtpx:TrackPointExtension>
        </extensions>
      </trkpt>
      <trkpt lat="39.894097463274164" lon="116.34316190469715">
        <ele>36.7</ele>
        <time>2026-09-16T22:52:03.973000Z</time>
        <extensions>
          <gpxtpx:TrackPointExtension>
            <gpxtpx:hr>148</gpxtpx:hr>
          </gpxtpx:TrackPointExtension>
        </extensions>
      </trkpt>
      <trkpt lat="39.89414146823078" lon="116.34315790752282">
        <ele>37.0</ele>
        <time>2026-09-16T22:52:05.973000Z</time>
        <extensions>
          <gpxtpx:TrackPointExtension>
            <gpxtpx:hr>145</gpxtpx:hr>
          </gpxtpx:TrackPointExtension>
        </extensions>
      </trkpt>
      <trkpt lat="39.894184468004575" lon="116.34315690418217">
        <ele>37.0</ele>
        <time>2026-09-16T22:52:07.973000Z</time>
        <extensions>
          <gpxtpx:TrackPointExtension>
            <gpxtpx:hr>145</gpxtpx:hr>
          </gpxtpx:TrackPointExtension>
        </extensions>
      </trkpt>
      <trkpt lat="39.89422546787033" lon="116.34315590109445">
        <ele>37.0</ele>
        <time>2026-09-16T22:52:09.673000Z</time>
        <extensions>
          <gpxtpx:TrackPointExtension>
            <gpxtpx:hr>147</gpxtpx:hr>
          </gpxtpx:TrackPointExtension>
        </extensions>
      </trkpt>
      <trkpt lat="39.89422546787033" lon="116.34315590109445">
        <ele>37.0</ele>
        <time>2026-09-16T22:52:09.973000Z</time>
        <extensions>
          <gpxtpx:TrackPointExtension>
            <gpxtpx:hr>147</gpxtpx:hr>
          </gpxtpx:TrackPointExtension>
        </extensions>
      </trkpt>
      <trkpt lat="39.89426846590181" lon="116.34315589565611">
        <ele>36.8</ele>
        <time>2026-09-16T22:52:11.973000Z</time>
        <extensions>
          <gpxtpx:TrackPointExtension>
            <gpxtpx:hr>147</gpxtpx:hr>
          </gpxtpx:TrackPointExtension>
        </extensions>
      </trkpt>
      <trkpt lat="39.89431647067735" lon="116.34315189797636">
        <ele>36.8</ele>
        <time>2026-09-16T22:52:13.973000Z</time>
        <extensions>
          <gpxtpx:TrackPointExtension>
            <gpxtpx:hr>147</gpxtpx:hr>
          </gpxtpx:TrackPointExtension>
        </extensions>
      </trkpt>
      <trkpt lat="39.89437148036311" lon="116.34314490570523">
        <ele>36.7</ele>
        <time>2026-09-16T22:52:15.973000Z</time>
        <extensions>
          <gpxtpx:TrackPointExtension>
            <gpxtpx:hr>147</gpxtpx:hr>
          </gpxtpx:TrackPointExtension>
        </extensions>
      </trkpt>
      <trkpt lat="39.89442749174797" lon="116.3431369154067">
        <ele>36.7</ele>
        <time>2026-09-16T22:52:17.973000Z</time>
        <extensions>
          <gpxtpx:TrackPointExtension>
            <gpxtpx:hr>147</gpxtpx:hr>
          </gpxtpx:TrackPointExtension>
        </extensions>
      </trkpt>
      <trkpt lat="39.894478498132656" lon="116.3431319194472">
        <ele>36.7</ele>
        <time>2026-09-16T22:52:19.973000Z</time>
        <extensions>
          <gpxtpx:TrackPointExtension>
            <gpxtpx:hr>146</gpxtpx:hr>
          </gpxtpx:TrackPointExtension>
        </extensions>
      </trkpt>
      <trkpt lat="39.89452549947055" lon="116.34312991769934">
        <ele>36.9</ele>
        <time>2026-09-16T22:52:21.973000Z</time>
        <extensions>
          <gpxtpx:TrackPointExtension>
            <gpxtpx:hr>146</gpxtpx:hr>
          </gpxtpx:TrackPointExtension>
        </extensions>
      </trkpt>
      <trkpt lat="39.89457150259824" lon="116.3431269181763">
        <ele>36.9</ele>
        <time>2026-09-16T22:52:23.973000Z</time>
        <extensions>
          <gpxtpx:TrackPointExtension>
            <gpxtpx:hr>146</gpxtpx:hr>
          </gpxtpx:TrackPointExtension>
        </extensions>
      </trkpt>
      <trkpt lat="39.89461751095747" lon="116.34312092494854">
        <ele>37.1</ele>
        <time>2026-09-16T22:52:25.973000Z</time>
        <extensions>
          <gpxtpx:TrackPointExtension>
            <gpxtpx:hr>147</gpxtpx:hr>
          </gpxtpx:TrackPointExtension>
        </extensions>
      </trkpt>
      <trkpt lat="39.89466552271391" lon="116.34311293566564">
        <ele>37.1</ele>
        <time>2026-09-16T22:52:27.973000Z</time>
        <extensions>
          <gpxtpx:TrackPointExtension>
            <gpxtpx:hr>147</gpxtpx:hr>
          </gpxtpx:TrackPointExtension>
        </extensions>
      </trkpt>
      <trkpt lat="39.89471553089269" lon="116.34310694193367">
        <ele>37.1</ele>
        <time>2026-09-16T22:52:29.973000Z</time>
        <extensions>
          <gpxtpx:TrackPointExtension>
            <gpxtpx:hr>148</gpxtpx:hr>
          </gpxtpx:TrackPointExtension>
        </extensions>
      </trkpt>
      <trkpt lat="39.894766535538956" lon="116.34310294387838">
        <ele>36.8</ele>
        <time>2026-09-16T22:52:31.973000Z</time>
        <extensions>
          <gpxtpx:TrackPointExtension>
            <gpxtpx:hr>148</gpxtpx:hr>
          </gpxtpx:TrackPointExtension>
        </extensions>
      </trkpt>
      <trkpt lat="39.89481654023169" lon="116.34309894594988">
        <ele>36.8</ele>
        <time>2026-09-16T22:52:33.973000Z</time>
        <extensions>
          <gpxtpx:TrackPointExtension>
            <gpxtpx:hr>148</gpxtpx:hr>
          </gpxtpx:TrackPointExtension>
        </extensions>
      </trkpt>
      <trkpt lat="39.89486554845909" lon="116.34309295234607">
        <ele>36.6</ele>
        <time>2026-09-16T22:52:35.973000Z</time>
        <extensions>
          <gpxtpx:TrackPointExtension>
            <gpxtpx:hr>149</gpxtpx:hr>
          </gpxtpx:TrackPointExtension>
        </extensions>
      </trkpt>
      <trkpt lat="39.894912556778856" lon="116.34308695899591">
        <ele>36.6</ele>
        <time>2026-09-16T22:52:37.973000Z</time>
        <extensions>
          <gpxtpx:TrackPointExtension>
            <gpxtpx:hr>149</gpxtpx:hr>
          </gpxtpx:TrackPointExtension>
        </extensions>
      </trkpt>
      <trkpt lat="39.89495656698091" lon="116.34307996812514">
        <ele>36.6</ele>
        <time>2026-09-16T22:52:39.973000Z</time>
        <extensions>
          <gpxtpx:TrackPointExtension>
            <gpxtpx:hr>149</gpxtpx:hr>
          </gpxtpx:TrackPointExtension>
        </extensions>
      </trkpt>
      <trkpt lat="39.89500157364966" lon="116.34307497293015">
        <ele>36.7</ele>
        <time>2026-09-16T22:52:41.973000Z</time>
        <extensions>
          <gpxtpx:TrackPointExtension>
            <gpxtpx:hr>149</gpxtpx:hr>
          </gpxtpx:TrackPointExtension>
        </extensions>
      </trkpt>
      <trkpt lat="39.895049578437906" lon="116.34307097525684">
        <ele>36.7</ele>
        <time>2026-09-16T22:52:43.973000Z</time>
        <extensions>
          <gpxtpx:TrackPointExtension>
            <gpxtpx:hr>149</gpxtpx:hr>
          </gpxtpx:TrackPointExtension>
        </extensions>
      </trkpt>
      <trkpt lat="39.895103575975185" lon="116.34307096842718">
        <ele>36.6</ele>
        <time>2026-09-16T22:52:45.973000Z</time>
        <extensions>
          <gpxtpx:TrackPointExtension>
            <gpxtpx:hr>148</gpxtpx:hr>
          </gpxtpx:TrackPointExtension>
        </extensions>
      </trkpt>
      <trkpt lat="39.89516157333071" lon="116.34307096109163">
        <ele>36.6</ele>
        <time>2026-09-16T22:52:47.973000Z</time>
        <extensions>
          <gpxtpx:TrackPointExtension>
            <gpxtpx:hr>148</gpxtpx:hr>
          </gpxtpx:TrackPointExtension>
        </extensions>
      </trkpt>
      <trkpt lat="39.895219568942444" lon="116.34307195165665">
        <ele>36.6</ele>
        <time>2026-09-16T22:52:49.973000Z</time>
        <extensions>
          <gpxtpx:TrackPointExtension>
            <gpxtpx:hr>149</gpxtpx:hr>
          </gpxtpx:TrackPointExtension>
        </extensions>
      </trkpt>
      <trkpt lat="39.895274566436065" lon="116.34307194470048">
        <ele>36.7</ele>
        <time>2026-09-16T22:52:51.973000Z</time>
        <extensions>
          <gpxtpx:TrackPointExtension>
            <gpxtpx:hr>149</gpxtpx:hr>
          </gpxtpx:TrackPointExtension>
        </extensions>
      </trkpt>
      <trkpt lat="39.89532256599367" lon="116.34307094072902">
        <ele>36.7</ele>
        <time>2026-09-16T22:52:53.973000Z</time>
        <extensions>
          <gpxtpx:TrackPointExtension>
            <gpxtpx:hr>149</gpxtpx:hr>
          </gpxtpx:TrackPointExtension>
        </extensions>
      </trkpt>
      <trkpt lat="39.89536557101311" lon="116.34306694368838">
        <ele>36.8</ele>
        <time>2026-09-16T22:52:55.973000Z</time>
        <extensions>
          <gpxtpx:TrackPointExtension>
            <gpxtpx:hr>151</gpxtpx:hr>
          </gpxtpx:TrackPointExtension>
        </extensions>
      </trkpt>
      <trkpt lat="39.89540457795997" lon="116.34306194925352">
        <ele>36.8</ele>
        <time>2026-09-16T22:52:57.973000Z</time>
        <extensions>
          <gpxtpx:TrackPointExtension>
            <gpxtpx:hr>151</gpxtpx:hr>
          </gpxtpx:TrackPointExtension>
        </extensions>
      </trkpt>
      <trkpt lat="39.89544258844258" lon="116.34305495914508">
        <ele>36.8</ele>
        <time>2026-09-16T22:52:59.973000Z</time>
        <extensions>
          <gpxtpx:TrackPointExtension>
            <gpxtpx:hr>150</gpxtpx:hr>
          </gpxtpx:TrackPointExtension>
        </extensions>
      </trkpt>
      <trkpt lat="39.89548759337309" lon="116.34305096185275">
        <ele>37.1</ele>
        <time>2026-09-16T22:53:01.973000Z</time>
        <extensions>
          <gpxtpx:TrackPointExtension>
            <gpxtpx:hr>150</gpxtpx:hr>
          </gpxtpx:TrackPointExtension>
        </extensions>
      </trkpt>
      <trkpt lat="39.895538592796626" lon="116.34304995750227">
        <ele>37.1</ele>
        <time>2026-09-16T22:53:03.973000Z</time>
        <extensions>
          <gpxtpx:TrackPointExtension>
            <gpxtpx:hr>150</gpxtpx:hr>
          </gpxtpx:TrackPointExtension>
        </extensions>
      </trkpt>
      <trkpt lat="39.895595588458036" lon="116.34305094819325">
        <ele>37.0</ele>
        <time>2026-09-16T22:53:05.973000Z</time>
        <extensions>
          <gpxtpx:TrackPointExtension>
            <gpxtpx:hr>148</gpxtpx:hr>
          </gpxtpx:TrackPointExtension>
        </extensions>
      </trkpt>
      <trkpt lat="39.895649584256596" lon="116.34305193926367">
        <ele>37.0</ele>
        <time>2026-09-16T22:53:07.973000Z</time>
        <extensions>
          <gpxtpx:TrackPointExtension>
            <gpxtpx:hr>148</gpxtpx:hr>
          </gpxtpx:TrackPointExtension>
        </extensions>
      </trkpt>
      <trkpt lat="39.895700585426646" lon="116.34304993701296">
        <ele>37.0</ele>
        <time>2026-09-16T22:53:09.973000Z</time>
        <extensions>
          <gpxtpx:TrackPointExtension>
            <gpxtpx:hr>148</gpxtpx:hr>
          </gpxtpx:TrackPointExtension>
        </extensions>
      </trkpt>
      <trkpt lat="39.89575058838764" lon="116.34304693698869">
        <ele>36.5</ele>
        <time>2026-09-16T22:53:11.973000Z</time>
        <extensions>
          <gpxtpx:TrackPointExtension>
            <gpxtpx:hr>148</gpxtpx:hr>
          </gpxtpx:TrackPointExtension>
        </extensions>
      </trkpt>
      <trkpt lat="39.895797593230625" lon="116.343042939444">
        <ele>36.5</ele>
        <time>2026-09-16T22:53:13.973000Z</time>
        <extensions>
          <gpxtpx:TrackPointExtension>
            <gpxtpx:hr>148</gpxtpx:hr>
          </gpxtpx:TrackPointExtension>
        </extensions>
      </trkpt>
      <trkpt lat="39.89583959830156" lon="116.34303894253203">
        <ele>36.6</ele>
        <time>2026-09-16T22:53:15.973000Z</time>
        <extensions>
          <gpxtpx:TrackPointExtension>
            <gpxtpx:hr>149</gpxtpx:hr>
          </gpxtpx:TrackPointExtension>
        </extensions>
      </trkpt>
      <trkpt lat="39.895879603463996" lon="116.34303494587333">
        <ele>36.6</ele>
        <time>2026-09-16T22:53:17.973000Z</time>
        <extensions>
          <gpxtpx:TrackPointExtension>
            <gpxtpx:hr>149</gpxtpx:hr>
          </gpxtpx:TrackPointExtension>
        </extensions>
      </trkpt>
      <trkpt lat="39.89591960688188" lon="116.34303194711472">
        <ele>36.6</ele>
        <time>2026-09-16T22:53:19.973000Z</time>
        <extensions>
          <gpxtpx:TrackPointExtension>
            <gpxtpx:hr>148</gpxtpx:hr>
          </gpxtpx:TrackPointExtension>
        </extensions>
      </trkpt>
      <trkpt lat="39.89595960680991" lon="116.3430309441558">
        <ele>36.7</ele>
        <time>2026-09-16T22:53:21.973000Z</time>
        <extensions>
          <gpxtpx:TrackPointExtension>
            <gpxtpx:hr>148</gpxtpx:hr>
          </gpxtpx:TrackPointExtension>
        </extensions>
      </trkpt>
      <trkpt lat="39.89599860678369" lon="116.34302994132338">
        <ele>36.7</ele>
        <time>2026-09-16T22:53:23.973000Z</time>
        <extensions>
          <gpxtpx:TrackPointExtension>
            <gpxtpx:hr>148</gpxtpx:hr>
          </gpxtpx:TrackPointExtension>
        </extensions>
      </trkpt>
      <trkpt lat="39.89603861369327" lon="116.34302494676572">
        <ele>36.7</ele>
        <time>2026-09-16T22:53:25.973000Z</time>
        <extensions>
          <gpxtpx:TrackPointExtension>
            <gpxtpx:hr>150</gpxtpx:hr>
          </gpxtpx:TrackPointExtension>
        </extensions>
      </trkpt>
      <trkpt lat="39.89607861885827" lon="116.34302095010811">
        <ele>36.8</ele>
        <time>2026-09-16T22:53:27.973000Z</time>
        <extensions>
          <gpxtpx:TrackPointExtension>
            <gpxtpx:hr>150</gpxtpx:hr>
          </gpxtpx:TrackPointExtension>
        </extensions>
      </trkpt>
      <trkpt lat="39.896121625633064" lon="116.34301595517194">
        <ele>36.8</ele>
        <time>2026-09-16T22:53:29.973000Z</time>
        <extensions>
          <gpxtpx:TrackPointExtension>
            <gpxtpx:hr>150</gpxtpx:hr>
          </gpxtpx:TrackPointExtension>
        </extensions>
      </trkpt>
      <trkpt lat="39.89616662533609" lon="116.3430149515809">
        <ele>36.8</ele>
        <time>2026-09-16T22:53:31.973000Z</time>
        <extensions>
          <gpxtpx:TrackPointExtension>
            <gpxtpx:hr>150</gpxtpx:hr>
          </gpxtpx:TrackPointExtension>
        </extensions>
      </trkpt>
      <trkpt lat="39.8962136284397" lon="116.34301195193812">
        <ele>36.8</ele>
        <time>2026-09-16T22:53:33.973000Z</time>
        <extensions>
          <gpxtpx:TrackPointExtension>
            <gpxtpx:hr>150</gpxtpx:hr>
          </gpxtpx:TrackPointExtension>
        </extensions>
      </trkpt>
      <trkpt lat="39.896258631634645" lon="116.34300895254847">
        <ele>36.8</ele>
        <time>2026-09-16T22:53:35.973000Z</time>
        <extensions>
          <gpxtpx:TrackPointExtension>
            <gpxtpx:hr>149</gpxtpx:hr>
          </gpxtpx:TrackPointExtension>
        </extensions>
      </trkpt>
      <trkpt lat="39.896300638457355" lon="116.34300395773994">
        <ele>36.8</ele>
        <time>2026-09-16T22:53:37.973000Z</time>
        <extensions>
          <gpxtpx:TrackPointExtension>
            <gpxtpx:hr>149</gpxtpx:hr>
          </gpxtpx:TrackPointExtension>
        </extensions>
      </trkpt>
      <trkpt lat="39.89634464693584" lon="116.34299796477983">
        <ele>36.8</ele>
        <time>2026-09-16T22:53:39.973000Z</time>
        <extensions>
          <gpxtpx:TrackPointExtension>
            <gpxtpx:hr>151</gpxtpx:hr>
          </gpxtpx:TrackPointExtension>
        </extensions>
      </trkpt>
      <trkpt lat="39.896389655369966" lon="116.34299197169396">
        <ele>36.9</ele>
        <time>2026-09-16T22:53:41.973000Z</time>
        <extensions>
          <gpxtpx:TrackPointExtension>
            <gpxtpx:hr>151</gpxtpx:hr>
          </gpxtpx:TrackPointExtension>
        </extensions>
      </trkpt>
      <trkpt lat="39.896437656685684" lon="116.342989969825">
        <ele>36.9</ele>
        <time>2026-09-16T22:53:43.973000Z</time>
        <extensions>
          <gpxtpx:TrackPointExtension>
            <gpxtpx:hr>151</gpxtpx:hr>
          </gpxtpx:TrackPointExtension>
        </extensions>
      </trkpt>
      <trkpt lat="39.89648663177059" lon="116.34300293631544">
        <ele>36.9</ele>
        <time>2026-09-16T22:53:45.973000Z</time>
        <extensions>
          <gpxtpx:TrackPointExtension>
            <gpxtpx:hr>152</gpxtpx:hr>
          </gpxtpx:TrackPointExtension>
        </extensions>
      </trkpt>
      <trkpt lat="39.89653161751267" lon="116.3430099159187">
        <ele>36.8</ele>
        <time>2026-09-16T22:53:47.973000Z</time>
        <extensions>
          <gpxtpx:TrackPointExtension>
            <gpxtpx:hr>152</gpxtpx:hr>
          </gpxtpx:TrackPointExtension>
        </extensions>
      </trkpt>
      <trkpt lat="39.89655061839737" lon="116.34300891561622">
        <ele>36.8</ele>
        <time>2026-09-16T22:53:49.973000Z</time>
        <extensions>
          <gpxtpx:TrackPointExtension>
            <gpxtpx:hr>153</gpxtpx:hr>
          </gpxtpx:TrackPointExtension>
        </extensions>
      </trkpt>
      <trkpt lat="39.89653762422295" lon="116.34300592356261">
        <ele>36.7</ele>
        <time>2026-09-16T22:53:51.973000Z</time>
        <extensions>
          <gpxtpx:TrackPointExtension>
            <gpxtpx:hr>153</gpxtpx:hr>
          </gpxtpx:TrackPointExtension>
        </extensions>
      </trkpt>
      <trkpt lat="39.89649661560758" lon="116.34301191614425">
        <ele>36.4</ele>
        <time>2026-09-16T22:53:57.973000Z</time>
        <extensions>
          <gpxtpx:TrackPointExtension>
            <gpxtpx:hr>153</gpxtpx:hr>
          </gpxtpx:TrackPointExtension>
        </extensions>
      </trkpt>
      <trkpt lat="39.89644960028376" lon="116.34302190108366">
        <ele>36.2</ele>
        <time>2026-09-16T22:54:03.973000Z</time>
        <extensions>
          <gpxtpx:TrackPointExtension>
            <gpxtpx:hr>152</gpxtpx:hr>
          </gpxtpx:TrackPointExtension>
        </extensions>
      </trkpt>
      <trkpt lat="39.896391604658206" lon="116.34302091051995">
        <ele>36.2</ele>
        <time>2026-09-16T22:54:05.973000Z</time>
        <extensions>
          <gpxtpx:TrackPointExtension>
            <gpxtpx:hr>151</gpxtpx:hr>
          </gpxtpx:TrackPointExtension>
        </extensions>
      </trkpt>
      <trkpt lat="39.89633261256939" lon="116.34301792428371">
        <ele>36.4</ele>
        <time>2026-09-16T22:54:07.973000Z</time>
        <extensions>
          <gpxtpx:TrackPointExtension>
            <gpxtpx:hr>151</gpxtpx:hr>
          </gpxtpx:TrackPointExtension>
        </extensions>
      </trkpt>
      <trkpt lat="39.896274622181494" lon="116.34301394002169">
        <ele>36.4</ele>
        <time>2026-09-16T22:54:09.973000Z</time>
        <extensions>
          <gpxtpx:TrackPointExtension>
            <gpxtpx:hr>154</gpxtpx:hr>
          </gpxtpx:TrackPointExtension>
        </extensions>
      </trkpt>
      <trkpt lat="39.896230629413886" lon="116.3430109518886">
        <ele>36.4</ele>
        <time>2026-09-16T22:54:11.973000Z</time>
        <extensions>
          <gpxtpx:TrackPointExtension>
            <gpxtpx:hr>154</gpxtpx:hr>
          </gpxtpx:TrackPointExtension>
        </extensions>
      </trkpt>
      <trkpt lat="39.89618863131954" lon="116.34301095720073">
        <ele>36.4</ele>
        <time>2026-09-16T22:54:13.973000Z</time>
        <extensions>
          <gpxtpx:TrackPointExtension>
            <gpxtpx:hr>154</gpxtpx:hr>
          </gpxtpx:TrackPointExtension>
        </extensions>
      </trkpt>
      <trkpt lat="39.896142631661625" lon="116.34301196091815">
        <ele>36.4</ele>
        <time>2026-09-16T22:54:15.973000Z</time>
        <extensions>
          <gpxtpx:TrackPointExtension>
            <gpxtpx:hr>153</gpxtpx:hr>
          </gpxtpx:TrackPointExtension>
        </extensions>
      </trkpt>
      <trkpt lat="39.89609363214035" lon="116.343012965015">
        <ele>36.5</ele>
        <time>2026-09-16T22:54:17.973000Z</time>
        <extensions>
          <gpxtpx:TrackPointExtension>
            <gpxtpx:hr>153</gpxtpx:hr>
          </gpxtpx:TrackPointExtension>
        </extensions>
      </trkpt>
      <trkpt lat="39.89603763468288" lon="116.34301297209781">
        <ele>36.5</ele>
        <time>2026-09-16T22:54:19.973000Z</time>
        <extensions>
          <gpxtpx:TrackPointExtension>
            <gpxtpx:hr>153</gpxtpx:hr>
          </gpxtpx:TrackPointExtension>
        </extensions>
      </trkpt>
      <trkpt lat="39.89597663745313" lon="116.34301297981298">
        <ele>36.5</ele>
        <time>2026-09-16T22:54:21.973000Z</time>
        <extensions>
          <gpxtpx:TrackPointExtension>
            <gpxtpx:hr>153</gpxtpx:hr>
          </gpxtpx:TrackPointExtension>
        </extensions>
      </trkpt>
      <trkpt lat="39.89590563893306" lon="116.34301398669233">
        <ele>36.5</ele>
        <time>2026-09-16T22:54:23.973000Z</time>
        <extensions>
          <gpxtpx:TrackPointExtension>
            <gpxtpx:hr>153</gpxtpx:hr>
          </gpxtpx:TrackPointExtension>
        </extensions>
      </trkpt>
      <trkpt lat="39.89583063186897" lon="116.34301998357513">
        <ele>36.5</ele>
        <time>2026-09-16T22:54:25.973000Z</time>
        <extensions>
          <gpxtpx:TrackPointExtension>
            <gpxtpx:hr>152</gpxtpx:hr>
          </gpxtpx:TrackPointExtension>
        </extensions>
      </trkpt>
      <trkpt lat="39.89575562131618" lon="116.34302797625806">
        <ele>36.7</ele>
        <time>2026-09-16T22:54:27.973000Z</time>
        <extensions>
          <gpxtpx:TrackPointExtension>
            <gpxtpx:hr>152</gpxtpx:hr>
          </gpxtpx:TrackPointExtension>
        </extensions>
      </trkpt>
      <trkpt lat="39.895685614028366" lon="116.34303397251014">
        <ele>36.7</ele>
        <time>2026-09-16T22:54:29.973000Z</time>
        <extensions>
          <gpxtpx:TrackPointExtension>
            <gpxtpx:hr>150</gpxtpx:hr>
          </gpxtpx:TrackPointExtension>
        </extensions>
      </trkpt>
      <trkpt lat="39.895618615330896" lon="116.34303497888395">
        <ele>36.4</ele>
        <time>2026-09-16T22:54:31.973000Z</time>
        <extensions>
          <gpxtpx:TrackPointExtension>
            <gpxtpx:hr>150</gpxtpx:hr>
          </gpxtpx:TrackPointExtension>
        </extensions>
      </trkpt>
      <trkpt lat="39.89555662164212" lon="116.3430329909258">
        <ele>36.4</ele>
        <time>2026-09-16T22:54:33.973000Z</time>
        <extensions>
          <gpxtpx:TrackPointExtension>
            <gpxtpx:hr>150</gpxtpx:hr>
          </gpxtpx:TrackPointExtension>
        </extensions>
      </trkpt>
      <trkpt lat="39.89549863126246" lon="116.34302900666228">
        <ele>36.4</ele>
        <time>2026-09-16T22:54:35.973000Z</time>
        <extensions>
          <gpxtpx:TrackPointExtension>
            <gpxtpx:hr>150</gpxtpx:hr>
          </gpxtpx:TrackPointExtension>
        </extensions>
      </trkpt>
      <trkpt lat="39.89544764231031" lon="116.34302402361403">
        <ele>36.2</ele>
        <time>2026-09-16T22:54:37.973000Z</time>
        <extensions>
          <gpxtpx:TrackPointExtension>
            <gpxtpx:hr>150</gpxtpx:hr>
          </gpxtpx:TrackPointExtension>
        </extensions>
      </trkpt>
      <trkpt lat="39.89539865501338" lon="116.34301804241377">
        <ele>36.2</ele>
        <time>2026-09-16T22:54:39.973000Z</time>
        <extensions>
          <gpxtpx:TrackPointExtension>
            <gpxtpx:hr>151</gpxtpx:hr>
          </gpxtpx:TrackPointExtension>
        </extensions>
      </trkpt>
      <trkpt lat="39.89534665738171" lon="116.34301804899047">
        <ele>36.2</ele>
        <time>2026-09-16T22:54:41.973000Z</time>
        <extensions>
          <gpxtpx:TrackPointExtension>
            <gpxtpx:hr>151</gpxtpx:hr>
          </gpxtpx:TrackPointExtension>
        </extensions>
      </trkpt>
      <trkpt lat="39.89529465276925" lon="116.34302204716545">
        <ele>36.2</ele>
        <time>2026-09-16T22:54:43.973000Z</time>
        <extensions>
          <gpxtpx:TrackPointExtension>
            <gpxtpx:hr>151</gpxtpx:hr>
          </gpxtpx:TrackPointExtension>
        </extensions>
      </trkpt>
      <trkpt lat="39.895239646549115" lon="116.34302704361987">
        <ele>36.2</ele>
        <time>2026-09-16T22:54:45.973000Z</time>
        <extensions>
          <gpxtpx:TrackPointExtension>
            <gpxtpx:hr>151</gpxtpx:hr>
          </gpxtpx:TrackPointExtension>
        </extensions>
      </trkpt>
      <trkpt lat="39.89518165093787" lon="116.34302605305567">
        <ele>36.2</ele>
        <time>2026-09-16T22:54:47.973000Z</time>
        <extensions>
          <gpxtpx:TrackPointExtension>
            <gpxtpx:hr>151</gpxtpx:hr>
          </gpxtpx:TrackPointExtension>
        </extensions>
      </trkpt>
      <trkpt lat="39.895123664053806" lon="116.3430200729933">
        <ele>36.2</ele>
        <time>2026-09-16T22:54:49.973000Z</time>
        <extensions>
          <gpxtpx:TrackPointExtension>
            <gpxtpx:hr>150</gpxtpx:hr>
          </gpxtpx:TrackPointExtension>
        </extensions>
      </trkpt>
      <trkpt lat="39.89507067868842" lon="116.3430130943998">
        <ele>36.2</ele>
        <time>2026-09-16T22:54:51.973000Z</time>
        <extensions>
          <gpxtpx:TrackPointExtension>
            <gpxtpx:hr>150</gpxtpx:hr>
          </gpxtpx:TrackPointExtension>
        </extensions>
      </trkpt>
      <trkpt lat="39.89502369130518" lon="116.3430071129477">
        <ele>36.4</ele>
        <time>2026-09-16T22:54:53.973000Z</time>
        <extensions>
          <gpxtpx:TrackPointExtension>
            <gpxtpx:hr>150</gpxtpx:hr>
          </gpxtpx:TrackPointExtension>
        </extensions>
      </trkpt>
      <trkpt lat="39.8949786951037" lon="116.34300612073964">
        <ele>36.4</ele>
        <time>2026-09-16T22:54:55.973000Z</time>
        <extensions>
          <gpxtpx:TrackPointExtension>
            <gpxtpx:hr>151</gpxtpx:hr>
          </gpxtpx:TrackPointExtension>
        </extensions>
      </trkpt>
      <trkpt lat="39.89493269196612" lon="116.34300912025537">
        <ele>36.6</ele>
        <time>2026-09-16T22:54:57.973000Z</time>
        <extensions>
          <gpxtpx:TrackPointExtension>
            <gpxtpx:hr>151</gpxtpx:hr>
          </gpxtpx:TrackPointExtension>
        </extensions>
      </trkpt>
      <trkpt lat="39.89488068735755" lon="116.34301311842957">
        <ele>36.6</ele>
        <time>2026-09-16T22:54:59.973000Z</time>
        <extensions>
          <gpxtpx:TrackPointExtension>
            <gpxtpx:hr>152</gpxtpx:hr>
          </gpxtpx:TrackPointExtension>
        </extensions>
      </trkpt>
      <trkpt lat="39.8948256811414" lon="116.34301811488302">
        <ele>36.6</ele>
        <time>2026-09-16T22:55:01.973000Z</time>
        <extensions>
          <gpxtpx:TrackPointExtension>
            <gpxtpx:hr>152</gpxtpx:hr>
          </gpxtpx:TrackPointExtension>
        </extensions>
      </trkpt>
      <trkpt lat="39.894767682044574" lon="116.34301912011794">
        <ele>36.3</ele>
        <time>2026-09-16T22:55:03.973000Z</time>
        <extensions>
          <gpxtpx:TrackPointExtension>
            <gpxtpx:hr>152</gpxtpx:hr>
          </gpxtpx:TrackPointExtension>
        </extensions>
      </trkpt>
      <trkpt lat="39.894714675738854" lon="116.34302411631904">
        <ele>36.3</ele>
        <time>2026-09-16T22:55:05.973000Z</time>
        <extensions>
          <gpxtpx:TrackPointExtension>
            <gpxtpx:hr>153</gpxtpx:hr>
          </gpxtpx:TrackPointExtension>
        </extensions>
      </trkpt>
      <trkpt lat="39.89466367108795" lon="116.34302811436794">
        <ele>36.4</ele>
        <time>2026-09-16T22:55:07.973000Z</time>
        <extensions>
          <gpxtpx:TrackPointExtension>
            <gpxtpx:hr>153</gpxtpx:hr>
          </gpxtpx:TrackPointExtension>
        </extensions>
      </trkpt>
      <trkpt lat="39.89461665927462" lon="116.34303610351076">
        <ele>36.4</ele>
        <time>2026-09-16T22:55:09.973000Z</time>
        <extensions>
          <gpxtpx:TrackPointExtension>
            <gpxtpx:hr>152</gpxtpx:hr>
          </gpxtpx:TrackPointExtension>
        </extensions>
      </trkpt>
      <trkpt lat="39.894570647417105" lon="116.34304409252839">
        <ele>36.4</ele>
        <time>2026-09-16T22:55:11.973000Z</time>
        <extensions>
          <gpxtpx:TrackPointExtension>
            <gpxtpx:hr>152</gpxtpx:hr>
          </gpxtpx:TrackPointExtension>
        </extensions>
      </trkpt>
      <trkpt lat="39.89452263390772" lon="116.34305307970047">
        <ele>36.5</ele>
        <time>2026-09-16T22:55:13.973000Z</time>
        <extensions>
          <gpxtpx:TrackPointExtension>
            <gpxtpx:hr>152</gpxtpx:hr>
          </gpxtpx:TrackPointExtension>
        </extensions>
      </trkpt>
      <trkpt lat="39.89447262572562" lon="116.3430590734259">
        <ele>36.5</ele>
        <time>2026-09-16T22:55:15.973000Z</time>
        <extensions>
          <gpxtpx:TrackPointExtension>
            <gpxtpx:hr>152</gpxtpx:hr>
          </gpxtpx:TrackPointExtension>
        </extensions>
      </trkpt>
      <trkpt lat="39.894423622732745" lon="116.3430620733242">
        <ele>36.2</ele>
        <time>2026-09-16T22:55:17.973000Z</time>
        <extensions>
          <gpxtpx:TrackPointExtension>
            <gpxtpx:hr>152</gpxtpx:hr>
          </gpxtpx:TrackPointExtension>
        </extensions>
      </trkpt>
      <trkpt lat="39.89437662488287" lon="116.34306207926834">
        <ele>36.2</ele>
        <time>2026-09-16T22:55:19.973000Z</time>
        <extensions>
          <gpxtpx:TrackPointExtension>
            <gpxtpx:hr>151</gpxtpx:hr>
          </gpxtpx:TrackPointExtension>
        </extensions>
      </trkpt>
      <trkpt lat="39.894330625243065" lon="116.34306308298643">
        <ele>36.2</ele>
        <time>2026-09-16T22:55:21.973000Z</time>
        <extensions>
          <gpxtpx:TrackPointExtension>
            <gpxtpx:hr>151</gpxtpx:hr>
          </gpxtpx:TrackPointExtension>
        </extensions>
      </trkpt>
      <trkpt lat="39.89428762197721" lon="116.34306608212611">
        <ele>36.2</ele>
        <time>2026-09-16T22:55:23.973000Z</time>
        <extensions>
          <gpxtpx:TrackPointExtension>
            <gpxtpx:hr>151</gpxtpx:hr>
          </gpxtpx:TrackPointExtension>
        </extensions>
      </trkpt>
      <trkpt lat="39.89424562041066" lon="116.34306808323895">
        <ele>36.2</ele>
        <time>2026-09-16T22:55:25.973000Z</time>
        <extensions>
          <gpxtpx:TrackPointExtension>
            <gpxtpx:hr>153</gpxtpx:hr>
          </gpxtpx:TrackPointExtension>
        </extensions>
      </trkpt>
      <trkpt lat="39.8942066204517" lon="116.34306908607185">
        <ele>36.3</ele>
        <time>2026-09-16T22:55:27.973000Z</time>
        <extensions>
          <gpxtpx:TrackPointExtension>
            <gpxtpx:hr>153</gpxtpx:hr>
          </gpxtpx:TrackPointExtension>
        </extensions>
      </trkpt>
      <trkpt lat="39.89416662053887" lon="116.34307008903123">
        <ele>36.3</ele>
        <time>2026-09-16T22:55:29.973000Z</time>
        <extensions>
          <gpxtpx:TrackPointExtension>
            <gpxtpx:hr>146</gpxtpx:hr>
          </gpxtpx:TrackPointExtension>
        </extensions>
      </trkpt>
      <trkpt lat="39.89411961745808" lon="116.3430730886772">
        <ele>36.3</ele>
        <time>2026-09-16T22:55:31.973000Z</time>
        <extensions>
          <gpxtpx:TrackPointExtension>
            <gpxtpx:hr>146</gpxtpx:hr>
          </gpxtpx:TrackPointExtension>
        </extensions>
      </trkpt>
      <trkpt lat="39.894067611118196" lon="116.3430780847572">
        <ele>36.6</ele>
        <time>2026-09-16T22:55:33.973000Z</time>
        <extensions>
          <gpxtpx:TrackPointExtension>
            <gpxtpx:hr>146</gpxtpx:hr>
          </gpxtpx:TrackPointExtension>
        </extensions>
      </trkpt>
      <trkpt lat="39.89401060500845" lon="116.34308308147">
        <ele>36.6</ele>
        <time>2026-09-16T22:55:35.973000Z</time>
        <extensions>
          <gpxtpx:TrackPointExtension>
            <gpxtpx:hr>148</gpxtpx:hr>
          </gpxtpx:TrackPointExtension>
        </extensions>
      </trkpt>
      <trkpt lat="39.893958600414805" lon="116.34308707965002">
        <ele>36.4</ele>
        <time>2026-09-16T22:55:37.973000Z</time>
        <extensions>
          <gpxtpx:TrackPointExtension>
            <gpxtpx:hr>148</gpxtpx:hr>
          </gpxtpx:TrackPointExtension>
        </extensions>
      </trkpt>
      <trkpt lat="39.89390859921867" lon="116.34308908177542">
        <ele>36.4</ele>
        <time>2026-09-16T22:55:39.973000Z</time>
        <extensions>
          <gpxtpx:TrackPointExtension>
            <gpxtpx:hr>148</gpxtpx:hr>
          </gpxtpx:TrackPointExtension>
        </extensions>
      </trkpt>
      <trkpt lat="39.89386359779382" lon="116.34309108326852">
        <ele>36.4</ele>
        <time>2026-09-16T22:55:41.973000Z</time>
        <extensions>
          <gpxtpx:TrackPointExtension>
            <gpxtpx:hr>148</gpxtpx:hr>
          </gpxtpx:TrackPointExtension>
        </extensions>
      </trkpt>
      <trkpt lat="39.893818592881225" lon="116.34309508056388">
        <ele>36.3</ele>
        <time>2026-09-16T22:55:43.973000Z</time>
        <extensions>
          <gpxtpx:TrackPointExtension>
            <gpxtpx:hr>148</gpxtpx:hr>
          </gpxtpx:TrackPointExtension>
        </extensions>
      </trkpt>
      <trkpt lat="39.893771589805134" lon="116.34309808021132">
        <ele>36.3</ele>
        <time>2026-09-16T22:55:45.973000Z</time>
        <extensions>
          <gpxtpx:TrackPointExtension>
            <gpxtpx:hr>148</gpxtpx:hr>
          </gpxtpx:TrackPointExtension>
        </extensions>
      </trkpt>
      <trkpt lat="39.89372459196172" lon="116.34309808615534">
        <ele>36.2</ele>
        <time>2026-09-16T22:55:47.973000Z</time>
        <extensions>
          <gpxtpx:TrackPointExtension>
            <gpxtpx:hr>148</gpxtpx:hr>
          </gpxtpx:TrackPointExtension>
        </extensions>
      </trkpt>
      <trkpt lat="39.89367359255835" lon="116.34309909050639">
        <ele>36.2</ele>
        <time>2026-09-16T22:55:49.973000Z</time>
        <extensions>
          <gpxtpx:TrackPointExtension>
            <gpxtpx:hr>150</gpxtpx:hr>
          </gpxtpx:TrackPointExtension>
        </extensions>
      </trkpt>
      <trkpt lat="39.893623591365625" lon="116.34310109263221">
        <ele>36.2</ele>
        <time>2026-09-16T22:55:51.973000Z</time>
        <extensions>
          <gpxtpx:TrackPointExtension>
            <gpxtpx:hr>150</gpxtpx:hr>
          </gpxtpx:TrackPointExtension>
        </extensions>
      </trkpt>
      <trkpt lat="39.8935725919634" lon="116.3431020969833">
        <ele>36.2</ele>
        <time>2026-09-16T22:55:53.973000Z</time>
        <extensions>
          <gpxtpx:TrackPointExtension>
            <gpxtpx:hr>150</gpxtpx:hr>
          </gpxtpx:TrackPointExtension>
        </extensions>
      </trkpt>
      <trkpt lat="39.8935255888901" lon="116.3431050966311">
        <ele>36.2</ele>
        <time>2026-09-16T22:55:55.973000Z</time>
        <extensions>
          <gpxtpx:TrackPointExtension>
            <gpxtpx:hr>150</gpxtpx:hr>
          </gpxtpx:TrackPointExtension>
        </extensions>
      </trkpt>
      <trkpt lat="39.89348058223782" lon="116.34311009182898">
        <ele>35.9</ele>
        <time>2026-09-16T22:55:57.973000Z</time>
        <extensions>
          <gpxtpx:TrackPointExtension>
            <gpxtpx:hr>150</gpxtpx:hr>
          </gpxtpx:TrackPointExtension>
        </extensions>
      </trkpt>
      <trkpt lat="39.893435570355145" lon="116.34311808073198">
        <ele>35.9</ele>
        <time>2026-09-16T22:55:59.973000Z</time>
        <extensions>
          <gpxtpx:TrackPointExtension>
            <gpxtpx:hr>150</gpxtpx:hr>
          </gpxtpx:TrackPointExtension>
        </extensions>
      </trkpt>
      <trkpt lat="39.893389556776334" lon="116.34312706766447">
        <ele>35.9</ele>
        <time>2026-09-16T22:56:01.973000Z</time>
        <extensions>
          <gpxtpx:TrackPointExtension>
            <gpxtpx:hr>150</gpxtpx:hr>
          </gpxtpx:TrackPointExtension>
        </extensions>
      </trkpt>
      <trkpt lat="39.89334154154785" lon="116.34313705275348">
        <ele>36.3</ele>
        <time>2026-09-16T22:56:03.973000Z</time>
        <extensions>
          <gpxtpx:TrackPointExtension>
            <gpxtpx:hr>150</gpxtpx:hr>
          </gpxtpx:TrackPointExtension>
        </extensions>
      </trkpt>
      <trkpt lat="39.893292526367496" lon="116.34314703797095">
        <ele>36.3</ele>
        <time>2026-09-16T22:56:05.973000Z</time>
        <extensions>
          <gpxtpx:TrackPointExtension>
            <gpxtpx:hr>153</gpxtpx:hr>
          </gpxtpx:TrackPointExtension>
        </extensions>
      </trkpt>
      <trkpt lat="39.89324251820772" lon="116.34315303170763">
        <ele>36.4</ele>
        <time>2026-09-16T22:56:07.973000Z</time>
        <extensions>
          <gpxtpx:TrackPointExtension>
            <gpxtpx:hr>153</gpxtpx:hr>
          </gpxtpx:TrackPointExtension>
        </extensions>
      </trkpt>
      <trkpt lat="39.89319151532428" lon="116.34315603186438">
        <ele>36.4</ele>
        <time>2026-09-16T22:56:09.973000Z</time>
        <extensions>
          <gpxtpx:TrackPointExtension>
            <gpxtpx:hr>147</gpxtpx:hr>
          </gpxtpx:TrackPointExtension>
        </extensions>
      </trkpt>
      <trkpt lat="39.89313951597368" lon="116.34315703634302">
        <ele>36.4</ele>
        <time>2026-09-16T22:56:11.973000Z</time>
        <extensions>
          <gpxtpx:TrackPointExtension>
            <gpxtpx:hr>147</gpxtpx:hr>
          </gpxtpx:TrackPointExtension>
        </extensions>
      </trkpt>
      <trkpt lat="39.89308951478858" lon="116.34315903847111">
        <ele>36.2</ele>
        <time>2026-09-16T22:56:13.973000Z</time>
        <extensions>
          <gpxtpx:TrackPointExtension>
            <gpxtpx:hr>147</gpxtpx:hr>
          </gpxtpx:TrackPointExtension>
        </extensions>
      </trkpt>
      <trkpt lat="39.89304150828305" lon="116.34316403405379">
        <ele>36.2</ele>
        <time>2026-09-16T22:56:15.973000Z</time>
        <extensions>
          <gpxtpx:TrackPointExtension>
            <gpxtpx:hr>148</gpxtpx:hr>
          </gpxtpx:TrackPointExtension>
        </extensions>
      </trkpt>
      <trkpt lat="39.89299449824666" lon="116.34317102531573">
        <ele>36.2</ele>
        <time>2026-09-16T22:56:17.973000Z</time>
        <extensions>
          <gpxtpx:TrackPointExtension>
            <gpxtpx:hr>148</gpxtpx:hr>
          </gpxtpx:TrackPointExtension>
        </extensions>
      </trkpt>
      <trkpt lat="39.89294548656095" lon="116.34317901473439">
        <ele>36.2</ele>
        <time>2026-09-16T22:56:19.973000Z</time>
        <extensions>
          <gpxtpx:TrackPointExtension>
            <gpxtpx:hr>148</gpxtpx:hr>
          </gpxtpx:TrackPointExtension>
        </extensions>
      </trkpt>
      <trkpt lat="39.89289747657334" lon="116.34318600612491">
        <ele>36.2</ele>
        <time>2026-09-16T22:56:21.973000Z</time>
        <extensions>
          <gpxtpx:TrackPointExtension>
            <gpxtpx:hr>148</gpxtpx:hr>
          </gpxtpx:TrackPointExtension>
        </extensions>
      </trkpt>
      <trkpt lat="39.89285147346493" lon="116.34318900565128">
        <ele>35.7</ele>
        <time>2026-09-16T22:56:23.973000Z</time>
        <extensions>
          <gpxtpx:TrackPointExtension>
            <gpxtpx:hr>147</gpxtpx:hr>
          </gpxtpx:TrackPointExtension>
        </extensions>
      </trkpt>
      <trkpt lat="39.89280547384215" lon="116.34319000937174">
        <ele>35.7</ele>
        <time>2026-09-16T22:56:25.973000Z</time>
        <extensions>
          <gpxtpx:TrackPointExtension>
            <gpxtpx:hr>147</gpxtpx:hr>
          </gpxtpx:TrackPointExtension>
        </extensions>
      </trkpt>
      <trkpt lat="39.89275447793539" lon="116.34318901791848">
        <ele>36.0</ele>
        <time>2026-09-16T22:56:27.973000Z</time>
        <extensions>
          <gpxtpx:TrackPointExtension>
            <gpxtpx:hr>147</gpxtpx:hr>
          </gpxtpx:TrackPointExtension>
        </extensions>
      </trkpt>
      <trkpt lat="39.89270048391009" lon="116.34318702894164">
        <ele>36.0</ele>
        <time>2026-09-16T22:56:29.973000Z</time>
        <extensions>
          <gpxtpx:TrackPointExtension>
            <gpxtpx:hr>147</gpxtpx:hr>
          </gpxtpx:TrackPointExtension>
        </extensions>
      </trkpt>
      <trkpt lat="39.892646488142894" lon="116.3431860378678">
        <ele>36.0</ele>
        <time>2026-09-16T22:56:31.973000Z</time>
        <extensions>
          <gpxtpx:TrackPointExtension>
            <gpxtpx:hr>147</gpxtpx:hr>
          </gpxtpx:TrackPointExtension>
        </extensions>
      </trkpt>
      <trkpt lat="39.8925974886605" lon="116.34318704196754">
        <ele>36.1</ele>
        <time>2026-09-16T22:56:33.973000Z</time>
        <extensions>
          <gpxtpx:TrackPointExtension>
            <gpxtpx:hr>147</gpxtpx:hr>
          </gpxtpx:TrackPointExtension>
        </extensions>
      </trkpt>
      <trkpt lat="39.89254849092119" lon="116.3431870481643">
        <ele>36.1</ele>
        <time>2026-09-16T22:56:35.973000Z</time>
        <extensions>
          <gpxtpx:TrackPointExtension>
            <gpxtpx:hr>145</gpxtpx:hr>
          </gpxtpx:TrackPointExtension>
        </extensions>
      </trkpt>
      <trkpt lat="39.892501491347545" lon="116.34318805201112">
        <ele>36.1</ele>
        <time>2026-09-16T22:56:37.973000Z</time>
        <extensions>
          <gpxtpx:TrackPointExtension>
            <gpxtpx:hr>145</gpxtpx:hr>
          </gpxtpx:TrackPointExtension>
        </extensions>
      </trkpt>
      <trkpt lat="39.89245349007802" lon="116.34319005388743">
        <ele>36.1</ele>
        <time>2026-09-16T22:56:39.973000Z</time>
        <extensions>
          <gpxtpx:TrackPointExtension>
            <gpxtpx:hr>147</gpxtpx:hr>
          </gpxtpx:TrackPointExtension>
        </extensions>
      </trkpt>
      <trkpt lat="39.89240748174685" lon="116.34319604712339">
        <ele>36.1</ele>
        <time>2026-09-16T22:56:41.973000Z</time>
        <extensions>
          <gpxtpx:TrackPointExtension>
            <gpxtpx:hr>147</gpxtpx:hr>
          </gpxtpx:TrackPointExtension>
        </extensions>
      </trkpt>
      <trkpt lat="39.89236146644756" lon="116.34320603197335">
        <ele>36.1</ele>
        <time>2026-09-16T22:56:43.973000Z</time>
        <extensions>
          <gpxtpx:TrackPointExtension>
            <gpxtpx:hr>147</gpxtpx:hr>
          </gpxtpx:TrackPointExtension>
        </extensions>
      </trkpt>
      <trkpt lat="39.8923174528001" lon="116.34321501866886">
        <ele>36.1</ele>
        <time>2026-09-16T22:56:45.973000Z</time>
        <extensions>
          <gpxtpx:TrackPointExtension>
            <gpxtpx:hr>147</gpxtpx:hr>
          </gpxtpx:TrackPointExtension>
        </extensions>
      </trkpt>
      <trkpt lat="39.89227144273078" lon="116.3432220098115">
        <ele>35.9</ele>
        <time>2026-09-16T22:56:47.973000Z</time>
        <extensions>
          <gpxtpx:TrackPointExtension>
            <gpxtpx:hr>147</gpxtpx:hr>
          </gpxtpx:TrackPointExtension>
        </extensions>
      </trkpt>
      <trkpt lat="39.8922244396766" lon="116.34322500946645">
        <ele>35.9</ele>
        <time>2026-09-16T22:56:49.973000Z</time>
        <extensions>
          <gpxtpx:TrackPointExtension>
            <gpxtpx:hr>148</gpxtpx:hr>
          </gpxtpx:TrackPointExtension>
        </extensions>
      </trkpt>
      <trkpt lat="39.892173438549854" lon="116.34322701172363">
        <ele>35.9</ele>
        <time>2026-09-16T22:56:51.973000Z</time>
        <extensions>
          <gpxtpx:TrackPointExtension>
            <gpxtpx:hr>148</gpxtpx:hr>
          </gpxtpx:TrackPointExtension>
        </extensions>
      </trkpt>
      <trkpt lat="39.89212544076883" lon="116.34322701779388">
        <ele>35.9</ele>
        <time>2026-09-16T22:56:53.973000Z</time>
        <extensions>
          <gpxtpx:TrackPointExtension>
            <gpxtpx:hr>148</gpxtpx:hr>
          </gpxtpx:TrackPointExtension>
        </extensions>
      </trkpt>
      <trkpt lat="39.89207644129265" lon="116.34322802189438">
        <ele>35.9</ele>
        <time>2026-09-16T22:56:55.973000Z</time>
        <extensions>
          <gpxtpx:TrackPointExtension>
            <gpxtpx:hr>148</gpxtpx:hr>
          </gpxtpx:TrackPointExtension>
        </extensions>
      </trkpt>
      <trkpt lat="39.892030445162035" lon="116.34322702980788">
        <ele>35.4</ele>
        <time>2026-09-16T22:56:57.973000Z</time>
        <extensions>
          <gpxtpx:TrackPointExtension>
            <gpxtpx:hr>148</gpxtpx:hr>
          </gpxtpx:TrackPointExtension>
        </extensions>
      </trkpt>
      <trkpt lat="39.8919764546279" lon="116.34322304502184">
        <ele>35.4</ele>
        <time>2026-09-16T22:56:59.973000Z</time>
        <extensions>
          <gpxtpx:TrackPointExtension>
            <gpxtpx:hr>149</gpxtpx:hr>
          </gpxtpx:TrackPointExtension>
        </extensions>
      </trkpt>
      <trkpt lat="39.89192045896115" lon="116.34322205420003">
        <ele>35.4</ele>
        <time>2026-09-16T22:57:01.973000Z</time>
        <extensions>
          <gpxtpx:TrackPointExtension>
            <gpxtpx:hr>149</gpxtpx:hr>
          </gpxtpx:TrackPointExtension>
        </extensions>
      </trkpt>
      <trkpt lat="39.89186445458524" lon="116.34322605289685">
        <ele>35.4</ele>
        <time>2026-09-16T22:57:03.973000Z</time>
        <extensions>
          <gpxtpx:TrackPointExtension>
            <gpxtpx:hr>149</gpxtpx:hr>
          </gpxtpx:TrackPointExtension>
        </extensions>
      </trkpt>
      <trkpt lat="39.891815441177044" lon="116.3432350402283">
        <ele>35.4</ele>
        <time>2026-09-16T22:57:05.973000Z</time>
        <extensions>
          <gpxtpx:TrackPointExtension>
            <gpxtpx:hr>151</gpxtpx:hr>
          </gpxtpx:TrackPointExtension>
        </extensions>
      </trkpt>
      <trkpt lat="39.89177042410223" lon="116.34324602286384">
        <ele>35.6</ele>
        <time>2026-09-16T22:57:07.973000Z</time>
        <extensions>
          <gpxtpx:TrackPointExtension>
            <gpxtpx:hr>151</gpxtpx:hr>
          </gpxtpx:TrackPointExtension>
        </extensions>
      </trkpt>
      <trkpt lat="39.89172241587614" lon="116.34325201635946">
        <ele>35.6</ele>
        <time>2026-09-16T22:57:09.973000Z</time>
        <extensions>
          <gpxtpx:TrackPointExtension>
            <gpxtpx:hr>152</gpxtpx:hr>
          </gpxtpx:TrackPointExtension>
        </extensions>
      </trkpt>
      <trkpt lat="39.89167541108764" lon="116.34325601392054">
        <ele>35.6</ele>
        <time>2026-09-16T22:57:11.973000Z</time>
        <extensions>
          <gpxtpx:TrackPointExtension>
            <gpxtpx:hr>152</gpxtpx:hr>
          </gpxtpx:TrackPointExtension>
        </extensions>
      </trkpt>
      <trkpt lat="39.8916284132655" lon="116.34325601986424">
        <ele>35.7</ele>
        <time>2026-09-16T22:57:13.973000Z</time>
        <extensions>
          <gpxtpx:TrackPointExtension>
            <gpxtpx:hr>152</gpxtpx:hr>
          </gpxtpx:TrackPointExtension>
        </extensions>
      </trkpt>
      <trkpt lat="39.891583415351135" lon="116.34325602555501">
        <ele>35.7</ele>
        <time>2026-09-16T22:57:15.973000Z</time>
        <extensions>
          <gpxtpx:TrackPointExtension>
            <gpxtpx:hr>152</gpxtpx:hr>
          </gpxtpx:TrackPointExtension>
        </extensions>
      </trkpt>
      <trkpt lat="39.891537415742164" lon="116.34325702927661">
        <ele>35.7</ele>
        <time>2026-09-16T22:57:17.973000Z</time>
        <extensions>
          <gpxtpx:TrackPointExtension>
            <gpxtpx:hr>152</gpxtpx:hr>
          </gpxtpx:TrackPointExtension>
        </extensions>
      </trkpt>
      <trkpt lat="39.8914924143459" lon="116.34325903077622">
        <ele>35.7</ele>
        <time>2026-09-16T22:57:19.973000Z</time>
        <extensions>
          <gpxtpx:TrackPointExtension>
            <gpxtpx:hr>151</gpxtpx:hr>
          </gpxtpx:TrackPointExtension>
        </extensions>
      </trkpt>
      <trkpt lat="39.891448409421095" lon="116.34326302795844">
        <ele>35.7</ele>
        <time>2026-09-16T22:57:21.973000Z</time>
        <extensions>
          <gpxtpx:TrackPointExtension>
            <gpxtpx:hr>151</gpxtpx:hr>
          </gpxtpx:TrackPointExtension>
        </extensions>
      </trkpt>
      <trkpt lat="39.89140640440421" lon="116.34326702488808">
        <ele>35.5</ele>
        <time>2026-09-16T22:57:23.973000Z</time>
        <extensions>
          <gpxtpx:TrackPointExtension>
            <gpxtpx:hr>151</gpxtpx:hr>
          </gpxtpx:TrackPointExtension>
        </extensions>
      </trkpt>
      <trkpt lat="39.891364399387975" lon="116.34327102181804">
        <ele>35.5</ele>
        <time>2026-09-16T22:57:25.973000Z</time>
        <extensions>
          <gpxtpx:TrackPointExtension>
            <gpxtpx:hr>153</gpxtpx:hr>
          </gpxtpx:TrackPointExtension>
        </extensions>
      </trkpt>
      <trkpt lat="39.891318396299155" lon="116.34327402134939">
        <ele>35.5</ele>
        <time>2026-09-16T22:57:27.973000Z</time>
        <extensions>
          <gpxtpx:TrackPointExtension>
            <gpxtpx:hr>153</gpxtpx:hr>
          </gpxtpx:TrackPointExtension>
        </extensions>
      </trkpt>
      <trkpt lat="39.8912703933038" lon="116.34327702113384">
        <ele>35.5</ele>
        <time>2026-09-16T22:57:29.973000Z</time>
        <extensions>
          <gpxtpx:TrackPointExtension>
            <gpxtpx:hr>151</gpxtpx:hr>
          </gpxtpx:TrackPointExtension>
        </extensions>
      </trkpt>
      <trkpt lat="39.89122339200372" lon="116.34327902288713">
        <ele>35.5</ele>
        <time>2026-09-16T22:57:31.973000Z</time>
        <extensions>
          <gpxtpx:TrackPointExtension>
            <gpxtpx:hr>151</gpxtpx:hr>
          </gpxtpx:TrackPointExtension>
        </extensions>
      </trkpt>
      <trkpt lat="39.891177397621945" lon="116.34327703289462">
        <ele>35.6</ele>
        <time>2026-09-16T22:57:33.973000Z</time>
        <extensions>
          <gpxtpx:TrackPointExtension>
            <gpxtpx:hr>151</gpxtpx:hr>
          </gpxtpx:TrackPointExtension>
        </extensions>
      </trkpt>
      <trkpt lat="39.89113141020532" lon="116.3432710512832">
        <ele>35.6</ele>
        <time>2026-09-16T22:57:35.973000Z</time>
        <extensions>
          <gpxtpx:TrackPointExtension>
            <gpxtpx:hr>152</gpxtpx:hr>
          </gpxtpx:TrackPointExtension>
        </extensions>
      </trkpt>
      <trkpt lat="39.89108342462398" lon="116.34326407202082">
        <ele>35.6</ele>
        <time>2026-09-16T22:57:37.973000Z</time>
        <extensions>
          <gpxtpx:TrackPointExtension>
            <gpxtpx:hr>152</gpxtpx:hr>
          </gpxtpx:TrackPointExtension>
        </extensions>
      </trkpt>
      <trkpt lat="39.89103444083185" lon="116.34325609498141">
        <ele>35.6</ele>
        <time>2026-09-16T22:57:39.973000Z</time>
        <extensions>
          <gpxtpx:TrackPointExtension>
            <gpxtpx:hr>151</gpxtpx:hr>
          </gpxtpx:TrackPointExtension>
        </extensions>
      </trkpt>
      <trkpt lat="39.890986456994845" lon="116.3432481178168">
        <ele>35.6</ele>
        <time>2026-09-16T22:57:41.973000Z</time>
        <extensions>
          <gpxtpx:TrackPointExtension>
            <gpxtpx:hr>151</gpxtpx:hr>
          </gpxtpx:TrackPointExtension>
        </extensions>
      </trkpt>
      <trkpt lat="39.89093747146421" lon="116.343241138684">
        <ele>35.7</ele>
        <time>2026-09-16T22:57:43.973000Z</time>
        <extensions>
          <gpxtpx:TrackPointExtension>
            <gpxtpx:hr>151</gpxtpx:hr>
          </gpxtpx:TrackPointExtension>
        </extensions>
      </trkpt>
      <trkpt lat="39.89089048584191" lon="116.3432341592992">
        <ele>35.7</ele>
        <time>2026-09-16T22:57:45.973000Z</time>
        <extensions>
          <gpxtpx:TrackPointExtension>
            <gpxtpx:hr>151</gpxtpx:hr>
          </gpxtpx:TrackPointExtension>
        </extensions>
      </trkpt>
      <trkpt lat="39.89084349673712" lon="116.34322917572305">
        <ele>35.7</ele>
        <time>2026-09-16T22:57:47.973000Z</time>
        <extensions>
          <gpxtpx:TrackPointExtension>
            <gpxtpx:hr>151</gpxtpx:hr>
          </gpxtpx:TrackPointExtension>
        </extensions>
      </trkpt>
      <trkpt lat="39.890794502500455" lon="116.3432271861117">
        <ele>35.5</ele>
        <time>2026-09-16T22:57:49.973000Z</time>
        <extensions>
          <gpxtpx:TrackPointExtension>
            <gpxtpx:hr>152</gpxtpx:hr>
          </gpxtpx:TrackPointExtension>
        </extensions>
      </trkpt>
      <trkpt lat="39.890744504827076" lon="116.3432271924345">
        <ele>35.5</ele>
        <time>2026-09-16T22:57:51.973000Z</time>
        <extensions>
          <gpxtpx:TrackPointExtension>
            <gpxtpx:hr>152</gpxtpx:hr>
          </gpxtpx:TrackPointExtension>
        </extensions>
      </trkpt>
      <trkpt lat="39.89069450715426" lon="116.34322719875728">
        <ele>35.5</ele>
        <time>2026-09-16T22:57:53.973000Z</time>
        <extensions>
          <gpxtpx:TrackPointExtension>
            <gpxtpx:hr>152</gpxtpx:hr>
          </gpxtpx:TrackPointExtension>
        </extensions>
      </trkpt>
      <trkpt lat="39.89064451122391" lon="116.34322620717622">
        <ele>35.5</ele>
        <time>2026-09-16T22:57:55.973000Z</time>
        <extensions>
          <gpxtpx:TrackPointExtension>
            <gpxtpx:hr>149</gpxtpx:hr>
          </gpxtpx:TrackPointExtension>
        </extensions>
      </trkpt>
      <trkpt lat="39.89059651694295" lon="116.34322421743848">
        <ele>35.5</ele>
        <time>2026-09-16T22:57:57.973000Z</time>
        <extensions>
          <gpxtpx:TrackPointExtension>
            <gpxtpx:hr>149</gpxtpx:hr>
          </gpxtpx:TrackPointExtension>
        </extensions>
      </trkpt>
      <trkpt lat="39.89054952435799" lon="116.34322122967058">
        <ele>35.7</ele>
        <time>2026-09-16T22:57:59.973000Z</time>
        <extensions>
          <gpxtpx:TrackPointExtension>
            <gpxtpx:hr>150</gpxtpx:hr>
          </gpxtpx:TrackPointExtension>
        </extensions>
      </trkpt>
      <trkpt lat="39.89050352998504" lon="116.34321923968008">
        <ele>35.7</ele>
        <time>2026-09-16T22:58:01.973000Z</time>
        <extensions>
          <gpxtpx:TrackPointExtension>
            <gpxtpx:hr>150</gpxtpx:hr>
          </gpxtpx:TrackPointExtension>
        </extensions>
      </trkpt>
      <trkpt lat="39.89045953377734" lon="116.34321824734037">
        <ele>35.6</ele>
        <time>2026-09-16T22:58:03.973000Z</time>
        <extensions>
          <gpxtpx:TrackPointExtension>
            <gpxtpx:hr>150</gpxtpx:hr>
          </gpxtpx:TrackPointExtension>
        </extensions>
      </trkpt>
      <trkpt lat="39.89041653403936" lon="116.34321925068157">
        <ele>35.6</ele>
        <time>2026-09-16T22:58:05.973000Z</time>
        <extensions>
          <gpxtpx:TrackPointExtension>
            <gpxtpx:hr>149</gpxtpx:hr>
          </gpxtpx:TrackPointExtension>
        </extensions>
      </trkpt>
      <trkpt lat="39.89037452902917" lon="116.34322324760751">
        <ele>35.6</ele>
        <time>2026-09-16T22:58:07.973000Z</time>
        <extensions>
          <gpxtpx:TrackPointExtension>
            <gpxtpx:hr>149</gpxtpx:hr>
          </gpxtpx:TrackPointExtension>
        </extensions>
      </trkpt>
      <trkpt lat="39.890331525808186" lon="116.3432262467564">
        <ele>35.6</ele>
        <time>2026-09-16T22:58:09.973000Z</time>
        <extensions>
          <gpxtpx:TrackPointExtension>
            <gpxtpx:hr>151</gpxtpx:hr>
          </gpxtpx:TrackPointExtension>
        </extensions>
      </trkpt>
      <trkpt lat="39.89029052772021" lon="116.34322625194098">
        <ele>35.6</ele>
        <time>2026-09-16T22:58:11.973000Z</time>
        <extensions>
          <gpxtpx:TrackPointExtension>
            <gpxtpx:hr>151</gpxtpx:hr>
          </gpxtpx:TrackPointExtension>
        </extensions>
      </trkpt>
      <trkpt lat="39.890253543381995" lon="116.34321827338974">
        <ele>35.6</ele>
        <time>2026-09-16T22:58:13.973000Z</time>
        <extensions>
          <gpxtpx:TrackPointExtension>
            <gpxtpx:hr>151</gpxtpx:hr>
          </gpxtpx:TrackPointExtension>
        </extensions>
      </trkpt>
      <trkpt lat="39.8902195623896" lon="116.34320829865344">
        <ele>35.6</ele>
        <time>2026-09-16T22:58:15.973000Z</time>
        <extensions>
          <gpxtpx:TrackPointExtension>
            <gpxtpx:hr>149</gpxtpx:hr>
          </gpxtpx:TrackPointExtension>
        </extensions>
      </trkpt>
      <trkpt lat="39.89018757956342" lon="116.34319932156947">
        <ele>35.6</ele>
        <time>2026-09-16T22:58:17.973000Z</time>
        <extensions>
          <gpxtpx:TrackPointExtension>
            <gpxtpx:hr>149</gpxtpx:hr>
          </gpxtpx:TrackPointExtension>
        </extensions>
      </trkpt>
      <trkpt lat="39.89015058651729" lon="116.3431963325384">
        <ele>35.5</ele>
        <time>2026-09-16T22:58:19.973000Z</time>
        <extensions>
          <gpxtpx:TrackPointExtension>
            <gpxtpx:hr>149</gpxtpx:hr>
          </gpxtpx:TrackPointExtension>
        </extensions>
      </trkpt>
      <trkpt lat="39.890106585086194" lon="116.34319833390876">
        <ele>35.5</ele>
        <time>2026-09-16T22:58:21.973000Z</time>
        <extensions>
          <gpxtpx:TrackPointExtension>
            <gpxtpx:hr>149</gpxtpx:hr>
          </gpxtpx:TrackPointExtension>
        </extensions>
      </trkpt>
      <trkpt lat="39.89004857211316" lon="116.3432073223732">
        <ele>35.3</ele>
        <time>2026-09-16T22:58:23.973000Z</time>
        <extensions>
          <gpxtpx:TrackPointExtension>
            <gpxtpx:hr>149</gpxtpx:hr>
          </gpxtpx:TrackPointExtension>
        </extensions>
      </trkpt>
      <trkpt lat="39.88998855923565" lon="116.34321631109219">
        <ele>35.3</ele>
        <time>2026-09-16T22:58:25.973000Z</time>
        <extensions>
          <gpxtpx:TrackPointExtension>
            <gpxtpx:hr>149</gpxtpx:hr>
          </gpxtpx:TrackPointExtension>
        </extensions>
      </trkpt>
      <trkpt lat="39.88993155841415" lon="116.34321831410722">
        <ele>35.3</ele>
        <time>2026-09-16T22:58:27.973000Z</time>
        <extensions>
          <gpxtpx:TrackPointExtension>
            <gpxtpx:hr>149</gpxtpx:hr>
          </gpxtpx:TrackPointExtension>
        </extensions>
      </trkpt>
      <trkpt lat="39.88988356936749" lon="116.34321333065871">
        <ele>35.5</ele>
        <time>2026-09-16T22:58:29.973000Z</time>
        <extensions>
          <gpxtpx:TrackPointExtension>
            <gpxtpx:hr>149</gpxtpx:hr>
          </gpxtpx:TrackPointExtension>
        </extensions>
      </trkpt>
      <trkpt lat="39.889837587197334" lon="116.34320435534399">
        <ele>35.5</ele>
        <time>2026-09-16T22:58:31.973000Z</time>
        <extensions>
          <gpxtpx:TrackPointExtension>
            <gpxtpx:hr>147</gpxtpx:hr>
          </gpxtpx:TrackPointExtension>
        </extensions>
      </trkpt>
      <trkpt lat="39.88979159283229" lon="116.34320236535392">
        <ele>35.5</ele>
        <time>2026-09-16T22:58:33.973000Z</time>
        <extensions>
          <gpxtpx:TrackPointExtension>
            <gpxtpx:hr>147</gpxtpx:hr>
          </gpxtpx:TrackPointExtension>
        </extensions>
      </trkpt>
      <trkpt lat="39.88974259338106" lon="116.3432033694533">
        <ele>35.5</ele>
        <time>2026-09-16T22:58:35.973000Z</time>
        <extensions>
          <gpxtpx:TrackPointExtension>
            <gpxtpx:hr>144</gpxtpx:hr>
          </gpxtpx:TrackPointExtension>
        </extensions>
      </trkpt>
      <trkpt lat="39.88969159053938" lon="116.34320636961246">
        <ele>35.5</ele>
        <time>2026-09-16T22:58:37.973000Z</time>
        <extensions>
          <gpxtpx:TrackPointExtension>
            <gpxtpx:hr>144</gpxtpx:hr>
          </gpxtpx:TrackPointExtension>
        </extensions>
      </trkpt>
      <trkpt lat="39.889638587792014" lon="116.34320937002471">
        <ele>35.6</ele>
        <time>2026-09-16T22:58:39.973000Z</time>
        <extensions>
          <gpxtpx:TrackPointExtension>
            <gpxtpx:hr>145</gpxtpx:hr>
          </gpxtpx:TrackPointExtension>
        </extensions>
      </trkpt>
      <trkpt lat="39.88958459206101" lon="116.34320837894944">
        <ele>35.6</ele>
        <time>2026-09-16T22:58:41.973000Z</time>
        <extensions>
          <gpxtpx:TrackPointExtension>
            <gpxtpx:hr>145</gpxtpx:hr>
          </gpxtpx:TrackPointExtension>
        </extensions>
      </trkpt>
      <trkpt lat="39.88953059284623" lon="116.34320938368117">
        <ele>35.8</ele>
        <time>2026-09-16T22:58:43.973000Z</time>
        <extensions>
          <gpxtpx:TrackPointExtension>
            <gpxtpx:hr>145</gpxtpx:hr>
          </gpxtpx:TrackPointExtension>
        </extensions>
      </trkpt>
      <trkpt lat="39.88947858831197" lon="116.3432133818707">
        <ele>35.8</ele>
        <time>2026-09-16T22:58:45.973000Z</time>
        <extensions>
          <gpxtpx:TrackPointExtension>
            <gpxtpx:hr>147</gpxtpx:hr>
          </gpxtpx:TrackPointExtension>
        </extensions>
      </trkpt>
      <trkpt lat="39.88942958189601" lon="116.34321837758486">
        <ele>35.8</ele>
        <time>2026-09-16T22:58:47.973000Z</time>
        <extensions>
          <gpxtpx:TrackPointExtension>
            <gpxtpx:hr>147</gpxtpx:hr>
          </gpxtpx:TrackPointExtension>
        </extensions>
      </trkpt>
      <trkpt lat="39.889382580613336" lon="116.34322037933535">
        <ele>35.9</ele>
        <time>2026-09-16T22:58:49.973000Z</time>
        <extensions>
          <gpxtpx:TrackPointExtension>
            <gpxtpx:hr>147</gpxtpx:hr>
          </gpxtpx:TrackPointExtension>
        </extensions>
      </trkpt>
      <trkpt lat="39.889337587947715" lon="116.34321739131437">
        <ele>35.9</ele>
        <time>2026-09-16T22:58:51.973000Z</time>
        <extensions>
          <gpxtpx:TrackPointExtension>
            <gpxtpx:hr>147</gpxtpx:hr>
          </gpxtpx:TrackPointExtension>
        </extensions>
      </trkpt>
      <trkpt lat="39.88929159881386" lon="116.34321240761281">
        <ele>35.4</ele>
        <time>2026-09-16T22:58:53.973000Z</time>
        <extensions>
          <gpxtpx:TrackPointExtension>
            <gpxtpx:hr>147</gpxtpx:hr>
          </gpxtpx:TrackPointExtension>
        </extensions>
      </trkpt>
      <trkpt lat="39.88924660963403" lon="116.34320742378526">
        <ele>35.4</ele>
        <time>2026-09-16T22:58:55.973000Z</time>
        <extensions>
          <gpxtpx:TrackPointExtension>
            <gpxtpx:hr>148</gpxtpx:hr>
          </gpxtpx:TrackPointExtension>
        </extensions>
      </trkpt>
      <trkpt lat="39.88920061875963" lon="116.34320343798805">
        <ele>35.4</ele>
        <time>2026-09-16T22:58:57.973000Z</time>
        <extensions>
          <gpxtpx:TrackPointExtension>
            <gpxtpx:hr>148</gpxtpx:hr>
          </gpxtpx:TrackPointExtension>
        </extensions>
      </trkpt>
      <trkpt lat="39.889155624354366" lon="116.34320144787135">
        <ele>35.3</ele>
        <time>2026-09-16T22:58:59.973000Z</time>
        <extensions>
          <gpxtpx:TrackPointExtension>
            <gpxtpx:hr>149</gpxtpx:hr>
          </gpxtpx:TrackPointExtension>
        </extensions>
      </trkpt>
      <trkpt lat="39.889109629996526" lon="116.34319945788117">
        <ele>35.3</ele>
        <time>2026-09-16T22:59:01.973000Z</time>
        <extensions>
          <gpxtpx:TrackPointExtension>
            <gpxtpx:hr>149</gpxtpx:hr>
          </gpxtpx:TrackPointExtension>
        </extensions>
      </trkpt>
      <trkpt lat="39.889063639124096" lon="116.34319547208452">
        <ele>35.4</ele>
        <time>2026-09-16T22:59:03.973000Z</time>
        <extensions>
          <gpxtpx:TrackPointExtension>
            <gpxtpx:hr>149</gpxtpx:hr>
          </gpxtpx:TrackPointExtension>
        </extensions>
      </trkpt>
      <trkpt lat="39.88901765173747" lon="116.34318949048186">
        <ele>35.4</ele>
        <time>2026-09-16T22:59:05.973000Z</time>
        <extensions>
          <gpxtpx:TrackPointExtension>
            <gpxtpx:hr>148</gpxtpx:hr>
          </gpxtpx:TrackPointExtension>
        </extensions>
      </trkpt>
      <trkpt lat="39.88897266604763" lon="116.34318251085045">
        <ele>35.4</ele>
        <time>2026-09-16T22:59:07.973000Z</time>
        <extensions>
          <gpxtpx:TrackPointExtension>
            <gpxtpx:hr>148</gpxtpx:hr>
          </gpxtpx:TrackPointExtension>
        </extensions>
      </trkpt>
      <trkpt lat="39.8889276716454" lon="116.3431805207345">
        <ele>35.5</ele>
        <time>2026-09-16T22:59:09.973000Z</time>
        <extensions>
          <gpxtpx:TrackPointExtension>
            <gpxtpx:hr>146</gpxtpx:hr>
          </gpxtpx:TrackPointExtension>
        </extensions>
      </trkpt>
      <trkpt lat="39.88888067559489" lon="116.34317952877443">
        <ele>35.5</ele>
        <time>2026-09-16T22:59:11.973000Z</time>
        <extensions>
          <gpxtpx:TrackPointExtension>
            <gpxtpx:hr>146</gpxtpx:hr>
          </gpxtpx:TrackPointExtension>
        </extensions>
      </trkpt>
      <trkpt lat="39.88883467949795" lon="116.3431785366879">
        <ele>35.6</ele>
        <time>2026-09-16T22:59:13.973000Z</time>
        <extensions>
          <gpxtpx:TrackPointExtension>
            <gpxtpx:hr>146</gpxtpx:hr>
          </gpxtpx:TrackPointExtension>
        </extensions>
      </trkpt>
      <trkpt lat="39.888789686840035" lon="116.3431755486692">
        <ele>35.6</ele>
        <time>2026-09-16T22:59:15.973000Z</time>
        <extensions>
          <gpxtpx:TrackPointExtension>
            <gpxtpx:hr>148</gpxtpx:hr>
          </gpxtpx:TrackPointExtension>
        </extensions>
      </trkpt>
      <trkpt lat="39.888745695878576" lon="116.34317156262141">
        <ele>35.6</ele>
        <time>2026-09-16T22:59:17.973000Z</time>
        <extensions>
          <gpxtpx:TrackPointExtension>
            <gpxtpx:hr>148</gpxtpx:hr>
          </gpxtpx:TrackPointExtension>
        </extensions>
      </trkpt>
      <trkpt lat="39.88870270138504" lon="116.34316957225292">
        <ele>35.5</ele>
        <time>2026-09-16T22:59:19.973000Z</time>
        <extensions>
          <gpxtpx:TrackPointExtension>
            <gpxtpx:hr>149</gpxtpx:hr>
          </gpxtpx:TrackPointExtension>
        </extensions>
      </trkpt>
      <trkpt lat="39.88865370020257" lon="116.34317157425411">
        <ele>35.5</ele>
        <time>2026-09-16T22:59:21.973000Z</time>
        <extensions>
          <gpxtpx:TrackPointExtension>
            <gpxtpx:hr>149</gpxtpx:hr>
          </gpxtpx:TrackPointExtension>
        </extensions>
      </trkpt>
      <trkpt lat="39.88860469902071" lon="116.34317357625538">
        <ele>35.4</ele>
        <time>2026-09-16T22:59:23.973000Z</time>
        <extensions>
          <gpxtpx:TrackPointExtension>
            <gpxtpx:hr>149</gpxtpx:hr>
          </gpxtpx:TrackPointExtension>
        </extensions>
      </trkpt>
      <trkpt lat="39.88855569783948" lon="116.34317557825675">
        <ele>35.4</ele>
        <time>2026-09-16T22:59:25.973000Z</time>
        <extensions>
          <gpxtpx:TrackPointExtension>
            <gpxtpx:hr>148</gpxtpx:hr>
          </gpxtpx:TrackPointExtension>
        </extensions>
      </trkpt>
      <trkpt lat="39.88850970000323" lon="116.34317558407307">
        <ele>35.4</ele>
        <time>2026-09-16T22:59:27.973000Z</time>
        <extensions>
          <gpxtpx:TrackPointExtension>
            <gpxtpx:hr>148</gpxtpx:hr>
          </gpxtpx:TrackPointExtension>
        </extensions>
      </trkpt>
      <trkpt lat="39.88846670376911" lon="116.3431745916072">
        <ele>35.3</ele>
        <time>2026-09-16T22:59:29.973000Z</time>
        <extensions>
          <gpxtpx:TrackPointExtension>
            <gpxtpx:hr>149</gpxtpx:hr>
          </gpxtpx:TrackPointExtension>
        </extensions>
      </trkpt>
      <trkpt lat="39.88842370753542" lon="116.34317359914131">
        <ele>35.3</ele>
        <time>2026-09-16T22:59:31.973000Z</time>
        <extensions>
          <gpxtpx:TrackPointExtension>
            <gpxtpx:hr>149</gpxtpx:hr>
          </gpxtpx:TrackPointExtension>
        </extensions>
      </trkpt>
      <trkpt lat="39.88838271469371" lon="116.343170610617">
        <ele>35.3</ele>
        <time>2026-09-16T22:59:33.973000Z</time>
        <extensions>
          <gpxtpx:TrackPointExtension>
            <gpxtpx:hr>149</gpxtpx:hr>
          </gpxtpx:TrackPointExtension>
        </extensions>
      </trkpt>
      <trkpt lat="39.88834271831968" lon="116.34316961777186">
        <ele>35.5</ele>
        <time>2026-09-16T22:59:35.973000Z</time>
        <extensions>
          <gpxtpx:TrackPointExtension>
            <gpxtpx:hr>151</gpxtpx:hr>
          </gpxtpx:TrackPointExtension>
        </extensions>
      </trkpt>
      <trkpt lat="39.88830472708058" lon="116.34316563096573">
        <ele>35.5</ele>
        <time>2026-09-16T22:59:37.973000Z</time>
        <extensions>
          <gpxtpx:TrackPointExtension>
            <gpxtpx:hr>151</gpxtpx:hr>
          </gpxtpx:TrackPointExtension>
        </extensions>
      </trkpt>
      <trkpt lat="39.88826473419329" lon="116.34316264231539">
        <ele>35.4</ele>
        <time>2026-09-16T22:59:39.973000Z</time>
        <extensions>
          <gpxtpx:TrackPointExtension>
            <gpxtpx:hr>151</gpxtpx:hr>
          </gpxtpx:TrackPointExtension>
        </extensions>
      </trkpt>
      <trkpt lat="39.888221737961814" lon="116.34316164984969">
        <ele>35.4</ele>
        <time>2026-09-16T22:59:41.973000Z</time>
        <extensions>
          <gpxtpx:TrackPointExtension>
            <gpxtpx:hr>151</gpxtpx:hr>
          </gpxtpx:TrackPointExtension>
        </extensions>
      </trkpt>
      <trkpt lat="39.88817374022336" lon="116.34316165591879">
        <ele>35.4</ele>
        <time>2026-09-16T22:59:43.973000Z</time>
        <extensions>
          <gpxtpx:TrackPointExtension>
            <gpxtpx:hr>151</gpxtpx:hr>
          </gpxtpx:TrackPointExtension>
        </extensions>
      </trkpt>
      <trkpt lat="39.888126735466415" lon="116.343165653472">
        <ele>35.5</ele>
        <time>2026-09-16T22:59:45.973000Z</time>
        <extensions>
          <gpxtpx:TrackPointExtension>
            <gpxtpx:hr>149</gpxtpx:hr>
          </gpxtpx:TrackPointExtension>
        </extensions>
      </trkpt>
      <trkpt lat="39.88807472571742" lon="116.34317264536608">
        <ele>35.5</ele>
        <time>2026-09-16T22:59:47.973000Z</time>
        <extensions>
          <gpxtpx:TrackPointExtension>
            <gpxtpx:hr>149</gpxtpx:hr>
          </gpxtpx:TrackPointExtension>
        </extensions>
      </trkpt>
      <trkpt lat="39.88801770923494" lon="116.34318362950535">
        <ele>35.4</ele>
        <time>2026-09-16T22:59:49.973000Z</time>
        <extensions>
          <gpxtpx:TrackPointExtension>
            <gpxtpx:hr>149</gpxtpx:hr>
          </gpxtpx:TrackPointExtension>
        </extensions>
      </trkpt>
      <trkpt lat="39.887955698218526" lon="116.34319162056956">
        <ele>35.4</ele>
        <time>2026-09-16T22:59:51.973000Z</time>
        <extensions>
          <gpxtpx:TrackPointExtension>
            <gpxtpx:hr>149</gpxtpx:hr>
          </gpxtpx:TrackPointExtension>
        </extensions>
      </trkpt>
      <trkpt lat="39.887891697753005" lon="116.34319362446809">
        <ele>35.4</ele>
        <time>2026-09-16T22:59:53.973000Z</time>
        <extensions>
          <gpxtpx:TrackPointExtension>
            <gpxtpx:hr>149</gpxtpx:hr>
          </gpxtpx:TrackPointExtension>
        </extensions>
      </trkpt>
      <trkpt lat="39.887833710945365" lon="116.34318764438241">
        <ele>35.4</ele>
        <time>2026-09-16T22:59:55.973000Z</time>
        <extensions>
          <gpxtpx:TrackPointExtension>
            <gpxtpx:hr>148</gpxtpx:hr>
          </gpxtpx:TrackPointExtension>
        </extensions>
      </trkpt>
      <trkpt lat="39.8877827255513" lon="116.34318066550934">
        <ele>35.4</ele>
        <time>2026-09-16T22:59:57.973000Z</time>
        <extensions>
          <gpxtpx:TrackPointExtension>
            <gpxtpx:hr>148</gpxtpx:hr>
          </gpxtpx:TrackPointExtension>
        </extensions>
      </trkpt>
      <trkpt lat="39.88773973455251" lon="116.34317667933435">
        <ele>35.8</ele>
        <time>2026-09-16T22:59:59.973000Z</time>
        <extensions>
          <gpxtpx:TrackPointExtension>
            <gpxtpx:hr>148</gpxtpx:hr>
          </gpxtpx:TrackPointExtension>
        </extensions>
      </trkpt>
      <trkpt lat="39.887698741717145" lon="116.34317369080962">
        <ele>35.8</ele>
        <time>2026-09-16T23:00:01.973000Z</time>
        <extensions>
          <gpxtpx:TrackPointExtension>
            <gpxtpx:hr>148</gpxtpx:hr>
          </gpxtpx:TrackPointExtension>
        </extensions>
      </trkpt>
      <trkpt lat="39.88765674718671" lon="116.34317170031431">
        <ele>35.8</ele>
        <time>2026-09-16T23:00:03.973000Z</time>
        <extensions>
          <gpxtpx:TrackPointExtension>
            <gpxtpx:hr>148</gpxtpx:hr>
          </gpxtpx:TrackPointExtension>
        </extensions>
      </trkpt>
      <trkpt lat="39.88761275100839" lon="116.34317070797472">
        <ele>35.4</ele>
        <time>2026-09-16T23:00:05.973000Z</time>
        <extensions>
          <gpxtpx:TrackPointExtension>
            <gpxtpx:hr>150</gpxtpx:hr>
          </gpxtpx:TrackPointExtension>
        </extensions>
      </trkpt>
      <trkpt lat="39.88756575497233" lon="116.34316971601444">
        <ele>35.4</ele>
        <time>2026-09-16T23:00:07.973000Z</time>
        <extensions>
          <gpxtpx:TrackPointExtension>
            <gpxtpx:hr>150</gpxtpx:hr>
          </gpxtpx:TrackPointExtension>
        </extensions>
      </trkpt>
      <trkpt lat="39.887517760726965" lon="116.34316772627784">
        <ele>35.6</ele>
        <time>2026-09-16T23:00:09.973000Z</time>
        <extensions>
          <gpxtpx:TrackPointExtension>
            <gpxtpx:hr>150</gpxtpx:hr>
          </gpxtpx:TrackPointExtension>
        </extensions>
      </trkpt>
      <trkpt lat="39.88746976822515" lon="116.34316473863863">
        <ele>35.6</ele>
        <time>2026-09-16T23:00:11.973000Z</time>
        <extensions>
          <gpxtpx:TrackPointExtension>
            <gpxtpx:hr>150</gpxtpx:hr>
          </gpxtpx:TrackPointExtension>
        </extensions>
      </trkpt>
      <trkpt lat="39.88742277567673" lon="116.34316175087314">
        <ele>35.6</ele>
        <time>2026-09-16T23:00:13.973000Z</time>
        <extensions>
          <gpxtpx:TrackPointExtension>
            <gpxtpx:hr>150</gpxtpx:hr>
          </gpxtpx:TrackPointExtension>
        </extensions>
      </trkpt>
      <trkpt lat="39.88737577615689" lon="116.34316275471821">
        <ele>35.6</ele>
        <time>2026-09-16T23:00:15.973000Z</time>
        <extensions>
          <gpxtpx:TrackPointExtension>
            <gpxtpx:hr>148</gpxtpx:hr>
          </gpxtpx:TrackPointExtension>
        </extensions>
      </trkpt>
      <trkpt lat="39.88733077479998" lon="116.34316475621311">
        <ele>35.6</ele>
        <time>2026-09-16T23:00:17.973000Z</time>
        <extensions>
          <gpxtpx:TrackPointExtension>
            <gpxtpx:hr>148</gpxtpx:hr>
          </gpxtpx:TrackPointExtension>
        </extensions>
      </trkpt>
      <trkpt lat="39.8872857717007" lon="116.3431677556108">
        <ele>35.4</ele>
        <time>2026-09-16T23:00:19.973000Z</time>
        <extensions>
          <gpxtpx:TrackPointExtension>
            <gpxtpx:hr>145</gpxtpx:hr>
          </gpxtpx:TrackPointExtension>
        </extensions>
      </trkpt>
      <trkpt lat="39.887238765211045" lon="116.34317275106721">
        <ele>35.4</ele>
        <time>2026-09-16T23:00:21.973000Z</time>
        <extensions>
          <gpxtpx:TrackPointExtension>
            <gpxtpx:hr>145</gpxtpx:hr>
          </gpxtpx:TrackPointExtension>
        </extensions>
      </trkpt>
      <trkpt lat="39.88718676244458" lon="116.34317575135044">
        <ele>35.4</ele>
        <time>2026-09-16T23:00:23.973000Z</time>
        <extensions>
          <gpxtpx:TrackPointExtension>
            <gpxtpx:hr>145</gpxtpx:hr>
          </gpxtpx:TrackPointExtension>
        </extensions>
      </trkpt>
      <trkpt lat="39.887134761421635" lon="116.34317775373087">
        <ele>35.5</ele>
        <time>2026-09-16T23:00:25.973000Z</time>
        <extensions>
          <gpxtpx:TrackPointExtension>
            <gpxtpx:hr>148</gpxtpx:hr>
          </gpxtpx:TrackPointExtension>
        </extensions>
      </trkpt>
      <trkpt lat="39.8870837655802" lon="116.34317676227606">
        <ele>35.5</ele>
        <time>2026-09-16T23:00:27.973000Z</time>
        <extensions>
          <gpxtpx:TrackPointExtension>
            <gpxtpx:hr>148</gpxtpx:hr>
          </gpxtpx:TrackPointExtension>
        </extensions>
      </trkpt>
      <trkpt lat="39.88703577308282" lon="116.34317377463616">
        <ele>35.5</ele>
        <time>2026-09-16T23:00:29.973000Z</time>
        <extensions>
          <gpxtpx:TrackPointExtension>
            <gpxtpx:hr>148</gpxtpx:hr>
          </gpxtpx:TrackPointExtension>
        </extensions>
      </trkpt>
      <trkpt lat="39.88698877879589" lon="116.3431717847728">
        <ele>35.5</ele>
        <time>2026-09-16T23:00:31.973000Z</time>
        <extensions>
          <gpxtpx:TrackPointExtension>
            <gpxtpx:hr>148</gpxtpx:hr>
          </gpxtpx:TrackPointExtension>
        </extensions>
      </trkpt>
      <trkpt lat="39.88694178799532" lon="116.34316779910397">
        <ele>35.5</ele>
        <time>2026-09-16T23:00:33.973000Z</time>
        <extensions>
          <gpxtpx:TrackPointExtension>
            <gpxtpx:hr>148</gpxtpx:hr>
          </gpxtpx:TrackPointExtension>
        </extensions>
      </trkpt>
      <trkpt lat="39.88689479719553" lon="116.34316381343542">
        <ele>35.3</ele>
        <time>2026-09-16T23:00:35.973000Z</time>
        <extensions>
          <gpxtpx:TrackPointExtension>
            <gpxtpx:hr>148</gpxtpx:hr>
          </gpxtpx:TrackPointExtension>
        </extensions>
      </trkpt>
      <trkpt lat="39.88684780639653" lon="116.34315982776717">
        <ele>35.3</ele>
        <time>2026-09-16T23:00:37.973000Z</time>
        <extensions>
          <gpxtpx:TrackPointExtension>
            <gpxtpx:hr>148</gpxtpx:hr>
          </gpxtpx:TrackPointExtension>
        </extensions>
      </trkpt>
      <trkpt lat="39.88679980867347" lon="116.3431598338359">
        <ele>35.4</ele>
        <time>2026-09-16T23:00:39.973000Z</time>
        <extensions>
          <gpxtpx:TrackPointExtension>
            <gpxtpx:hr>148</gpxtpx:hr>
          </gpxtpx:TrackPointExtension>
        </extensions>
      </trkpt>
      <trkpt lat="39.886750807512364" lon="116.34316183583627">
        <ele>35.4</ele>
        <time>2026-09-16T23:00:41.973000Z</time>
        <extensions>
          <gpxtpx:TrackPointExtension>
            <gpxtpx:hr>148</gpxtpx:hr>
          </gpxtpx:TrackPointExtension>
        </extensions>
      </trkpt>
      <trkpt lat="39.88670080639936" lon="116.34316383796317">
        <ele>35.4</ele>
        <time>2026-09-16T23:00:43.973000Z</time>
        <extensions>
          <gpxtpx:TrackPointExtension>
            <gpxtpx:hr>148</gpxtpx:hr>
          </gpxtpx:TrackPointExtension>
        </extensions>
      </trkpt>
      <trkpt lat="39.886652803449124" lon="116.34316683774001">
        <ele>35.4</ele>
        <time>2026-09-16T23:00:45.973000Z</time>
        <extensions>
          <gpxtpx:TrackPointExtension>
            <gpxtpx:hr>147</gpxtpx:hr>
          </gpxtpx:TrackPointExtension>
        </extensions>
      </trkpt>
      <trkpt lat="39.88660481095712" lon="116.34316385010054">
        <ele>35.4</ele>
        <time>2026-09-16T23:00:47.973000Z</time>
        <extensions>
          <gpxtpx:TrackPointExtension>
            <gpxtpx:hr>147</gpxtpx:hr>
          </gpxtpx:TrackPointExtension>
        </extensions>
      </trkpt>
      <trkpt lat="39.88655782190438" lon="116.34315886652958">
        <ele>35.4</ele>
        <time>2026-09-16T23:00:49.973000Z</time>
        <extensions>
          <gpxtpx:TrackPointExtension>
            <gpxtpx:hr>147</gpxtpx:hr>
          </gpxtpx:TrackPointExtension>
        </extensions>
      </trkpt>
      <trkpt lat="39.88651082762324" lon="116.34315687666664">
        <ele>35.4</ele>
        <time>2026-09-16T23:00:51.973000Z</time>
        <extensions>
          <gpxtpx:TrackPointExtension>
            <gpxtpx:hr>147</gpxtpx:hr>
          </gpxtpx:TrackPointExtension>
        </extensions>
      </trkpt>
      <trkpt lat="39.886461821236296" lon="116.34316187237471">
        <ele>35.4</ele>
        <time>2026-09-16T23:00:53.973000Z</time>
        <extensions>
          <gpxtpx:TrackPointExtension>
            <gpxtpx:hr>147</gpxtpx:hr>
          </gpxtpx:TrackPointExtension>
        </extensions>
      </trkpt>
      <trkpt lat="39.88641281136453" lon="116.34316886388885">
        <ele>35.3</ele>
        <time>2026-09-16T23:00:55.973000Z</time>
        <extensions>
          <gpxtpx:TrackPointExtension>
            <gpxtpx:hr>145</gpxtpx:hr>
          </gpxtpx:TrackPointExtension>
        </extensions>
      </trkpt>
      <trkpt lat="39.88636480318937" lon="116.34317485737459">
        <ele>35.3</ele>
        <time>2026-09-16T23:00:57.973000Z</time>
        <extensions>
          <gpxtpx:TrackPointExtension>
            <gpxtpx:hr>145</gpxtpx:hr>
          </gpxtpx:TrackPointExtension>
        </extensions>
      </trkpt>
      <trkpt lat="39.88632280170092" lon="116.3431768584905">
        <ele>35.3</ele>
        <time>2026-09-16T23:00:59.973000Z</time>
        <extensions>
          <gpxtpx:TrackPointExtension>
            <gpxtpx:hr>148</gpxtpx:hr>
          </gpxtpx:TrackPointExtension>
        </extensions>
      </trkpt>
      <trkpt lat="39.88628180016539" lon="116.34317885948005">
        <ele>35.3</ele>
        <time>2026-09-16T23:01:01.973000Z</time>
        <extensions>
          <gpxtpx:TrackPointExtension>
            <gpxtpx:hr>148</gpxtpx:hr>
          </gpxtpx:TrackPointExtension>
        </extensions>
      </trkpt>
      <trkpt lat="39.88624180032544" lon="116.34317986244024">
        <ele>35.3</ele>
        <time>2026-09-16T23:01:03.973000Z</time>
        <extensions>
          <gpxtpx:TrackPointExtension>
            <gpxtpx:hr>148</gpxtpx:hr>
          </gpxtpx:TrackPointExtension>
        </extensions>
      </trkpt>
      <trkpt lat="39.88620080053349" lon="116.34318086552685">
        <ele>35.0</ele>
        <time>2026-09-16T23:01:05.973000Z</time>
        <extensions>
          <gpxtpx:TrackPointExtension>
            <gpxtpx:hr>148</gpxtpx:hr>
          </gpxtpx:TrackPointExtension>
        </extensions>
      </trkpt>
      <trkpt lat="39.88616080069435" lon="116.34318186848705">
        <ele>35.0</ele>
        <time>2026-09-16T23:01:07.973000Z</time>
        <extensions>
          <gpxtpx:TrackPointExtension>
            <gpxtpx:hr>148</gpxtpx:hr>
          </gpxtpx:TrackPointExtension>
        </extensions>
      </trkpt>
      <trkpt lat="39.88611279600853" lon="116.34318586616804">
        <ele>35.2</ele>
        <time>2026-09-16T23:01:09.973000Z</time>
        <extensions>
          <gpxtpx:TrackPointExtension>
            <gpxtpx:hr>149</gpxtpx:hr>
          </gpxtpx:TrackPointExtension>
        </extensions>
      </trkpt>
      <trkpt lat="39.886058791609244" lon="116.3431898646079">
        <ele>35.2</ele>
        <time>2026-09-16T23:01:11.973000Z</time>
        <extensions>
          <gpxtpx:TrackPointExtension>
            <gpxtpx:hr>149</gpxtpx:hr>
          </gpxtpx:TrackPointExtension>
        </extensions>
      </trkpt>
      <trkpt lat="39.88600179083879" lon="116.3431918676208">
        <ele>35.2</ele>
        <time>2026-09-16T23:01:13.973000Z</time>
        <extensions>
          <gpxtpx:TrackPointExtension>
            <gpxtpx:hr>149</gpxtpx:hr>
          </gpxtpx:TrackPointExtension>
        </extensions>
      </trkpt>
      <trkpt lat="39.885947798638824" lon="116.3431888807382">
        <ele>35.4</ele>
        <time>2026-09-16T23:01:15.973000Z</time>
        <extensions>
          <gpxtpx:TrackPointExtension>
            <gpxtpx:hr>149</gpxtpx:hr>
          </gpxtpx:TrackPointExtension>
        </extensions>
      </trkpt>
      <trkpt lat="39.88589680978198" lon="116.34318389767022">
        <ele>35.4</ele>
        <time>2026-09-16T23:01:17.973000Z</time>
        <extensions>
          <gpxtpx:TrackPointExtension>
            <gpxtpx:hr>149</gpxtpx:hr>
          </gpxtpx:TrackPointExtension>
        </extensions>
      </trkpt>
      <trkpt lat="39.885846819135786" lon="116.3431799123793">
        <ele>35.0</ele>
        <time>2026-09-16T23:01:19.973000Z</time>
        <extensions>
          <gpxtpx:TrackPointExtension>
            <gpxtpx:hr>147</gpxtpx:hr>
          </gpxtpx:TrackPointExtension>
        </extensions>
      </trkpt>
      <trkpt lat="39.88579682500494" lon="116.34317792289461">
        <ele>35.0</ele>
        <time>2026-09-16T23:01:21.973000Z</time>
        <extensions>
          <gpxtpx:TrackPointExtension>
            <gpxtpx:hr>147</gpxtpx:hr>
          </gpxtpx:TrackPointExtension>
        </extensions>
      </trkpt>
      <trkpt lat="39.8857468221611" lon="116.34318092292501">
        <ele>35.0</ele>
        <time>2026-09-16T23:01:23.973000Z</time>
        <extensions>
          <gpxtpx:TrackPointExtension>
            <gpxtpx:hr>147</gpxtpx:hr>
          </gpxtpx:TrackPointExtension>
        </extensions>
      </trkpt>
      <trkpt lat="39.88569582110837" lon="116.3431829251789">
        <ele>35.0</ele>
        <time>2026-09-16T23:01:25.973000Z</time>
        <extensions>
          <gpxtpx:TrackPointExtension>
            <gpxtpx:hr>148</gpxtpx:hr>
          </gpxtpx:TrackPointExtension>
        </extensions>
      </trkpt>
      <trkpt lat="39.88564582175125" lon="116.3431839294033">
        <ele>35.0</ele>
        <time>2026-09-16T23:01:27.973000Z</time>
        <extensions>
          <gpxtpx:TrackPointExtension>
            <gpxtpx:hr>148</gpxtpx:hr>
          </gpxtpx:TrackPointExtension>
        </extensions>
      </trkpt>
      <trkpt lat="39.885595831108056" lon="116.34317994411228">
        <ele>34.8</ele>
        <time>2026-09-16T23:01:29.973000Z</time>
        <extensions>
          <gpxtpx:TrackPointExtension>
            <gpxtpx:hr>148</gpxtpx:hr>
          </gpxtpx:TrackPointExtension>
        </extensions>
      </trkpt>
      <trkpt lat="39.88554684041799" lon="116.34317595869513">
        <ele>34.8</ele>
        <time>2026-09-16T23:01:31.973000Z</time>
        <extensions>
          <gpxtpx:TrackPointExtension>
            <gpxtpx:hr>148</gpxtpx:hr>
          </gpxtpx:TrackPointExtension>
        </extensions>
      </trkpt>
      <trkpt lat="39.88549884619537" lon="116.34317396895763">
        <ele>34.8</ele>
        <time>2026-09-16T23:01:33.973000Z</time>
        <extensions>
          <gpxtpx:TrackPointExtension>
            <gpxtpx:hr>148</gpxtpx:hr>
          </gpxtpx:TrackPointExtension>
        </extensions>
      </trkpt>
      <trkpt lat="39.885453850087245" lon="116.34317297674383">
        <ele>35.3</ele>
        <time>2026-09-16T23:01:35.973000Z</time>
        <extensions>
          <gpxtpx:TrackPointExtension>
            <gpxtpx:hr>148</gpxtpx:hr>
          </gpxtpx:TrackPointExtension>
        </extensions>
      </trkpt>
      <trkpt lat="39.885407854027406" lon="116.34317198465646">
        <ele>35.3</ele>
        <time>2026-09-16T23:01:37.973000Z</time>
        <extensions>
          <gpxtpx:TrackPointExtension>
            <gpxtpx:hr>148</gpxtpx:hr>
          </gpxtpx:TrackPointExtension>
        </extensions>
      </trkpt>
      <trkpt lat="39.885360859758734" lon="116.34316999479266">
        <ele>35.3</ele>
        <time>2026-09-16T23:01:39.973000Z</time>
        <extensions>
          <gpxtpx:TrackPointExtension>
            <gpxtpx:hr>148</gpxtpx:hr>
          </gpxtpx:TrackPointExtension>
        </extensions>
      </trkpt>
      <trkpt lat="39.88530986916769" lon="116.34316600962903">
        <ele>35.0</ele>
        <time>2026-09-16T23:01:41.973000Z</time>
        <extensions>
          <gpxtpx:TrackPointExtension>
            <gpxtpx:hr>148</gpxtpx:hr>
          </gpxtpx:TrackPointExtension>
        </extensions>
      </trkpt>
      <trkpt lat="39.88525787339641" lon="116.3431650183003">
        <ele>35.0</ele>
        <time>2026-09-16T23:01:43.973000Z</time>
        <extensions>
          <gpxtpx:TrackPointExtension>
            <gpxtpx:hr>148</gpxtpx:hr>
          </gpxtpx:TrackPointExtension>
        </extensions>
      </trkpt>
      <trkpt lat="39.885206872349144" lon="116.34316702055341">
        <ele>35.2</ele>
        <time>2026-09-16T23:01:45.973000Z</time>
        <extensions>
          <gpxtpx:TrackPointExtension>
            <gpxtpx:hr>148</gpxtpx:hr>
          </gpxtpx:TrackPointExtension>
        </extensions>
      </trkpt>
      <trkpt lat="39.88515786597831" lon="116.34317201626234">
        <ele>35.2</ele>
        <time>2026-09-16T23:01:47.973000Z</time>
        <extensions>
          <gpxtpx:TrackPointExtension>
            <gpxtpx:hr>148</gpxtpx:hr>
          </gpxtpx:TrackPointExtension>
        </extensions>
      </trkpt>
      <trkpt lat="39.88511085951277" lon="116.34317701171894">
        <ele>35.2</ele>
        <time>2026-09-16T23:01:49.973000Z</time>
        <extensions>
          <gpxtpx:TrackPointExtension>
            <gpxtpx:hr>150</gpxtpx:hr>
          </gpxtpx:TrackPointExtension>
        </extensions>
      </trkpt>
      <trkpt lat="39.88506385479087" lon="116.34318100927294">
        <ele>35.2</ele>
        <time>2026-09-16T23:01:51.973000Z</time>
        <extensions>
          <gpxtpx:TrackPointExtension>
            <gpxtpx:hr>150</gpxtpx:hr>
          </gpxtpx:TrackPointExtension>
        </extensions>
      </trkpt>
      <trkpt lat="39.885017850021896" lon="116.34318500670084">
        <ele>35.2</ele>
        <time>2026-09-16T23:01:53.973000Z</time>
        <extensions>
          <gpxtpx:TrackPointExtension>
            <gpxtpx:hr>150</gpxtpx:hr>
          </gpxtpx:TrackPointExtension>
        </extensions>
      </trkpt>
      <trkpt lat="39.88497285043356" lon="116.34318601029301">
        <ele>35.5</ele>
        <time>2026-09-16T23:01:55.973000Z</time>
        <extensions>
          <gpxtpx:TrackPointExtension>
            <gpxtpx:hr>152</gpxtpx:hr>
          </gpxtpx:TrackPointExtension>
        </extensions>
      </trkpt>
      <trkpt lat="39.88492884905528" lon="116.34318801166198">
        <ele>35.5</ele>
        <time>2026-09-16T23:01:57.973000Z</time>
        <extensions>
          <gpxtpx:TrackPointExtension>
            <gpxtpx:hr>152</gpxtpx:hr>
          </gpxtpx:TrackPointExtension>
        </extensions>
      </trkpt>
      <trkpt lat="39.88488485290521" lon="116.34318701932133">
        <ele>35.5</ele>
        <time>2026-09-16T23:01:59.973000Z</time>
        <extensions>
          <gpxtpx:TrackPointExtension>
            <gpxtpx:hr>151</gpxtpx:hr>
          </gpxtpx:TrackPointExtension>
        </extensions>
      </trkpt>
      <trkpt lat="39.884839856803545" lon="116.34318602710712">
        <ele>35.3</ele>
        <time>2026-09-16T23:02:01.973000Z</time>
        <extensions>
          <gpxtpx:TrackPointExtension>
            <gpxtpx:hr>151</gpxtpx:hr>
          </gpxtpx:TrackPointExtension>
        </extensions>
      </trkpt>
      <trkpt lat="39.884792864283504" lon="116.34318303933946">
        <ele>35.3</ele>
        <time>2026-09-16T23:02:03.973000Z</time>
        <extensions>
          <gpxtpx:TrackPointExtension>
            <gpxtpx:hr>151</gpxtpx:hr>
          </gpxtpx:TrackPointExtension>
        </extensions>
      </trkpt>
      <trkpt lat="39.88474287190796" lon="116.34318005195124">
        <ele>35.3</ele>
        <time>2026-09-16T23:02:05.973000Z</time>
        <extensions>
          <gpxtpx:TrackPointExtension>
            <gpxtpx:hr>150</gpxtpx:hr>
          </gpxtpx:TrackPointExtension>
        </extensions>
      </trkpt>
      <trkpt lat="39.88468987619153" lon="116.34317906074845">
        <ele>35.3</ele>
        <time>2026-09-16T23:02:07.973000Z</time>
        <extensions>
          <gpxtpx:TrackPointExtension>
            <gpxtpx:hr>150</gpxtpx:hr>
          </gpxtpx:TrackPointExtension>
        </extensions>
      </trkpt>
      <trkpt lat="39.884635878781026" lon="116.34317906757515">
        <ele>35.3</ele>
        <time>2026-09-16T23:02:09.973000Z</time>
        <extensions>
          <gpxtpx:TrackPointExtension>
            <gpxtpx:hr>150</gpxtpx:hr>
          </gpxtpx:TrackPointExtension>
        </extensions>
      </trkpt>
      <trkpt lat="39.88458288306599" lon="116.34317807637237">
        <ele>35.5</ele>
        <time>2026-09-16T23:02:11.973000Z</time>
        <extensions>
          <gpxtpx:TrackPointExtension>
            <gpxtpx:hr>149</gpxtpx:hr>
          </gpxtpx:TrackPointExtension>
        </extensions>
      </trkpt>
      <trkpt lat="39.88453389064525" lon="116.34317508885793">
        <ele>35.5</ele>
        <time>2026-09-16T23:02:13.973000Z</time>
        <extensions>
          <gpxtpx:TrackPointExtension>
            <gpxtpx:hr>149</gpxtpx:hr>
          </gpxtpx:TrackPointExtension>
        </extensions>
      </trkpt>
      <trkpt lat="39.88448790679566" lon="116.34316711145007">
        <ele>35.6</ele>
        <time>2026-09-16T23:02:15.973000Z</time>
        <extensions>
          <gpxtpx:TrackPointExtension>
            <gpxtpx:hr>150</gpxtpx:hr>
          </gpxtpx:TrackPointExtension>
        </extensions>
      </trkpt>
      <trkpt lat="39.8844419212046" lon="116.3431601319461">
        <ele>35.6</ele>
        <time>2026-09-16T23:02:17.973000Z</time>
        <extensions>
          <gpxtpx:TrackPointExtension>
            <gpxtpx:hr>150</gpxtpx:hr>
          </gpxtpx:TrackPointExtension>
        </extensions>
      </trkpt>
      <trkpt lat="39.8843949286904" lon="116.34315714417981">
        <ele>35.6</ele>
        <time>2026-09-16T23:02:19.973000Z</time>
        <extensions>
          <gpxtpx:TrackPointExtension>
            <gpxtpx:hr>151</gpxtpx:hr>
          </gpxtpx:TrackPointExtension>
        </extensions>
      </trkpt>
      <trkpt lat="39.88434493109165" lon="116.34315715050072">
        <ele>35.3</ele>
        <time>2026-09-16T23:02:21.973000Z</time>
        <extensions>
          <gpxtpx:TrackPointExtension>
            <gpxtpx:hr>151</gpxtpx:hr>
          </gpxtpx:TrackPointExtension>
        </extensions>
      </trkpt>
      <trkpt lat="39.88429592821628" lon="116.34316015040315">
        <ele>35.3</ele>
        <time>2026-09-16T23:02:23.973000Z</time>
        <extensions>
          <gpxtpx:TrackPointExtension>
            <gpxtpx:hr>151</gpxtpx:hr>
          </gpxtpx:TrackPointExtension>
        </extensions>
      </trkpt>
      <trkpt lat="39.88424592364672" lon="116.34316414833492">
        <ele>35.3</ele>
        <time>2026-09-16T23:02:25.973000Z</time>
        <extensions>
          <gpxtpx:TrackPointExtension>
            <gpxtpx:hr>151</gpxtpx:hr>
          </gpxtpx:TrackPointExtension>
        </extensions>
      </trkpt>
      <trkpt lat="39.88419791549614" lon="116.3431701418199">
        <ele>35.3</ele>
        <time>2026-09-16T23:02:27.973000Z</time>
        <extensions>
          <gpxtpx:TrackPointExtension>
            <gpxtpx:hr>151</gpxtpx:hr>
          </gpxtpx:TrackPointExtension>
        </extensions>
      </trkpt>
      <trkpt lat="39.884147907442866" lon="116.34317613555842">
        <ele>35.3</ele>
        <time>2026-09-16T23:02:29.973000Z</time>
        <extensions>
          <gpxtpx:TrackPointExtension>
            <gpxtpx:hr>151</gpxtpx:hr>
          </gpxtpx:TrackPointExtension>
        </extensions>
      </trkpt>
      <trkpt lat="39.884099897551955" lon="116.34318312694798">
        <ele>35.3</ele>
        <time>2026-09-16T23:02:31.973000Z</time>
        <extensions>
          <gpxtpx:TrackPointExtension>
            <gpxtpx:hr>151</gpxtpx:hr>
          </gpxtpx:TrackPointExtension>
        </extensions>
      </trkpt>
      <trkpt lat="39.88405089119564" lon="116.3431881226584">
        <ele>35.3</ele>
        <time>2026-09-16T23:02:33.973000Z</time>
        <extensions>
          <gpxtpx:TrackPointExtension>
            <gpxtpx:hr>151</gpxtpx:hr>
          </gpxtpx:TrackPointExtension>
        </extensions>
      </trkpt>
      <trkpt lat="39.88400289001976" lon="116.34319012453295">
        <ele>35.4</ele>
        <time>2026-09-16T23:02:35.973000Z</time>
        <extensions>
          <gpxtpx:TrackPointExtension>
            <gpxtpx:hr>152</gpxtpx:hr>
          </gpxtpx:TrackPointExtension>
        </extensions>
      </trkpt>
      <trkpt lat="39.88395389063514" lon="116.34319112863068">
        <ele>35.4</ele>
        <time>2026-09-16T23:02:37.973000Z</time>
        <extensions>
          <gpxtpx:TrackPointExtension>
            <gpxtpx:hr>152</gpxtpx:hr>
          </gpxtpx:TrackPointExtension>
        </extensions>
      </trkpt>
      <trkpt lat="39.8839018948806" lon="116.34319013730105">
        <ele>35.4</ele>
        <time>2026-09-16T23:02:39.973000Z</time>
        <extensions>
          <gpxtpx:TrackPointExtension>
            <gpxtpx:hr>152</gpxtpx:hr>
          </gpxtpx:TrackPointExtension>
        </extensions>
      </trkpt>
      <trkpt lat="39.88385089907859" lon="116.34318914584499">
        <ele>35.4</ele>
        <time>2026-09-16T23:02:41.973000Z</time>
        <extensions>
          <gpxtpx:TrackPointExtension>
            <gpxtpx:hr>152</gpxtpx:hr>
          </gpxtpx:TrackPointExtension>
        </extensions>
      </trkpt>
      <trkpt lat="39.88379990676241" lon="116.34318615858248">
        <ele>35.4</ele>
        <time>2026-09-16T23:02:43.973000Z</time>
        <extensions>
          <gpxtpx:TrackPointExtension>
            <gpxtpx:hr>152</gpxtpx:hr>
          </gpxtpx:TrackPointExtension>
        </extensions>
      </trkpt>
      <trkpt lat="39.88374891618968" lon="116.34318217341696">
        <ele>35.4</ele>
        <time>2026-09-16T23:02:45.973000Z</time>
        <extensions>
          <gpxtpx:TrackPointExtension>
            <gpxtpx:hr>152</gpxtpx:hr>
          </gpxtpx:TrackPointExtension>
        </extensions>
      </trkpt>
      <trkpt lat="39.88370391487259" lon="116.34318417491195">
        <ele>35.4</ele>
        <time>2026-09-16T23:02:47.973000Z</time>
        <extensions>
          <gpxtpx:TrackPointExtension>
            <gpxtpx:hr>152</gpxtpx:hr>
          </gpxtpx:TrackPointExtension>
        </extensions>
      </trkpt>
      <trkpt lat="39.88370390790217" lon="116.34318816652484">
        <ele>35.4</ele>
        <time>2026-09-16T23:02:49.973000Z</time>
        <extensions>
          <gpxtpx:TrackPointExtension>
            <gpxtpx:hr>154</gpxtpx:hr>
          </gpxtpx:TrackPointExtension>
        </extensions>
      </trkpt>
      <trkpt lat="39.883748893536335" lon="116.34319514615942">
        <ele>35.4</ele>
        <time>2026-09-16T23:02:51.973000Z</time>
        <extensions>
          <gpxtpx:TrackPointExtension>
            <gpxtpx:hr>154</gpxtpx:hr>
          </gpxtpx:TrackPointExtension>
        </extensions>
      </trkpt>
      <trkpt lat="39.883825877630635" lon="116.34320212174963">
        <ele>35.4</ele>
        <time>2026-09-16T23:02:55.973000Z</time>
        <extensions>
          <gpxtpx:TrackPointExtension>
            <gpxtpx:hr>154</gpxtpx:hr>
          </gpxtpx:TrackPointExtension>
        </extensions>
      </trkpt>
      <trkpt lat="39.88389585683757" lon="116.34321209193678">
        <ele>35.4</ele>
        <time>2026-09-16T23:02:57.973000Z</time>
        <extensions>
          <gpxtpx:TrackPointExtension>
            <gpxtpx:hr>154</gpxtpx:hr>
          </gpxtpx:TrackPointExtension>
        </extensions>
      </trkpt>
      <trkpt lat="39.88395583478661" lon="116.34322306129397">
        <ele>35.4</ele>
        <time>2026-09-16T23:02:59.973000Z</time>
        <extensions>
          <gpxtpx:TrackPointExtension>
            <gpxtpx:hr>154</gpxtpx:hr>
          </gpxtpx:TrackPointExtension>
        </extensions>
      </trkpt>
      <trkpt lat="39.884014816270316" lon="116.34323203497163">
        <ele>35.1</ele>
        <time>2026-09-16T23:03:01.973000Z</time>
        <extensions>
          <gpxtpx:TrackPointExtension>
            <gpxtpx:hr>154</gpxtpx:hr>
          </gpxtpx:TrackPointExtension>
        </extensions>
      </trkpt>
      <trkpt lat="39.88407080835098" lon="116.34323502160466">
        <ele>35.1</ele>
        <time>2026-09-16T23:03:03.973000Z</time>
        <extensions>
          <gpxtpx:TrackPointExtension>
            <gpxtpx:hr>154</gpxtpx:hr>
          </gpxtpx:TrackPointExtension>
        </extensions>
      </trkpt>
      <trkpt lat="39.88412180589829" lon="116.34323501515729">
        <ele>35.2</ele>
        <time>2026-09-16T23:03:05.973000Z</time>
        <extensions>
          <gpxtpx:TrackPointExtension>
            <gpxtpx:hr>154</gpxtpx:hr>
          </gpxtpx:TrackPointExtension>
        </extensions>
      </trkpt>
      <trkpt lat="39.88417080354238" lon="116.34323500896275">
        <ele>35.2</ele>
        <time>2026-09-16T23:03:07.973000Z</time>
        <extensions>
          <gpxtpx:TrackPointExtension>
            <gpxtpx:hr>154</gpxtpx:hr>
          </gpxtpx:TrackPointExtension>
        </extensions>
      </trkpt>
      <trkpt lat="39.884219797703516" lon="116.3432369985766">
        <ele>35.2</ele>
        <time>2026-09-16T23:03:09.973000Z</time>
        <extensions>
          <gpxtpx:TrackPointExtension>
            <gpxtpx:hr>154</gpxtpx:hr>
          </gpxtpx:TrackPointExtension>
        </extensions>
      </trkpt>
      <trkpt lat="39.884269786592135" lon="116.34324198177696">
        <ele>35.2</ele>
        <time>2026-09-16T23:03:11.973000Z</time>
        <extensions>
          <gpxtpx:TrackPointExtension>
            <gpxtpx:hr>154</gpxtpx:hr>
          </gpxtpx:TrackPointExtension>
        </extensions>
      </trkpt>
      <trkpt lat="39.88431977199862" lon="116.34324896078664">
        <ele>35.2</ele>
        <time>2026-09-16T23:03:13.973000Z</time>
        <extensions>
          <gpxtpx:TrackPointExtension>
            <gpxtpx:hr>154</gpxtpx:hr>
          </gpxtpx:TrackPointExtension>
        </extensions>
      </trkpt>
      <trkpt lat="39.884368766162" lon="116.34325095040097">
        <ele>35.1</ele>
        <time>2026-09-16T23:03:15.973000Z</time>
        <extensions>
          <gpxtpx:TrackPointExtension>
            <gpxtpx:hr>154</gpxtpx:hr>
          </gpxtpx:TrackPointExtension>
        </extensions>
      </trkpt>
      <trkpt lat="39.88441776903371" lon="116.34324795049295">
        <ele>35.1</ele>
        <time>2026-09-16T23:03:17.973000Z</time>
        <extensions>
          <gpxtpx:TrackPointExtension>
            <gpxtpx:hr>154</gpxtpx:hr>
          </gpxtpx:TrackPointExtension>
        </extensions>
      </trkpt>
      <trkpt lat="39.884465775437455" lon="116.34324295490282">
        <ele>35.1</ele>
        <time>2026-09-16T23:03:19.973000Z</time>
        <extensions>
          <gpxtpx:TrackPointExtension>
            <gpxtpx:hr>154</gpxtpx:hr>
          </gpxtpx:TrackPointExtension>
        </extensions>
      </trkpt>
      <trkpt lat="39.88451578522972" lon="116.34323596325193">
        <ele>35.2</ele>
        <time>2026-09-16T23:03:21.973000Z</time>
        <extensions>
          <gpxtpx:TrackPointExtension>
            <gpxtpx:hr>154</gpxtpx:hr>
          </gpxtpx:TrackPointExtension>
        </extensions>
      </trkpt>
      <trkpt lat="39.88456479158763" lon="116.3432309675366">
        <ele>35.2</ele>
        <time>2026-09-16T23:03:23.973000Z</time>
        <extensions>
          <gpxtpx:TrackPointExtension>
            <gpxtpx:hr>154</gpxtpx:hr>
          </gpxtpx:TrackPointExtension>
        </extensions>
      </trkpt>
      <trkpt lat="39.8846137909789" lon="116.34322996343785">
        <ele>35.4</ele>
        <time>2026-09-16T23:03:25.973000Z</time>
        <extensions>
          <gpxtpx:TrackPointExtension>
            <gpxtpx:hr>154</gpxtpx:hr>
          </gpxtpx:TrackPointExtension>
        </extensions>
      </trkpt>
      <trkpt lat="39.884662783403314" lon="116.34323295095548">
        <ele>35.4</ele>
        <time>2026-09-16T23:03:27.973000Z</time>
        <extensions>
          <gpxtpx:TrackPointExtension>
            <gpxtpx:hr>154</gpxtpx:hr>
          </gpxtpx:TrackPointExtension>
        </extensions>
      </trkpt>
      <trkpt lat="39.88471177060321" lon="116.3432389321859">
        <ele>35.4</ele>
        <time>2026-09-16T23:03:29.973000Z</time>
        <extensions>
          <gpxtpx:TrackPointExtension>
            <gpxtpx:hr>155</gpxtpx:hr>
          </gpxtpx:TrackPointExtension>
        </extensions>
      </trkpt>
      <trkpt lat="39.884760756062654" lon="116.34324591132138">
        <ele>35.6</ele>
        <time>2026-09-16T23:03:31.973000Z</time>
        <extensions>
          <gpxtpx:TrackPointExtension>
            <gpxtpx:hr>155</gpxtpx:hr>
          </gpxtpx:TrackPointExtension>
        </extensions>
      </trkpt>
      <trkpt lat="39.884809743265" lon="116.34325189255328">
        <ele>35.6</ele>
        <time>2026-09-16T23:03:33.973000Z</time>
        <extensions>
          <gpxtpx:TrackPointExtension>
            <gpxtpx:hr>155</gpxtpx:hr>
          </gpxtpx:TrackPointExtension>
        </extensions>
      </trkpt>
      <trkpt lat="39.88485873569285" lon="116.34325488007211">
        <ele>35.2</ele>
        <time>2026-09-16T23:03:35.973000Z</time>
        <extensions>
          <gpxtpx:TrackPointExtension>
            <gpxtpx:hr>155</gpxtpx:hr>
          </gpxtpx:TrackPointExtension>
        </extensions>
      </trkpt>
      <trkpt lat="39.88490773160428" lon="116.3432558717819">
        <ele>35.2</ele>
        <time>2026-09-16T23:03:37.973000Z</time>
        <extensions>
          <gpxtpx:TrackPointExtension>
            <gpxtpx:hr>155</gpxtpx:hr>
          </gpxtpx:TrackPointExtension>
        </extensions>
      </trkpt>
      <trkpt lat="39.884954729353524" lon="116.34325586583996">
        <ele>35.2</ele>
        <time>2026-09-16T23:03:39.973000Z</time>
        <extensions>
          <gpxtpx:TrackPointExtension>
            <gpxtpx:hr>155</gpxtpx:hr>
          </gpxtpx:TrackPointExtension>
        </extensions>
      </trkpt>
      <trkpt lat="39.88500272531399" lon="116.34325685767618">
        <ele>35.0</ele>
        <time>2026-09-16T23:03:41.973000Z</time>
        <extensions>
          <gpxtpx:TrackPointExtension>
            <gpxtpx:hr>155</gpxtpx:hr>
          </gpxtpx:TrackPointExtension>
        </extensions>
      </trkpt>
      <trkpt lat="39.88505171948575" lon="116.3432588472906">
        <ele>35.0</ele>
        <time>2026-09-16T23:03:43.973000Z</time>
        <extensions>
          <gpxtpx:TrackPointExtension>
            <gpxtpx:hr>155</gpxtpx:hr>
          </gpxtpx:TrackPointExtension>
        </extensions>
      </trkpt>
      <trkpt lat="39.885103711773276" lon="116.34326183443046">
        <ele>35.3</ele>
        <time>2026-09-16T23:03:45.973000Z</time>
        <extensions>
          <gpxtpx:TrackPointExtension>
            <gpxtpx:hr>155</gpxtpx:hr>
          </gpxtpx:TrackPointExtension>
        </extensions>
      </trkpt>
      <trkpt lat="39.885154705850745" lon="116.34326382379217">
        <ele>35.3</ele>
        <time>2026-09-16T23:03:47.973000Z</time>
        <extensions>
          <gpxtpx:TrackPointExtension>
            <gpxtpx:hr>155</gpxtpx:hr>
          </gpxtpx:TrackPointExtension>
        </extensions>
      </trkpt>
      <trkpt lat="39.88520370350714" lon="116.3432638175973">
        <ele>35.3</ele>
        <time>2026-09-16T23:03:49.973000Z</time>
        <extensions>
          <gpxtpx:TrackPointExtension>
            <gpxtpx:hr>154</gpxtpx:hr>
          </gpxtpx:TrackPointExtension>
        </extensions>
      </trkpt>
      <trkpt lat="39.88525069951843" lon="116.34326480956003">
        <ele>34.9</ele>
        <time>2026-09-16T23:03:51.973000Z</time>
        <extensions>
          <gpxtpx:TrackPointExtension>
            <gpxtpx:hr>154</gpxtpx:hr>
          </gpxtpx:TrackPointExtension>
        </extensions>
      </trkpt>
      <trkpt lat="39.885296700801995" lon="116.34326280793495">
        <ele>34.9</ele>
        <time>2026-09-16T23:03:53.973000Z</time>
        <extensions>
          <gpxtpx:TrackPointExtension>
            <gpxtpx:hr>154</gpxtpx:hr>
          </gpxtpx:TrackPointExtension>
        </extensions>
      </trkpt>
      <trkpt lat="39.885343700296986" lon="116.34326180408821">
        <ele>34.9</ele>
        <time>2026-09-16T23:03:55.973000Z</time>
        <extensions>
          <gpxtpx:TrackPointExtension>
            <gpxtpx:hr>152</gpxtpx:hr>
          </gpxtpx:TrackPointExtension>
        </extensions>
      </trkpt>
      <trkpt lat="39.88539170322751" lon="116.34325880430578">
        <ele>35.2</ele>
        <time>2026-09-16T23:03:57.973000Z</time>
        <extensions>
          <gpxtpx:TrackPointExtension>
            <gpxtpx:hr>152</gpxtpx:hr>
          </gpxtpx:TrackPointExtension>
        </extensions>
      </trkpt>
      <trkpt lat="39.885438714913946" lon="116.34325081512738">
        <ele>35.2</ele>
        <time>2026-09-16T23:03:59.973000Z</time>
        <extensions>
          <gpxtpx:TrackPointExtension>
            <gpxtpx:hr>153</gpxtpx:hr>
          </gpxtpx:TrackPointExtension>
        </extensions>
      </trkpt>
      <trkpt lat="39.885486728295895" lon="116.34324182791957">
        <ele>35.1</ele>
        <time>2026-09-16T23:04:01.973000Z</time>
        <extensions>
          <gpxtpx:TrackPointExtension>
            <gpxtpx:hr>153</gpxtpx:hr>
          </gpxtpx:TrackPointExtension>
        </extensions>
      </trkpt>
      <trkpt lat="39.88553573640658" lon="116.34323583429932">
        <ele>35.1</ele>
        <time>2026-09-16T23:04:03.973000Z</time>
        <extensions>
          <gpxtpx:TrackPointExtension>
            <gpxtpx:hr>153</gpxtpx:hr>
          </gpxtpx:TrackPointExtension>
        </extensions>
      </trkpt>
      <trkpt lat="39.88558573576153" lon="116.34323483007383">
        <ele>35.1</ele>
        <time>2026-09-16T23:04:05.973000Z</time>
        <extensions>
          <gpxtpx:TrackPointExtension>
            <gpxtpx:hr>150</gpxtpx:hr>
          </gpxtpx:TrackPointExtension>
        </extensions>
      </trkpt>
      <trkpt lat="39.885635726408246" lon="116.34323881536916">
        <ele>35.1</ele>
        <time>2026-09-16T23:04:07.973000Z</time>
        <extensions>
          <gpxtpx:TrackPointExtension>
            <gpxtpx:hr>150</gpxtpx:hr>
          </gpxtpx:TrackPointExtension>
        </extensions>
      </trkpt>
      <trkpt lat="39.88568571705582" lon="116.34324280066478">
        <ele>35.1</ele>
        <time>2026-09-16T23:04:09.973000Z</time>
        <extensions>
          <gpxtpx:TrackPointExtension>
            <gpxtpx:hr>151</gpxtpx:hr>
          </gpxtpx:TrackPointExtension>
        </extensions>
      </trkpt>
      <trkpt lat="39.88573470601037" lon="116.34324778399152">
        <ele>35.1</ele>
        <time>2026-09-16T23:04:11.973000Z</time>
        <extensions>
          <gpxtpx:TrackPointExtension>
            <gpxtpx:hr>151</gpxtpx:hr>
          </gpxtpx:TrackPointExtension>
        </extensions>
      </trkpt>
      <trkpt lat="39.88578369670741" lon="116.34325176941422">
        <ele>35.1</ele>
        <time>2026-09-16T23:04:13.973000Z</time>
        <extensions>
          <gpxtpx:TrackPointExtension>
            <gpxtpx:hr>151</gpxtpx:hr>
          </gpxtpx:TrackPointExtension>
        </extensions>
      </trkpt>
      <trkpt lat="39.88583168745296" lon="116.34325575496366">
        <ele>35.1</ele>
        <time>2026-09-16T23:04:15.973000Z</time>
        <extensions>
          <gpxtpx:TrackPointExtension>
            <gpxtpx:hr>149</gpxtpx:hr>
          </gpxtpx:TrackPointExtension>
        </extensions>
      </trkpt>
      <trkpt lat="39.88588067815167" lon="116.34325974038698">
        <ele>35.3</ele>
        <time>2026-09-16T23:04:17.973000Z</time>
        <extensions>
          <gpxtpx:TrackPointExtension>
            <gpxtpx:hr>149</gpxtpx:hr>
          </gpxtpx:TrackPointExtension>
        </extensions>
      </trkpt>
      <trkpt lat="39.88592867064019" lon="116.3432627280323">
        <ele>35.3</ele>
        <time>2026-09-16T23:04:19.973000Z</time>
        <extensions>
          <gpxtpx:TrackPointExtension>
            <gpxtpx:hr>149</gpxtpx:hr>
          </gpxtpx:TrackPointExtension>
        </extensions>
      </trkpt>
      <trkpt lat="39.88597466670728" lon="116.34326372012121">
        <ele>35.4</ele>
        <time>2026-09-16T23:04:21.973000Z</time>
        <extensions>
          <gpxtpx:TrackPointExtension>
            <gpxtpx:hr>149</gpxtpx:hr>
          </gpxtpx:TrackPointExtension>
        </extensions>
      </trkpt>
      <trkpt lat="39.886019666305145" lon="116.34326271652715">
        <ele>35.4</ele>
        <time>2026-09-16T23:04:23.973000Z</time>
        <extensions>
          <gpxtpx:TrackPointExtension>
            <gpxtpx:hr>149</gpxtpx:hr>
          </gpxtpx:TrackPointExtension>
        </extensions>
      </trkpt>
      <trkpt lat="39.88606567108002" lon="116.34325871909279">
        <ele>35.4</ele>
        <time>2026-09-16T23:04:25.973000Z</time>
        <extensions>
          <gpxtpx:TrackPointExtension>
            <gpxtpx:hr>148</gpxtpx:hr>
          </gpxtpx:TrackPointExtension>
        </extensions>
      </trkpt>
      <trkpt lat="39.88611267580804" lon="116.3432547215323">
        <ele>35.2</ele>
        <time>2026-09-16T23:04:27.973000Z</time>
        <extensions>
          <gpxtpx:TrackPointExtension>
            <gpxtpx:hr>148</gpxtpx:hr>
          </gpxtpx:TrackPointExtension>
        </extensions>
      </trkpt>
      <trkpt lat="39.886157678890534" lon="116.34325172212945">
        <ele>35.2</ele>
        <time>2026-09-16T23:04:29.973000Z</time>
        <extensions>
          <gpxtpx:TrackPointExtension>
            <gpxtpx:hr>148</gpxtpx:hr>
          </gpxtpx:TrackPointExtension>
        </extensions>
      </trkpt>
      <trkpt lat="39.88619967863332" lon="116.3432507189149">
        <ele>35.4</ele>
        <time>2026-09-16T23:04:31.973000Z</time>
        <extensions>
          <gpxtpx:TrackPointExtension>
            <gpxtpx:hr>148</gpxtpx:hr>
          </gpxtpx:TrackPointExtension>
        </extensions>
      </trkpt>
      <trkpt lat="39.88624067668257" lon="116.34325071373122">
        <ele>35.4</ele>
        <time>2026-09-16T23:04:33.973000Z</time>
        <extensions>
          <gpxtpx:TrackPointExtension>
            <gpxtpx:hr>148</gpxtpx:hr>
          </gpxtpx:TrackPointExtension>
        </extensions>
      </trkpt>
      <trkpt lat="39.886282671201634" lon="116.34325270423">
        <ele>35.4</ele>
        <time>2026-09-16T23:04:35.973000Z</time>
        <extensions>
          <gpxtpx:TrackPointExtension>
            <gpxtpx:hr>149</gpxtpx:hr>
          </gpxtpx:TrackPointExtension>
        </extensions>
      </trkpt>
      <trkpt lat="39.88633366703467" lon="116.34325369568647">
        <ele>35.1</ele>
        <time>2026-09-16T23:04:37.973000Z</time>
        <extensions>
          <gpxtpx:TrackPointExtension>
            <gpxtpx:hr>149</gpxtpx:hr>
          </gpxtpx:TrackPointExtension>
        </extensions>
      </trkpt>
      <trkpt lat="39.886390662583096" lon="116.34325468638434">
        <ele>35.1</ele>
        <time>2026-09-16T23:04:39.973000Z</time>
        <extensions>
          <gpxtpx:TrackPointExtension>
            <gpxtpx:hr>148</gpxtpx:hr>
          </gpxtpx:TrackPointExtension>
        </extensions>
      </trkpt>
      <trkpt lat="39.886448658084795" lon="116.34325567695576">
        <ele>35.1</ele>
        <time>2026-09-16T23:04:41.973000Z</time>
        <extensions>
          <gpxtpx:TrackPointExtension>
            <gpxtpx:hr>148</gpxtpx:hr>
          </gpxtpx:TrackPointExtension>
        </extensions>
      </trkpt>
      <trkpt lat="39.88649965566133" lon="116.34325567050769">
        <ele>35.1</ele>
        <time>2026-09-16T23:04:43.973000Z</time>
        <extensions>
          <gpxtpx:TrackPointExtension>
            <gpxtpx:hr>148</gpxtpx:hr>
          </gpxtpx:TrackPointExtension>
        </extensions>
      </trkpt>
      <trkpt lat="39.88654865507494" lon="116.34325466640796">
        <ele>35.1</ele>
        <time>2026-09-16T23:04:45.973000Z</time>
        <extensions>
          <gpxtpx:TrackPointExtension>
            <gpxtpx:hr>149</gpxtpx:hr>
          </gpxtpx:TrackPointExtension>
        </extensions>
      </trkpt>
      <trkpt lat="39.88659865792464" lon="116.34325166637286">
        <ele>35.0</ele>
        <time>2026-09-16T23:04:47.973000Z</time>
        <extensions>
          <gpxtpx:TrackPointExtension>
            <gpxtpx:hr>149</gpxtpx:hr>
          </gpxtpx:TrackPointExtension>
        </extensions>
      </trkpt>
      <trkpt lat="39.88664665912847" lon="116.34324966449522">
        <ele>35.0</ele>
        <time>2026-09-16T23:04:49.973000Z</time>
        <extensions>
          <gpxtpx:TrackPointExtension>
            <gpxtpx:hr>149</gpxtpx:hr>
          </gpxtpx:TrackPointExtension>
        </extensions>
      </trkpt>
      <trkpt lat="39.886693656897265" lon="116.34324965855284">
        <ele>35.1</ele>
        <time>2026-09-16T23:04:51.973000Z</time>
        <extensions>
          <gpxtpx:TrackPointExtension>
            <gpxtpx:hr>149</gpxtpx:hr>
          </gpxtpx:TrackPointExtension>
        </extensions>
      </trkpt>
      <trkpt lat="39.88673665659796" lon="116.34324865521178">
        <ele>35.1</ele>
        <time>2026-09-16T23:04:53.973000Z</time>
        <extensions>
          <gpxtpx:TrackPointExtension>
            <gpxtpx:hr>149</gpxtpx:hr>
          </gpxtpx:TrackPointExtension>
        </extensions>
      </trkpt>
      <trkpt lat="39.88678265789836" lon="116.34324665358709">
        <ele>35.1</ele>
        <time>2026-09-16T23:04:55.973000Z</time>
        <extensions>
          <gpxtpx:TrackPointExtension>
            <gpxtpx:hr>148</gpxtpx:hr>
          </gpxtpx:TrackPointExtension>
        </extensions>
      </trkpt>
      <trkpt lat="39.88683265552635" lon="116.34324664726537">
        <ele>34.9</ele>
        <time>2026-09-16T23:04:57.973000Z</time>
        <extensions>
          <gpxtpx:TrackPointExtension>
            <gpxtpx:hr>148</gpxtpx:hr>
          </gpxtpx:TrackPointExtension>
        </extensions>
      </trkpt>
      <trkpt lat="39.88688464957693" lon="116.34324863649948">
        <ele>34.9</ele>
        <time>2026-09-16T23:04:59.973000Z</time>
        <extensions>
          <gpxtpx:TrackPointExtension>
            <gpxtpx:hr>148</gpxtpx:hr>
          </gpxtpx:TrackPointExtension>
        </extensions>
      </trkpt>
      <trkpt lat="39.88693564019259" lon="116.34325262166894">
        <ele>34.8</ele>
        <time>2026-09-16T23:05:01.973000Z</time>
        <extensions>
          <gpxtpx:TrackPointExtension>
            <gpxtpx:hr>148</gpxtpx:hr>
          </gpxtpx:TrackPointExtension>
        </extensions>
      </trkpt>
      <trkpt lat="39.88698363269277" lon="116.34325560931349">
        <ele>34.8</ele>
        <time>2026-09-16T23:05:03.973000Z</time>
        <extensions>
          <gpxtpx:TrackPointExtension>
            <gpxtpx:hr>148</gpxtpx:hr>
          </gpxtpx:TrackPointExtension>
        </extensions>
      </trkpt>
      <trkpt lat="39.88702962877123" lon="116.34325660140196">
        <ele>34.8</ele>
        <time>2026-09-16T23:05:05.973000Z</time>
        <extensions>
          <gpxtpx:TrackPointExtension>
            <gpxtpx:hr>150</gpxtpx:hr>
          </gpxtpx:TrackPointExtension>
        </extensions>
      </trkpt>
      <trkpt lat="39.88707462838046" lon="116.34325559780783">
        <ele>34.8</ele>
        <time>2026-09-16T23:05:07.973000Z</time>
        <extensions>
          <gpxtpx:TrackPointExtension>
            <gpxtpx:hr>150</gpxtpx:hr>
          </gpxtpx:TrackPointExtension>
        </extensions>
      </trkpt>
      <trkpt lat="39.88712262958955" lon="116.34325359592991">
        <ele>34.8</ele>
        <time>2026-09-16T23:05:09.973000Z</time>
        <extensions>
          <gpxtpx:TrackPointExtension>
            <gpxtpx:hr>148</gpxtpx:hr>
          </gpxtpx:TrackPointExtension>
        </extensions>
      </trkpt>
      <trkpt lat="39.88717163249342" lon="116.3432505960212">
        <ele>34.7</ele>
        <time>2026-09-16T23:05:11.973000Z</time>
        <extensions>
          <gpxtpx:TrackPointExtension>
            <gpxtpx:hr>148</gpxtpx:hr>
          </gpxtpx:TrackPointExtension>
        </extensions>
      </trkpt>
      <trkpt lat="39.88722263530331" lon="116.34324759585982">
        <ele>34.7</ele>
        <time>2026-09-16T23:05:13.973000Z</time>
        <extensions>
          <gpxtpx:TrackPointExtension>
            <gpxtpx:hr>150</gpxtpx:hr>
          </gpxtpx:TrackPointExtension>
        </extensions>
      </trkpt>
      <trkpt lat="39.887271638208624" lon="116.34324459595148">
        <ele>34.7</ele>
        <time>2026-09-16T23:05:15.973000Z</time>
        <extensions>
          <gpxtpx:TrackPointExtension>
            <gpxtpx:hr>150</gpxtpx:hr>
          </gpxtpx:TrackPointExtension>
        </extensions>
      </trkpt>
      <trkpt lat="39.887320641114655" lon="116.34324159604331">
        <ele>34.6</ele>
        <time>2026-09-16T23:05:17.973000Z</time>
        <extensions>
          <gpxtpx:TrackPointExtension>
            <gpxtpx:hr>150</gpxtpx:hr>
          </gpxtpx:TrackPointExtension>
        </extensions>
      </trkpt>
      <trkpt lat="39.887368642326976" lon="116.34323959416592">
        <ele>34.6</ele>
        <time>2026-09-16T23:05:19.973000Z</time>
        <extensions>
          <gpxtpx:TrackPointExtension>
            <gpxtpx:hr>149</gpxtpx:hr>
          </gpxtpx:TrackPointExtension>
        </extensions>
      </trkpt>
      <trkpt lat="39.88741664528166" lon="116.34323659438449">
        <ele>34.4</ele>
        <time>2026-09-16T23:05:21.973000Z</time>
        <extensions>
          <gpxtpx:TrackPointExtension>
            <gpxtpx:hr>149</gpxtpx:hr>
          </gpxtpx:TrackPointExtension>
        </extensions>
      </trkpt>
      <trkpt lat="39.88746563948089" lon="116.34323858399732">
        <ele>34.4</ele>
        <time>2026-09-16T23:05:23.973000Z</time>
        <extensions>
          <gpxtpx:TrackPointExtension>
            <gpxtpx:hr>149</gpxtpx:hr>
          </gpxtpx:TrackPointExtension>
        </extensions>
      </trkpt>
      <trkpt lat="39.887516633586195" lon="116.34324057335732">
        <ele>34.4</ele>
        <time>2026-09-16T23:05:25.973000Z</time>
        <extensions>
          <gpxtpx:TrackPointExtension>
            <gpxtpx:hr>150</gpxtpx:hr>
          </gpxtpx:TrackPointExtension>
        </extensions>
      </trkpt>
      <trkpt lat="39.88756762420888" lon="116.34324455852591">
        <ele>34.7</ele>
        <time>2026-09-16T23:05:27.973000Z</time>
        <extensions>
          <gpxtpx:TrackPointExtension>
            <gpxtpx:hr>150</gpxtpx:hr>
          </gpxtpx:TrackPointExtension>
        </extensions>
      </trkpt>
      <trkpt lat="39.88761862005721" lon="116.34324554998182">
        <ele>34.7</ele>
        <time>2026-09-16T23:05:29.973000Z</time>
        <extensions>
          <gpxtpx:TrackPointExtension>
            <gpxtpx:hr>150</gpxtpx:hr>
          </gpxtpx:TrackPointExtension>
        </extensions>
      </trkpt>
      <trkpt lat="39.88766661778948" lon="116.34324554391274">
        <ele>34.7</ele>
        <time>2026-09-16T23:05:31.973000Z</time>
        <extensions>
          <gpxtpx:TrackPointExtension>
            <gpxtpx:hr>150</gpxtpx:hr>
          </gpxtpx:TrackPointExtension>
        </extensions>
      </trkpt>
      <trkpt lat="39.88771561547505" lon="116.34324553771722">
        <ele>34.6</ele>
        <time>2026-09-16T23:05:33.973000Z</time>
        <extensions>
          <gpxtpx:TrackPointExtension>
            <gpxtpx:hr>150</gpxtpx:hr>
          </gpxtpx:TrackPointExtension>
        </extensions>
      </trkpt>
      <trkpt lat="39.88776461838611" lon="116.34324253780892">
        <ele>34.6</ele>
        <time>2026-09-16T23:05:35.973000Z</time>
        <extensions>
          <gpxtpx:TrackPointExtension>
            <gpxtpx:hr>152</gpxtpx:hr>
          </gpxtpx:TrackPointExtension>
        </extensions>
      </trkpt>
      <trkpt lat="39.88781462647589" lon="116.34323654406194">
        <ele>35.1</ele>
        <time>2026-09-16T23:05:37.973000Z</time>
        <extensions>
          <gpxtpx:TrackPointExtension>
            <gpxtpx:hr>152</gpxtpx:hr>
          </gpxtpx:TrackPointExtension>
        </extensions>
      </trkpt>
      <trkpt lat="39.887863631130344" lon="116.34323254625014">
        <ele>35.1</ele>
        <time>2026-09-16T23:05:39.973000Z</time>
        <extensions>
          <gpxtpx:TrackPointExtension>
            <gpxtpx:hr>150</gpxtpx:hr>
          </gpxtpx:TrackPointExtension>
        </extensions>
      </trkpt>
      <trkpt lat="39.88791262707634" lon="116.3432335379586">
        <ele>35.1</ele>
        <time>2026-09-16T23:05:41.973000Z</time>
        <extensions>
          <gpxtpx:TrackPointExtension>
            <gpxtpx:hr>150</gpxtpx:hr>
          </gpxtpx:TrackPointExtension>
        </extensions>
      </trkpt>
      <trkpt lat="39.88796262471755" lon="116.34323353163659">
        <ele>34.7</ele>
        <time>2026-09-16T23:05:43.973000Z</time>
        <extensions>
          <gpxtpx:TrackPointExtension>
            <gpxtpx:hr>150</gpxtpx:hr>
          </gpxtpx:TrackPointExtension>
        </extensions>
      </trkpt>
      <trkpt lat="39.88800961727546" lon="116.3432365194061">
        <ele>34.7</ele>
        <time>2026-09-16T23:05:45.973000Z</time>
        <extensions>
          <gpxtpx:TrackPointExtension>
            <gpxtpx:hr>152</gpxtpx:hr>
          </gpxtpx:TrackPointExtension>
        </extensions>
      </trkpt>
      <trkpt lat="39.888053608233754" lon="116.34324050545925">
        <ele>34.6</ele>
        <time>2026-09-16T23:05:47.973000Z</time>
        <extensions>
          <gpxtpx:TrackPointExtension>
            <gpxtpx:hr>152</gpxtpx:hr>
          </gpxtpx:TrackPointExtension>
        </extensions>
      </trkpt>
      <trkpt lat="39.88809459062624" lon="116.34324948141355">
        <ele>34.6</ele>
        <time>2026-09-16T23:05:49.973000Z</time>
        <extensions>
          <gpxtpx:TrackPointExtension>
            <gpxtpx:hr>152</gpxtpx:hr>
          </gpxtpx:TrackPointExtension>
        </extensions>
      </trkpt>
      <trkpt lat="39.88813357485612" lon="116.3432574597178">
        <ele>34.6</ele>
        <time>2026-09-16T23:05:51.973000Z</time>
        <extensions>
          <gpxtpx:TrackPointExtension>
            <gpxtpx:hr>152</gpxtpx:hr>
          </gpxtpx:TrackPointExtension>
        </extensions>
      </trkpt>
      <trkpt lat="39.888170564405584" lon="116.34326244456226">
        <ele>35.2</ele>
        <time>2026-09-16T23:05:53.973000Z</time>
        <extensions>
          <gpxtpx:TrackPointExtension>
            <gpxtpx:hr>152</gpxtpx:hr>
          </gpxtpx:TrackPointExtension>
        </extensions>
      </trkpt>
      <trkpt lat="39.888205550567534" lon="116.34326942546956">
        <ele>35.2</ele>
        <time>2026-09-16T23:05:55.973000Z</time>
        <extensions>
          <gpxtpx:TrackPointExtension>
            <gpxtpx:hr>152</gpxtpx:hr>
          </gpxtpx:TrackPointExtension>
        </extensions>
      </trkpt>
      <trkpt lat="39.888242534895284" lon="116.34327740402982">
        <ele>34.8</ele>
        <time>2026-09-16T23:05:57.973000Z</time>
        <extensions>
          <gpxtpx:TrackPointExtension>
            <gpxtpx:hr>152</gpxtpx:hr>
          </gpxtpx:TrackPointExtension>
        </extensions>
      </trkpt>
      <trkpt lat="39.88828051917732" lon="116.34328538246488">
        <ele>34.8</ele>
        <time>2026-09-16T23:05:59.973000Z</time>
        <extensions>
          <gpxtpx:TrackPointExtension>
            <gpxtpx:hr>150</gpxtpx:hr>
          </gpxtpx:TrackPointExtension>
        </extensions>
      </trkpt>
      <trkpt lat="39.88832550487197" lon="116.3432923621109">
        <ele>34.8</ele>
        <time>2026-09-16T23:06:01.973000Z</time>
        <extensions>
          <gpxtpx:TrackPointExtension>
            <gpxtpx:hr>150</gpxtpx:hr>
          </gpxtpx:TrackPointExtension>
        </extensions>
      </trkpt>
      <trkpt lat="39.88838149875387" lon="116.34329435084047">
        <ele>34.8</ele>
        <time>2026-09-16T23:06:03.973000Z</time>
        <extensions>
          <gpxtpx:TrackPointExtension>
            <gpxtpx:hr>150</gpxtpx:hr>
          </gpxtpx:TrackPointExtension>
        </extensions>
      </trkpt>
      <trkpt lat="39.88844949729424" lon="116.34329334433697">
        <ele>34.8</ele>
        <time>2026-09-16T23:06:05.973000Z</time>
        <extensions>
          <gpxtpx:TrackPointExtension>
            <gpxtpx:hr>150</gpxtpx:hr>
          </gpxtpx:TrackPointExtension>
        </extensions>
      </trkpt>
      <trkpt lat="39.88851550289324" lon="116.34328834646573">
        <ele>34.7</ele>
        <time>2026-09-16T23:06:07.973000Z</time>
        <extensions>
          <gpxtpx:TrackPointExtension>
            <gpxtpx:hr>150</gpxtpx:hr>
          </gpxtpx:TrackPointExtension>
        </extensions>
      </trkpt>
      <trkpt lat="39.888574507081884" lon="116.34328434738512">
        <ele>34.7</ele>
        <time>2026-09-16T23:06:09.973000Z</time>
        <extensions>
          <gpxtpx:TrackPointExtension>
            <gpxtpx:hr>152</gpxtpx:hr>
          </gpxtpx:TrackPointExtension>
        </extensions>
      </trkpt>
      <trkpt lat="39.88862551338876" lon="116.34327935141144">
        <ele>34.7</ele>
        <time>2026-09-16T23:06:11.973000Z</time>
        <extensions>
          <gpxtpx:TrackPointExtension>
            <gpxtpx:hr>152</gpxtpx:hr>
          </gpxtpx:TrackPointExtension>
        </extensions>
      </trkpt>
      <trkpt lat="39.88867351983767" lon="116.34327435581761">
        <ele>34.8</ele>
        <time>2026-09-16T23:06:13.973000Z</time>
        <extensions>
          <gpxtpx:TrackPointExtension>
            <gpxtpx:hr>151</gpxtpx:hr>
          </gpxtpx:TrackPointExtension>
        </extensions>
      </trkpt>
      <trkpt lat="39.888720528075744" lon="116.343268362446">
        <ele>34.8</ele>
        <time>2026-09-16T23:06:15.973000Z</time>
        <extensions>
          <gpxtpx:TrackPointExtension>
            <gpxtpx:hr>151</gpxtpx:hr>
          </gpxtpx:TrackPointExtension>
        </extensions>
      </trkpt>
      <trkpt lat="39.88876853452661" lon="116.34326336685326">
        <ele>34.9</ele>
        <time>2026-09-16T23:06:17.973000Z</time>
        <extensions>
          <gpxtpx:TrackPointExtension>
            <gpxtpx:hr>151</gpxtpx:hr>
          </gpxtpx:TrackPointExtension>
        </extensions>
      </trkpt>
      <trkpt lat="39.888817539190065" lon="116.34325936903913">
        <ele>34.9</ele>
        <time>2026-09-16T23:06:19.973000Z</time>
        <extensions>
          <gpxtpx:TrackPointExtension>
            <gpxtpx:hr>151</gpxtpx:hr>
          </gpxtpx:TrackPointExtension>
        </extensions>
      </trkpt>
      <trkpt lat="39.88886654211288" lon="116.34325636912976">
        <ele>34.9</ele>
        <time>2026-09-16T23:06:21.973000Z</time>
        <extensions>
          <gpxtpx:TrackPointExtension>
            <gpxtpx:hr>151</gpxtpx:hr>
          </gpxtpx:TrackPointExtension>
        </extensions>
      </trkpt>
      <trkpt lat="39.88891654324798" lon="116.34325436699855">
        <ele>34.8</ele>
        <time>2026-09-16T23:06:23.973000Z</time>
        <extensions>
          <gpxtpx:TrackPointExtension>
            <gpxtpx:hr>151</gpxtpx:hr>
          </gpxtpx:TrackPointExtension>
        </extensions>
      </trkpt>
      <trkpt lat="39.88896754085381" lon="116.34325436054978">
        <ele>34.8</ele>
        <time>2026-09-16T23:06:25.973000Z</time>
        <extensions>
          <gpxtpx:TrackPointExtension>
            <gpxtpx:hr>152</gpxtpx:hr>
          </gpxtpx:TrackPointExtension>
        </extensions>
      </trkpt>
      <trkpt lat="39.88901753676571" lon="116.34325535213188">
        <ele>34.7</ele>
        <time>2026-09-16T23:06:27.973000Z</time>
        <extensions>
          <gpxtpx:TrackPointExtension>
            <gpxtpx:hr>152</gpxtpx:hr>
          </gpxtpx:TrackPointExtension>
        </extensions>
      </trkpt>
      <trkpt lat="39.889066530983676" lon="116.34325734174489">
        <ele>34.7</ele>
        <time>2026-09-16T23:06:29.973000Z</time>
        <extensions>
          <gpxtpx:TrackPointExtension>
            <gpxtpx:hr>153</gpxtpx:hr>
          </gpxtpx:TrackPointExtension>
        </extensions>
      </trkpt>
      <trkpt lat="39.88911352529608" lon="116.34325933161088">
        <ele>34.7</ele>
        <time>2026-09-16T23:06:31.973000Z</time>
        <extensions>
          <gpxtpx:TrackPointExtension>
            <gpxtpx:hr>153</gpxtpx:hr>
          </gpxtpx:TrackPointExtension>
        </extensions>
      </trkpt>
      <trkpt lat="39.88915951617327" lon="116.34326331741252">
        <ele>34.6</ele>
        <time>2026-09-16T23:06:33.973000Z</time>
        <extensions>
          <gpxtpx:TrackPointExtension>
            <gpxtpx:hr>153</gpxtpx:hr>
          </gpxtpx:TrackPointExtension>
        </extensions>
      </trkpt>
      <trkpt lat="39.88920650700434" lon="116.34326730308803">
        <ele>34.6</ele>
        <time>2026-09-16T23:06:35.973000Z</time>
        <extensions>
          <gpxtpx:TrackPointExtension>
            <gpxtpx:hr>152</gpxtpx:hr>
          </gpxtpx:TrackPointExtension>
        </extensions>
      </trkpt>
      <trkpt lat="39.88925549774242" lon="116.34327128851093">
        <ele>35.0</ele>
        <time>2026-09-16T23:06:37.973000Z</time>
        <extensions>
          <gpxtpx:TrackPointExtension>
            <gpxtpx:hr>152</gpxtpx:hr>
          </gpxtpx:TrackPointExtension>
        </extensions>
      </trkpt>
      <trkpt lat="39.88930348852817" lon="116.34327527406059">
        <ele>35.0</ele>
        <time>2026-09-16T23:06:39.973000Z</time>
        <extensions>
          <gpxtpx:TrackPointExtension>
            <gpxtpx:hr>153</gpxtpx:hr>
          </gpxtpx:TrackPointExtension>
        </extensions>
      </trkpt>
      <trkpt lat="39.88935048110263" lon="116.34327826183205">
        <ele>35.0</ele>
        <time>2026-09-16T23:06:41.973000Z</time>
        <extensions>
          <gpxtpx:TrackPointExtension>
            <gpxtpx:hr>153</gpxtpx:hr>
          </gpxtpx:TrackPointExtension>
        </extensions>
      </trkpt>
      <trkpt lat="39.88939447207726" lon="116.34328224788801">
        <ele>34.9</ele>
        <time>2026-09-16T23:06:43.973000Z</time>
        <extensions>
          <gpxtpx:TrackPointExtension>
            <gpxtpx:hr>153</gpxtpx:hr>
          </gpxtpx:TrackPointExtension>
        </extensions>
      </trkpt>
      <trkpt lat="39.889439464746694" lon="116.34328523591277">
        <ele>34.9</ele>
        <time>2026-09-16T23:06:45.973000Z</time>
        <extensions>
          <gpxtpx:TrackPointExtension>
            <gpxtpx:hr>153</gpxtpx:hr>
          </gpxtpx:TrackPointExtension>
        </extensions>
      </trkpt>
      <trkpt lat="39.88948545562902" lon="116.34328922171635">
        <ele>34.9</ele>
        <time>2026-09-16T23:06:47.973000Z</time>
        <extensions>
          <gpxtpx:TrackPointExtension>
            <gpxtpx:hr>153</gpxtpx:hr>
          </gpxtpx:TrackPointExtension>
        </extensions>
      </trkpt>
      <trkpt lat="39.889533448159305" lon="116.34329220936213">
        <ele>34.9</ele>
        <time>2026-09-16T23:06:49.973000Z</time>
        <extensions>
          <gpxtpx:TrackPointExtension>
            <gpxtpx:hr>150</gpxtpx:hr>
          </gpxtpx:TrackPointExtension>
        </extensions>
      </trkpt>
      <trkpt lat="39.88958344407827" lon="116.34329320094476">
        <ele>34.9</ele>
        <time>2026-09-16T23:06:51.973000Z</time>
        <extensions>
          <gpxtpx:TrackPointExtension>
            <gpxtpx:hr>150</gpxtpx:hr>
          </gpxtpx:TrackPointExtension>
        </extensions>
      </trkpt>
      <trkpt lat="39.88963444169184" lon="116.34329319449573">
        <ele>34.7</ele>
        <time>2026-09-16T23:06:53.973000Z</time>
        <extensions>
          <gpxtpx:TrackPointExtension>
            <gpxtpx:hr>150</gpxtpx:hr>
          </gpxtpx:TrackPointExtension>
        </extensions>
      </trkpt>
      <trkpt lat="39.88968343591794" lon="116.34329518411">
        <ele>34.7</ele>
        <time>2026-09-16T23:06:55.973000Z</time>
        <extensions>
          <gpxtpx:TrackPointExtension>
            <gpxtpx:hr>150</gpxtpx:hr>
          </gpxtpx:TrackPointExtension>
        </extensions>
      </trkpt>
      <trkpt lat="39.88972942854421" lon="116.34329817200899">
        <ele>34.6</ele>
        <time>2026-09-16T23:06:57.973000Z</time>
        <extensions>
          <gpxtpx:TrackPointExtension>
            <gpxtpx:hr>150</gpxtpx:hr>
          </gpxtpx:TrackPointExtension>
        </extensions>
      </trkpt>
      <trkpt lat="39.8897734230053" lon="116.34330016225569">
        <ele>34.6</ele>
        <time>2026-09-16T23:06:59.973000Z</time>
        <extensions>
          <gpxtpx:TrackPointExtension>
            <gpxtpx:hr>149</gpxtpx:hr>
          </gpxtpx:TrackPointExtension>
        </extensions>
      </trkpt>
      <trkpt lat="39.889819424336224" lon="116.34329816062825">
        <ele>34.6</ele>
        <time>2026-09-16T23:07:01.973000Z</time>
        <extensions>
          <gpxtpx:TrackPointExtension>
            <gpxtpx:hr>149</gpxtpx:hr>
          </gpxtpx:TrackPointExtension>
        </extensions>
      </trkpt>
      <trkpt lat="39.889866427361724" lon="116.3432951609692">
        <ele>34.7</ele>
        <time>2026-09-16T23:07:03.973000Z</time>
        <extensions>
          <gpxtpx:TrackPointExtension>
            <gpxtpx:hr>149</gpxtpx:hr>
          </gpxtpx:TrackPointExtension>
        </extensions>
      </trkpt>
      <trkpt lat="39.88991542681279" lon="116.3432941568678">
        <ele>34.7</ele>
        <time>2026-09-16T23:07:05.973000Z</time>
        <extensions>
          <gpxtpx:TrackPointExtension>
            <gpxtpx:hr>150</gpxtpx:hr>
          </gpxtpx:TrackPointExtension>
        </extensions>
      </trkpt>
      <trkpt lat="39.88996341760725" lon="116.343298142419">
        <ele>34.7</ele>
        <time>2026-09-16T23:07:07.973000Z</time>
        <extensions>
          <gpxtpx:TrackPointExtension>
            <gpxtpx:hr>150</gpxtpx:hr>
          </gpxtpx:TrackPointExtension>
        </extensions>
      </trkpt>
      <trkpt lat="39.890010408449186" lon="116.34330212809692">
        <ele>34.7</ele>
        <time>2026-09-16T23:07:09.973000Z</time>
        <extensions>
          <gpxtpx:TrackPointExtension>
            <gpxtpx:hr>150</gpxtpx:hr>
          </gpxtpx:TrackPointExtension>
        </extensions>
      </trkpt>
      <trkpt lat="39.89005639933858" lon="116.34330611390162">
        <ele>34.7</ele>
        <time>2026-09-16T23:07:11.973000Z</time>
        <extensions>
          <gpxtpx:TrackPointExtension>
            <gpxtpx:hr>150</gpxtpx:hr>
          </gpxtpx:TrackPointExtension>
        </extensions>
      </trkpt>
      <trkpt lat="39.89010039728436" lon="116.34330610833763">
        <ele>34.7</ele>
        <time>2026-09-16T23:07:13.973000Z</time>
        <extensions>
          <gpxtpx:TrackPointExtension>
            <gpxtpx:hr>150</gpxtpx:hr>
          </gpxtpx:TrackPointExtension>
        </extensions>
      </trkpt>
      <trkpt lat="39.89014240228645" lon="116.34330211140495">
        <ele>34.7</ele>
        <time>2026-09-16T23:07:15.973000Z</time>
        <extensions>
          <gpxtpx:TrackPointExtension>
            <gpxtpx:hr>148</gpxtpx:hr>
          </gpxtpx:TrackPointExtension>
        </extensions>
      </trkpt>
      <trkpt lat="39.890182409123284" lon="116.34329711682025">
        <ele>34.4</ele>
        <time>2026-09-16T23:07:17.973000Z</time>
        <extensions>
          <gpxtpx:TrackPointExtension>
            <gpxtpx:hr>148</gpxtpx:hr>
          </gpxtpx:TrackPointExtension>
        </extensions>
      </trkpt>
      <trkpt lat="39.89021941261922" lon="116.34329411842577">
        <ele>34.4</ele>
        <time>2026-09-16T23:07:19.973000Z</time>
        <extensions>
          <gpxtpx:TrackPointExtension>
            <gpxtpx:hr>148</gpxtpx:hr>
          </gpxtpx:TrackPointExtension>
        </extensions>
      </trkpt>
      <trkpt lat="39.89026440703839" lon="116.34329610854572">
        <ele>34.4</ele>
        <time>2026-09-16T23:07:21.973000Z</time>
        <extensions>
          <gpxtpx:TrackPointExtension>
            <gpxtpx:hr>148</gpxtpx:hr>
          </gpxtpx:TrackPointExtension>
        </extensions>
      </trkpt>
      <trkpt lat="39.890316401131635" lon="116.34329809778053">
        <ele>34.8</ele>
        <time>2026-09-16T23:07:23.973000Z</time>
        <extensions>
          <gpxtpx:TrackPointExtension>
            <gpxtpx:hr>148</gpxtpx:hr>
          </gpxtpx:TrackPointExtension>
        </extensions>
      </trkpt>
      <trkpt lat="39.89037139856713" lon="116.34329809082547">
        <ele>34.8</ele>
        <time>2026-09-16T23:07:25.973000Z</time>
        <extensions>
          <gpxtpx:TrackPointExtension>
            <gpxtpx:hr>148</gpxtpx:hr>
          </gpxtpx:TrackPointExtension>
        </extensions>
      </trkpt>
      <trkpt lat="39.89042040498685" lon="116.34329309510305">
        <ele>35.3</ele>
        <time>2026-09-16T23:07:27.973000Z</time>
        <extensions>
          <gpxtpx:TrackPointExtension>
            <gpxtpx:hr>148</gpxtpx:hr>
          </gpxtpx:TrackPointExtension>
        </extensions>
      </trkpt>
      <trkpt lat="39.89046541855765" lon="116.34328410826689">
        <ele>35.3</ele>
        <time>2026-09-16T23:07:29.973000Z</time>
        <extensions>
          <gpxtpx:TrackPointExtension>
            <gpxtpx:hr>148</gpxtpx:hr>
          </gpxtpx:TrackPointExtension>
        </extensions>
      </trkpt>
      <trkpt lat="39.890507432270034" lon="116.34327512181171">
        <ele>35.3</ele>
        <time>2026-09-16T23:07:31.973000Z</time>
        <extensions>
          <gpxtpx:TrackPointExtension>
            <gpxtpx:hr>148</gpxtpx:hr>
          </gpxtpx:TrackPointExtension>
        </extensions>
      </trkpt>
      <trkpt lat="39.89054844254824" lon="116.34326813129391">
        <ele>34.1</ele>
        <time>2026-09-16T23:07:33.973000Z</time>
      </trkpt>
      <trkpt lat="39.89054844254824" lon="116.34326813129391">
        <ele>34.1</ele>
        <time>2026-09-16T23:07:35.973000Z</time>
      </trkpt>
    </trkseg>
  </trk>
</gpx>